tailandés,español,หมายเหตุ
"""ต้องเป็นแค่ลมแน่ ๆ"" Elisa กล่าวหลังจากได้ยินเสียงปิดประตูดังปัง","""Habrá sido el viento"", dijo Elisa tras haber escuchado un portazo.",
Marcos ไม่ถนัดทำงานเป็นทีม,A Marcos le cuesta trabajar en equipo.,
Marisa รู้สึกแย่ที่สามีของเธอทำงานตอนกลางคืน,A Marisa le parece mal que su marido trabaje de noche.,
ในการที่จะประสบความสำเร็จจำเป็น(h+f)ที่จะต้องลงแรง,A fin de tener éxito hace falta esforzarse.,
โต๊ะตัวนี้ขาหายไปข้างหนึ่ง,A la mesa le falta una pata.,
สำหรับฉันแล้วในทีวีมีแต่เรื่องไร้สาระ(t),A mí me parece que en la televisión solo ponen tonterías.,
สำหรับฉันแล้วฉันไม่ว่าสื่อทีวีมันไม่ได้แย่ขนาดนั้น (ยัง)มีสารคดีดี ๆ เป็นต้น,"A mí no me parece que la televisión esté tan mal, hay documentales muy buenos, por ejemplo.",
เขาเปิดหนังสือและพลิกหน้าไปแบบผ่าน ๆ รวดเร็ว (v),Abrió el libro y pasó las páginas a vuelapluma.,- pretérito indefinido
เพิ่งปาร์ตี้เสร็จจนถึงเช้าก็ไปทำงานต่อเลยโดยไม่ได้นอน,Acabo de salir de fiesta y me voy de empalmada al curro.,- presente
พวกเราจะยอมรับการย้ายไปยังอาคารใหม่ <u>ก็ต่อเมื่อ</u>พวกเขาจ่ายค่าเดินทางด้วยเท่านั้น,Aceptaremos el traslado al nuevo edificio solo si nos pagan el transporte.,"- ใช้ ""solo si"""
โชคดีฉันเจองานใหม่ตอนบริษัทกำลังเกือบจะล้มละลายพอดี,Afortunadamente encontré un nuevo trabajo cuando la empresa estaba al borde de la quiebra.,- pasado
จับพวงมาลัยให้แน่นและมีสมาธิระหว่างขับรถ,Aférrate al volante y concéntrate cuando conduzcas.,
ไม่เป็น<u>ดังแผน</u>ที่นายกคาดไว้ เขาจึงลาออก,"Al primer ministro le salió el tiro por la culata con su plan, así que renunció.",ใช้สำนวนยิงปืน
เมื่อเห็นสถานการณ์ความเป็นอยู่ของความยากจนของผู้คน เขาก็รู้สึกไม่สบายใจ,"Al ver la situación de pobreza de la gente, le entró el desasosiego.",- pretérito indefinido
มีคนขับมาชน ทำให้รถฉันมีรอยยุบที่กระโปรงรถ,Alguien me ha dado un golpe y mi coche tiene una abolladura en el capó.,
Ana คิดแผนที่จะทำให้พี่สาวของเธอเชื่อว่า Fernando นอกใจ,Ana se inventó una intriga para que su hermana creyera que Fernando le estaba engañando.,- pasado
Ana หนีรถติดด้วยการข้ามไปทางลัด,Ana sorteó el atasco atravesando por un atajo.,- หนี (s)
ฉันพนันกับ Alberto ด้วยการเลี้ยงอาหารเย็นหนึ่งมื้อ ว่าคนที่จะได้เลื่อนขั้นคือฉัน,Aposté una cena con Alberto a que el ascenso sería para mí.,pretérido indefinido
เขาเร่งลูก ๆ (n)ของเขาให้ไปโรงเรียน(e)เพื่อที่จะไม่ไปสายในวันแรก,Apresuró a sus niños a la escuela para que no llegaran tarde el primer día.,- pretérito indefinido
ฉันท้าเลยว่า Nicolás ต้องมาสายเหมือนทุกครั้งแน่ ๆ,Apuesto a que Nicolás llega tarde como siempre.,
พวกเขาทรมานนักโทษจนกว่าจะรับสารภาพ,Atormentaron al prisionero hasta que confesó.,- pretérito indefinido<br>- นักโทษเป็นเอกพจน์
แม้ว่าอากาศจะหนาวลูคัสถอดเสื้อของเขาออกเพื่อโชว์เรือนร่างอันสวยงาม,"Aunque hacía frío, Lucas se quitó la camiseta para lucir el palmito.",- pasado
แม้จะดูเหมือนไม่ใช่ (แต่)ผู้ชายคนนั้นเป็นเศรษฐี,"Aunque no lo aparenta, ese hombre es millonario.",
เมื่อวานฉันเจอ Juan ระหว่างทางไปทำงาน ไม่ได้เจอเขานานมากแล้ว,"Ayer di con Juan en camino al trabajo, hacía mucho no lo veía.",- pasado
เมื่อวานนี้กลุ่มผู้ประท้วงได้ปิดถนนหลายเส้นบริเวณใจกลางเมือง,Ayer los manifestantes cortaron varias calles del centro de la ciudad.,
เมื่อวานได้รับการยืนยันถึงข่าวการอับปาง(แตกหัก)ของเรือลำหนึ่งที่แนวชายฝั่งกาลิเซีย,Ayer se confirmó la noticia de la rotura de un barco frente de la costa gallega.,- pretérito indefinido
เรากำลังหาคน(พหู)ที่เคยทำงานในสายงานนี้,Buscamos personas que hayan trabajado en este sector.,
เสียสละที่นั่งของเธอในรถบัสให้ผู้สูงอายุหรือสตรีมีครรภ์นะ,Cede tu asiento en el autobús a ancianos o mujeres embarazadas.,
กว่าร้อยคนเข้าร่วมงานเลี้ยงอันแสนจะฟุ่มเฟือยของดาราดัง,Cientos de personas acudieron a la fatuosa fiesta de la superestrella.,- pretérito indefinido
ห้าบวกสองเท่ากับเจ็ด,Cinco y dos son siete.,
เจอหลุมแล้วฉันก็เลยล้มจากจักรยาน,Cogí el bache y me caí de la bicicleta.,- pretérito indefinido
เนื่องจากในขบวนรถเต็มไปด้วยควัน ผู้โดยสารจึงหนีออกมาโดยใช้ผ้าปิดจมูก,"Como el humo llenaba el vagón, los pasajeros salieron de él tapándose la nariz con un pañuelo.",
ด้วยความเปลี่ยนแปลงมากมาย โครงการจึงได้ถอยกลับไปตั้งหลัก,"Con tanto cambio, el proyecto ha ido en retroceso.",
ถ้า(ตอนที่)เติมน้ำจนปริ่มขวดแล้วให้ปิดฝาแล้วเอาไปใส่ตู้เย็นนะ,"Cuando hayas repletado la botella con agua, ciérrala y guárdala en la nevera.",
พอเป็นตอนมื้ออาหารกับครอบครัวแล้ว พ่อแม่ของฉันไม่เคยหวงอาหารจานของพวกเขาเลย,"Cuando se trata de una comida familiar, mis padres nunca escatiman la comida.",
ตอนที่ลูกเลี้ยงของเธอมาบ้านในหน้าหนาว พวกเขาใส่เสื้อโค้ตสีเทาเรียบด้วยเสมอ,"Cuando tus ahijados vienen a casa en invierno, siempre llevan unos sencillos abrigos grises.",
ซีซาร์เทิดพระเกียรติแด่พระเจ้าทั้งหลายหลังจาก(จบ)สงคราม(การปะทะ),César rindió homenaje a los dioses después de la batalla.,- pretérito indefinido
ในบรรดาผู้สมัคร(หญิง)ทั้งหมด จะทำการเลือกผู้ที่มีประวัติที่ดีที่สุด,"De entre todas las candidatas, elegirán a la que tenga el mejor currículum.",
เนื่องจากเหตุก๊าซจากโรงงานผลิตเหล็กรั่ว 16 คนถูกนำส่งโรงพยาบาล โดยในนั้นมี 2 คนถูกพบอยู่ในสภาวะหมดสติ,"Debido al escape de gas producido en la fábrica siderúrgica, dieciséis personas fueron llevadas al hospital, dos de las cuales se encuentran en estado de inconsciencia.",
ตั้งแต่การปฏิวัติอุตสาหกรรม เครื่องจักรได้เข้ามาทำงานหนัก ๆ และให้เราได้มีเวลาในกิจกรรมที่ทำให้เรารู้สึกประสบความสำเร็จได้,"Desde la revolución industrial, las máquinas se encargan de los trabajos pesados y nos permiten ocupar nuestro tiempo en actividades que nos hacen sentir realizados.",
พอฉันได้กินสตูว์นั้นแล้วก็เกิดอาการคลื่นไส้(a) และต้องการจะอ้วก,Desde que comí ese guiso tengo angustia y necesito vomitar.,- pretérito indefinido / presente
ตั้งแต่ฉันบอกเขาว่าห้ามออกไปข้างนอก เขาก็ไม่หยุดทำท่าฟึดฟัด,"Desde que le dije que no podía salir, no paró de refunfuñar.",- pasado
ตั้งแต่พวกเขาทิ้งฉันไป ฉันก็หลุดพ้นจากอารมณ์ห่อเหี่ยวนี่ไม่ได้สักที,"Desde que me dejaron, no logro salir de este bache.",
หลังจากใส่ส้นสูงมาหลายปี ฉันก็มีตาปลาที่เท้า,"Después de años llevando tacones, me ha salido un juanete en el pie.",ส้นสูงทิ้งให้ฉันมีตาปลาที่เท้า
หลังจากวิ่งมาหนึ่งชั่วโมง ฉันกลับมาถึงบ้านหายใจเหนื่อยหอบและมีเหงื่อออก,"Después de correr durante una hora, he llegado a casa jadeando y sudando.",
หลังจากไปลาสเวกัส ฉันเป็นหนี้ไปสามพันดอลลาร์,Después de ir a Las Vegas tengo una deuda de tres mil dólares.,
หลังจากไล่กันอยู่นาน ตำรวจก็สามารถจับ(a)โจร(เอก)ได้,"Después de una larga persecución, la policía logró agarrar al ladrón.",
หลังจากค่ำคืนอันแสนครึกครื้น ชายหนุ่มที่เมาสองคนกลับมาถึงบ้านเวลาฟ้าสาง,"Después de una noche movida, dos borrachos regresan a casa a primera hora de la mañana.",
ว่ากันว่าในเกาะแห่งนี้มีสมบัติของโจรสลัดถูกฝังอยู่,Dicen que en esta isla está enterrado el botín de un pirata.,
เถียงกับคนโง่(h)เหมือนตำน้ำพริกละลายแม่น้ำ,Discutir con un huevón es como arar en el mar.,
ขอโทษครับที่มาสาย พอดีผมติดประชุม,Discúlpenme por llegar tarde. Me demoré en una reunión.,- ขอโทษกับ ustedes
ในระหว่างงานเลี้ยงงานแต่งงาน เป็นเรื่องปกติที่แขกจะเอาซองจดหมายใส่เงินเอาให้คู่เจ้าบ่าวเจ้าสาวใหม่นี้เพื่อเป็นของขวัญงานแต่ง,"Durante el banquete, es normal que los invitados les den a los recién casados sobres con dinero como regalo de bodas.",
สภาประเทศอังกฤษเป็นสถาบันแห่งหนึ่งที่มีอายุยืนยาว,El Parlamento británico es una longeva institución.,
คุณปู่ไขลานนาฬิกา<b><u>เรือนเก่า</u></b>ข้างผนังทุก ๆ คืน,El abuelo le da cuerda al viejo reloj de pared todas las noches.,
แหล่งน้ำไม่ได้มีคุณภาพที่ต้องการเพราะสสารจากอุตสาหกรรมมีการรั่วไหลไปยังน้ำใต้ดิน,El agua de origen no tiene la calidad deseable porque se filtran en el agua subterránea substancias industriales.,
น้ำประปาจากก๊อก แม้จะปลอดภัย แต่สามารถมี(r)คุณภาพที่ไม่ดีและมีผลกระทบต่อสุขภาพของเรา,"El agua del grifo, aunque segura, puede resultar de no muy buena calidad y repercutir en nuestra salud.",
น้ำประปาครัวเรือนโดยหลักแล้วมาจากแหล่งน้ำตื้น (พื้นผิว),El agua doméstica proviene fundamentalmente de fuentes superficiales.,
น้ำที่ออกมาจากก๊อกมีสีขุ่นเพราะว่าท่อน้ำเป็นสนิม,El agua que sale del grifo está turbia porque las tuberías están oxidadas.,- presente<br>- ท่อน้ำเป็นพหูพจน์
อากาศหนาวจัดที่เทือกเขาหิมาลัยทำให้นิ้วของพวกเขาแข็งไปหมด,El aire gélido del Himalaya les congeló los dedos.,pretérito indefinido
นายกเทศมนตรีได้เปิดโรงพยาบาลรัฐแห่งใหม่,El alcalde inauguró un hospital público.,pretérito indefinido
เครื่องบินถึงก่อนกำหนด,El avión aterrizó antes de lo previsto.,pretérito indefinido
เครื่องบินเทคออฟตอนสามโมงตรง,El avión despegó a las tres en punto.,- pretérito indefinido
เทศบาลได้แจกแผ่นพับที่รวบรวมความรู้พื้นฐานเมื่อต้องเผชิญกับวิกฤตหลากหลายประเภทไม่ว่าจะเป็นแผ่นดินไหว น้ำท่วม และการก่อการร้าย,"El ayuntamiento ha publicado un folleto que reúne los conocimientos básicos para afrontar diversos tipos de crisises como el terremoto, la inundación, y los atentados terroristas.",
เรือล่องลอยไป(อย่างไร้จุดหมาย),El barco iba a la deriva.,- pretérito imperfecto
แซนวิชนี้มีวัตถุดิบหลายอย่างจนใครกินมันก็เลยไม่ย่อย,El bocadillo tenía tantos ingredientes que empachó a quienes lo comieron.,อดีต
รถบรรทุกไถลเนื่องจาก(พื้นผิวเป็น)น้ำแข็งและพลิกคว่ำ,El camión derrapó a causa del hielo y volcó.,- pretérito indefinido<br>- เนื่องจาก: เป็นเหตุมาจาก
ผู้สมัครได้รับการสนับสนุนจากกลุ่มชนชั้นสูง,El candidato tenía el apoyo del grupo aristocrático.,- pretérito imperfecto
<u>ฟ้า</u>เปิด<sub>ฟ้าสว่าง d~</sub> แต่ก็ยังคง<u>ค่อนข้าง</u>หนาวอยู่,El cielo se despejó pero seguía haciendo bastante frío.,อดีต
รถสตาร์ทไม่ติด แบตฯ น่าจะหมดแล้ว,"El coche no arranca, debe estar sin batería.",
ดาราตลกล้อเลียนสำเนียงใต้ของนักการเมือง,El cómico se burla del acento sureño del político.,
นักตกแต่งได้ซื้อเบาะหลายสี(ที่ต่างกัน)สำหรับโซฟา,El decorador ha comprado cojines de diferentes colores para el sofá.,
นักสืบติดตามชายคนนั้นทุก ๆ การเคลื่อนไหวเพื่อตรวจสอบว่าเขาพูดความจริงหรือไม่,El detective acechó al hombre en cada uno de sus movimientos para comprobar si decía la verdad.,- pasado
การปราศรัย(d)ของผู้นำการเมืองนั้นเหมือนพูดอะไรไม่รู้มั่ว ๆ จริง ๆ เลย แม้แต่เขาเองก็ไม่รู้ว่าตัวเองกำลังพูดอะไรอยู่,El discurso del líder político era un verdadero galimatías. Ni él sabía lo que estaba diciendo.,- pretérito imperfecto
ในวันพิพากษา ผู้พิพากษาไม่อยู่,"El día del judicio, el juez no estaba.",
กองทัพทำการปราบกบฏ,El ejército ha sometido a los rebeldes.,- perfecto
"ท้องครรภ์จะ<b style=""text-decoration-line: underline;"">เริ่ม</b>สังเกตเห็นได้ชัดที่สี่หรือห้าเดือน",El embarazo empieza a notarse a los cuatro o cinco meses.,
เงินยูโรเด้ง<b><u>ฟื้นตัวคืนมา</u></b>จากการตกต่ำเป็นเวลาหก<b><u>สัปดาห์</u></b>,"El euro ha rebotado, recuperándose de seis semanas de bajas.",- perfecto
เจ้าหน้าที่<sub>(เอก)</sub>เรือนจำเฝ้าระวังนักโทษระหว่างการเคลื่อนย้ายเพื่อไม่ให้หนี(e)ไปได้,El funcionario de prisiones custodia al preso durante su transporte para que no se escape.,- presente
ผู้บริหารได้มอบหมายโครงการใหม่ให้กับพนักงานสามคน,El gerente ha adscrito tres empleados al nuevo proyecto.,- perfecto
รัฐบาลจะทำการประชุมอย่างเร่งด่วนเพื่อที่<u>จะ</u>ปรึกษาหารือเกี่ยวกับวิธีป้องกันโรคไข้เลือดออก,El gobierno celebrará urgentemente una reunión en la que se discutirán las medidas preventivas para el dengue.,"เชื่อมด้วย ""ซึ่งในการประชุมนั้น"""
บอดี้การ์ดเฝ้าระวังนักร้องเพื่อไม่ให้ใครเข้าไปใกล้เขาได้,El guardaespaldas custodió al cantante para que nadie se acercara a él.,- pretérito indefinido
ผู้ชาย(คนนี้)พูดจานุ่มนวลด้วยเสียงอันไพเราะ (และ)ทุกคนจึงฟังเขา,"El hombre habló suavemente con una voz melódica, y todos lo escucharon.",pretérito indefinido
อารมณ์ของ Miguel นั้นคาดเดาไม่ได้<u>เลย</u> ขึ้นอยู่กับวัน,El humor de Miguel es totalmente imprevisible. Depende del día.,
ชาวสวนกำลังดึงหญ้าในสวน,El jardinero está arrancando las hierbas del jardín.,
เจ้านายเร่งให้ทีมของเขา<b><u><i>เพื่อ</i></u></b>ให้พวกเขาปิด(t)โครงการ,El jefe apremia a su equipo para que terminen el proyecto.,- <b><i><u>presente</u></i></b>
เจ้านายกระตุ้นเพื่อนร่วมงาน(!~ñ)ของเขาให้ทำงานด้วยความทุ่มเททั้งหมด,El jefe exhortó a sus colaboradores a poner todo su afán en el trabajo.,
โจรเร่งความเร็วรถเมื่อรู้ว่าตำรวจกำลังตามเขาอยู่,El ladrón aceleró el coche al percatar que la policía lo seguía.,- pasado
โจรหน้าซีดตอนเขารู้ตัวว่ากำลังปล้นตำรวจอยู่,El ladrón palideció cuando se dio cuenta de que estaba robando a un policía.,- pretérito indefinido
ชายฝั่ง(!c)กาลิเซียปนเปื้อนไปด้วยยางมะตอย<b><u><i>กว่า</i></u></b>เจ็ดหมื่นตันหลังจากเกิดเหตุเรืออับปาง,El litoral gallego está contaminado por más de setenta mil toneladas de chapapote tras el naufragio.,
ลูกหมาป่าเข้าไปรวมกับฝูง,El lobezno se reunió con la manada.,- pretérito indefinido
คุณครู(m)บอกว่าใครที่แก้ปัญหาเชาว์ได้คนแรกจะได้รับรางวัล(หนึ่ง),El maestro dijo que quien solucionara primero el acertijo tendría un premio.,- pasado
วัสดุของเก้าอี้เหล่านี้นั้นทนทานมาก,El material de estas sillas es muy tenaz.,
ตลาดเป็นสถานที่คึกคักไปด้วยผู้คน,El mercado es un hervidero de gente.,
รอยกัดที่หนูแฮมสเตอร์เคยกัดฉันกลายเป็นรอยแผลเป็นที่นิ้วมือ,El mordisco que me dio el hámster me dejó una marca en el dedo.,ไม่ใช่แผลเป็น
ยางรถระเบิดเพราะเป่าลมมากเกินไป,El neumático reventó porque estaba inflado en exceso.,- pasado
เด็ก(nช)กรีดร้องด้วยความเจ็บปวดเมื่อหัวเข่าถลอก,El niño chillaba de dolor cuando se lastimó la rodilla.,"- pretérito imperfecto, pretérito indefinido"
เด็ก(ช)แกล้งทำเป็นหลับตอนที่แม่เขาเปิดประตูเข้าไปในห้อง,"El niño fingió estar dormido cuando su madre abrió la puerta de su cuarto. ",
เด็กผู้ชาย(n)โยนหิน(พหู)ลงไปในน้ำ,El niño ha arrojado piedras al agua.,- perfecto
เด็ก(ช)ทำแจกันแตก ก็เลยพยายามซ่อมมันด้วยกาว แต่ออกมาดูไม่เนียน,"El niño rompió el jarrón, e intentó arreglarlo con pegamento pero no da el pego.","- ใช้สำนวน ""เนียน""<br>- pretérito indefinido, presente<br>- แจกัน jarrón"
สมาชิกใหม่ปรับตัวเข้ากับทีม<b><u><i>ทำงาน</i></u></b>ได้เกือบจะทันที,El nuevo miembro se ha acoplado al equipo de trabajo casi de inmediato.,- perfecto
ทันตแพทย์ให้ยาชาแก่คนไข้ก่อนที่จะถอนฟันกรามออกหนึ่งซี่,El odontólogo anestesió al paciente antes de extraerle una muela.,
ผู้พูดกระแอมก่อนที่จะเริ่มบรรยาย(d),El orador carraspeó antes de empezar su discurso.,- pretérito indefinido
คนไข้ประสาทหลอนและพูดเรื่องไร้สาระ,El paciente alucinaba y decía cosas sin sentido.,
ยอดปาล์มมีต้นกำเนิดมาจากชายฝั่งทะเลเมดิเตอร์เรเนียน,El palmito es originario de las costas del mar Mediterráneo.,
ประเทศค่อย ๆ ปรับเปลี่ยนอย่างช้า ๆ ไปยังระบบพลังงานหมุนเวียน,El país realizó una transición paulatina hacia los sistemas de energía renovable.,- pretérito indefinido<br>- ใช้การปรับเปลี่ยนอย่างช้า<br>
หมาขุดหลุมในสวนเพื่อที่จะซ่อนกระดูก,El perro excavó un hoyo en el jardín para esconder un hueso.,
ตัวละครที่โดนดูถูกมากที่สุดในหนังสือนั้นกลับกลายเป็นฮีโร่ของเนื้อเรื่อง,El personaje más menospreciado del libro acabó siendo el héroe de la trama.,
นักการเมืองเลี่ยงคำถามด้วยคำตอบแบบกำกวม,El político eludió la pregunta con una respuesta ambigua.,
นักโทษแขวน(คอ)ตัวเองในห้องขังของเขาด้วยเชือกที่เขาได้ซ่อนไว้,El preso se ahorcó en su celda con una cuerda que había escondido.,- pasado
นายกรัฐมนตรีเปิดเผยแก่สื่อมวลชนว่าเขาตั้งใจจะยุบสภาผู้แทนฯ และจัดการเลือกตั้งทั่วไป,El primer ministro manifestó a la prensa que iba a disolver la Cámara de Representantes y adelantar las elecciones generales.,
ผู้ชมโห่ไปยังนักเตะฟุตบอลเมื่อเขาเตะลูกโทษไม่เข้า,El público abucheó al futbolista cuando falló el penalti.,
ผู้ชมไม่หยุดตะโกน,El público no cesaba de gritar.,- pretérito imperfecto
ผู้คนออกันที่ประตูสเตเดียมเพื่อซื้อตั๋วคอนเสิร์ต,El público se apelotonaba en las puertas del estadio para comprar las entradas del concierto.,pretérido imperfecto
คน(เอก)ที่ยังไม่ได้ทำการบ้านออกไปเล่นไม่ได้,El que no haya acabado de hacer los deberes no puede salir a jugar.,
ผลการเลือกตั้งถูกนับคืนนี้,El resultado de las elecciones se escruta esta noche.,- presente
ผลการเลือกตั้งจะประกาศในกระดานข่าวของบริษัท,El resultado de las elecciones será publicado en el boletín de la empresa.,- ใช้ ser + participio
แม่น้ำไนล์ไหลลงไปในทะเลเมดิเตอร์เรเนียน,El río Nilo desemboca en el Mediterráneo.,
"แม่น้ำ<sub>(สายนี้)</sub>แบ่งเขต<u style="""">ระหว่าง</u>สองหมู่บ้าน",El río marca el confín entre los dos pueblos.,
ทางเดินแยกแตกออกไปใน<u>กลาง</u>ป่า,El sendero se bifurca en el medio del bosque.,
ดวงอาทิตย์ส่องแสงและอากาศร้อนมาก,El sol resplandecía y hacía mucho calor.,- pretérito imperfecto
เสียงรองเท้าส้นสูงของฉันดังสะท้อนในโบสถ์ที่เงียบงัน,El sonido de mis tacones retumba en la iglesia silenciosa.,
อาการเหนื่อยหมดแรงที่คุณรู้สึกเป็นผลข้างเคียง<u>หนึ่ง</u>ของการรักษา,El sopor que sientes es un afecto secundario del medicamento.,presente
แผ่นดินไหวทำให้เกิดเศษหินเศษปูนร่วงหล่นมาจากอาคาร,El terremoto ha provocado la caída de cascotes del edificio.,- perfecto
เวลาผ่านไปเร็ว,El tiempo pasa volando.,
(เพราะการจราจร)เราติดแหง่กในถนน ก็เลยมาถึงบ้านช้ามาก ๆ,El tráfico nos demoró y llegamos tardísimo a casa.,- pretérito indefinido
ลมหนาวทำปากฉันแตก,El viento frío me ha agrietado los labios.,- perfecto
ลมพัดจนเส้นผมของเธอพันกันไปหมด,El viento te enredó el pelo.,
เธอรู้สึกอ่อนแรงมากและเกือบจะเป็นลมในยิมเมื่อเช้านี้,Ella se sintió muy débil y estuvo a punto de desmayarse en el gimnasio esta mañana.,- เธอ - บุรุษที่ 3<br>- pretérito indefinido
เธอ(๓)รู้สึก(!se)เศร้าโศกเสียใจ(d)กับการตายของสามีของเธอ,Ella sentía tal desolación por la muerte de su marido.,- pretérito imperfecto
เธอมีความโดดเด่นเพราะด้วยสติปัญญา ไม่ใช่แค่เพียงเพราะความงามของเธอ,"Ella sobresale por su inteligencia, no solo por su belleza.",
ในกรณีฉุกเฉิน ให้ดึงคันโยกของอุปกรณ์แจ้งเตือนภัย,"En caso de emergencia, tiren de la palanca del aparato de alarma.",ustedes
ในดิสก์นี้คุณสามารถเก็บ(ข้อมูล)ได้ถึงสองเทราไบต์,En este disco puedes almacenar hasta dos terabytes.,
ครอบครัวของฉันพวกเราอายุยืนทุกคน,En mi familia somos todos longevos.,
ในหน้าร้อนต้องตัด<sub>(เกี่ยว)</sub>หญ้าแทบทุกสัปดาห์เลย,En verano hay que segar el césped casi todas las semanas.,
เขาใส่ยาพิษลงไปในชีสหนึ่งก้อนเพื่อที่จะ<u>สามารถ</u>ฆ่าหนู(ญ)ที่อยู่ในบ้านของเขาได้,Envenenó un trozo de queso para poder matar la rata que habitaba en su casa.,
มันน่าท่อแท้ที่ได้รับเกรดต่ำ ๆ หลังจากอ่านหนังสือหนัก,Es descorazonador obtener una nota tan baja después de tanto estudiar.,
จำเป็น(i)ที่ผู้สมัคร(พหู)ต้องพูดได้อย่างน้อยสามภาษา,Es imprescindible que los candidatos hablen al menos tres idiomas.,
เขาเป็นเพื่อนเที่ยวเพื่อนเมาของฉัน,Es mi amigo de juergas y borracheras.,
เขามีชื่อเสียงมาก ใบหน้าของเขา<b><u><i>ได้</i></u></b>ปรากฏอยู่ที่หน้าปกของนิตยสารทุกเล่มเลย,"Es muy famoso, su rostro ha aparecido en las portadas de todas las revistas.",
เขาเป็นคนเข้าสังคมมากจึงรู้จักผู้คนหลากหลาย,"Es muy sociable, por consiguiente conoce a mucha gente.",consiguiente
เขาหัวแข็งมาก เกือบจะเป็นไปไม่ได้เลยที่ทำให้เขาเปลี่ยนความคิดได้,"Es muy tozudo, es casi imposible lograr que cambie de opinión.",
มันเป็นเรื่องย้อนแย้งที่เขาจะเรียนวิทยาศาสตร์ถ้าเขาไม่ชอบคณิตศาสตร์,Es paradójico que estudie ciencias si no le gustan las matemáticas.,
เป็นเรื่องที่น่าเสียดายที่ยังมีผู้คนทรมานจากความหิวอยู่ในโลกนี้,Es una lástima que todavía haya gente que padezca hambre en este mundo.,
ผู้หญิง<u>คนนั้น</u>กวนใจฉัน ก็เลยโทรหาตำรวจ,"Esa mujer me mosqueó, y llamé a la policía.",- pretérito indefinido
ผู้หญิง<u>คนนั้น</u>ขอให้ฉันเอาข้อความนี้มาให้เธอ<u>ทันที</u>,Esa mujer me pidió que te diera este mensaje enseguida.,
รูปวาดผนังถ้ำโบราณ<u>เหล่านั้น</u>ยังอยู่ในสภาพที่สมบูรณ์,Esas milenarias pinturas rupestres están en perfectas condiciones.,
คนไร้บ้านคนนั้นตัวเหม็น และเสื้อผ้าของเขาก็ยิ่งกว่าสกปรก,Ese vagabundo apestaba y sus ropas estaban más que sucias.,- pretérito imperfecto
พวกเกี่ยวกับซื้อผลิตภัณฑ์เพื่อสิ่งแวดล้อมมันก็ดีมากนะ แต่แน่นอนว่ามันแพงกว่าซื้อแบบปกติทั่วไป<b><i><u>มาก</u></i></b>,Eso de comprar productos ecológicos está muy bien; pero claro son mucho más caros que los normales.,
ที่ว่าเขาจะห้ามจอดรถ(a)นั้น ไม่ใช่เรื่องจริง,"Eso de que vayan a prohibir el aparcamiento, no es cierto.",
ฉันหวังว่าแผล(รอยตัด)นี่จะไม่กลายเป็นแผลเป็นนะ,Espero que el corte no me deje una cicatriz.,
เราหวังให้วันงานแต่งงานนั้นแดดออก แต่แทนที่จะเป็นแบบนั้นฝันดันตกลงมาห่าใหญ่,"Esperábamos que el día de la boda fuera soleado, pero en vez de eso nos tocó un chaparrón.",- pretérito<br>- ฝน (ch)
ประโยคนี้ไม่สามารถเข้าใจได้ถ้าแปลตรง ๆ เป็นภาษาสเปน,Esta frase no se entiende si se la traduce literalmente al castellano.,
การ์ดนี้สามารถใช้กับกล้องดิจิตัลรุ่นไหนก็ได้,Esta tarjeta se puede usar con cualquier cámara digital.,
ครั้งนี้เธอทำมันพังหมดเลยนะ บอกแล้วว่าไม่ให้บอกใครใช่ไหม,"Esta vez sí que metiste la pata. Te dije que no se lo contaras a nadie, ¿no?",ใช้สำนวน ~ pata
ฉันแค่ถามคำถามเชิงโวหารไปงั้น เธอไม่ต้องตอบก็ได้,Estaba haciendo una pregunta retórica. No tienes que responder.,
สองชิ้นนี้มันไม่เข้ากัน (เสียบกันไม่ได้),Estas dos piezas no encajan.,
ชิ้นงานศิลปหัตถกรรมเหล่านี้ถูกทำด้วยความพิถีพิถันเป็นอย่างยิ่ง,Estas piezas de artesanía están hechas con mucho esmero.,
โทรศัพท์เครื่องนี้มี<u>หลาย</u>ฟีเจอร์<u>กว่า</u> และเพราะเหตุนี้ราคามันจึงแพงกว่า,Este móvil tiene más prestaciones y por eso su precio es más alto.,
งานนี้น่าเบื่อเพราะมันซ้ำไปซ้ำมา<b><i><u>มาก</u></i></b>,Este trabajo es un coñazo porque es muy repetitivo.,
ดึงผ้าปูเตียงให้ตึง ๆ ไม่ให้มีรอยยับ,Estira la sábana para que no quede ninguna arruga.,
ฉันกำลังคิดว่าจะสมัครงานตำแหน่งไหนก็ได้ตำแหน่งหนึ่งเพื่อที่จะได้มีงานประจำทำสักครั้ง,Estoy pensando en presentarme a una oposición cualquiera para tener de una vez un trabajo fijo.,
ฉันเรียนในสถาบันแห่งหนึ่งที่ไม่เกี่ยวกับศาสนาเพราะพ่อแม่ฉันไม่ใช่คนเคร่งศาสนา,Estudio en un instituto secular porque mis padres no son religiosos.,
อ่านหนังสือสอบทั้งคืนแล้วก็ไปสอบทั้งอย่างนั้นเลย,Estudio toda la noche y voy de empalme al examen.,- presente
เรากำลังกินข้าวกันอย่างเงียบ ๆ แล้ว<b><u>ตอนนั้น</u></b> Marcos ก็เข้ามาตะโกนโหวกเหวกเหมือนคนบ้า,"Estábamos comiendo tan tranquilos y, entonces, entró Marcos dando gritos como un loco.",- pasado
Fernando ยึดมั่น(กับความคิดที่)ว่าจะต้องไปเรียนที่สเปนให้ได้ และเขาก็ทำมันได้สำเร็จ,Fernando se aferró a la idea de estudiar en España y lo logró.,- pretérito indefinido
เราจะยอมเซ็นสัญญาใหม่<u>ก็เมื่อ</u>บริษัทจะยอมพิจารณาเงินเดือนเป็นรายปี,Firmaremos el nuevo convenio siempre que la empresa se comprometa a revisar los salarios anualmente.,"- ใช้ ""siempre que"""
เขา<u>ใช้ฝอยขัดหม้อ</u>ขัดจุดที่เป็นไขมัน(เอก)บนกระทะ,Frotó la mancha de grasa de la sartén con el estropajo.,- pretérito indefinido
Gabriela ซ่อนความเศร้าของเธอไว้ภายใต้รอยยิ้ม,Gabriela disimula su tristeza detrás de una sonrisa.,
เขาตกอยู่ในสภาวะช็อกอย่างรุนแรงเมื่อทราบข่าวการเสียชีวิตของคุณตาของเขา,Ha sufrido una fuerte conmoción al saber de la muerte de su abuelo.,- perfecto
ฟ้าเปิดได้สักพักแล้ว เธอเก็บร่มได้แล้ว,"Hace un rato que escampó, puedes cerrar el paraguas.",
เราจะเข้าเรียนวิชาคอมพิวเตอร์ขั้นสูง<b><i><u>ที่ฝ่ายบริหารเสนอ</u></i></b><u>โดยมีข้อแม้</u>คือคาบเรียนต้องไม่ตรงกับช่วงเสาร์อาทิตย์,Haremos el curso de informática avanzada que propone la dirección a condición de que no se haga durante el fin de semana.,"- ใช้ ""a condición de que"""
เธอได้ผ่านความยากลำบาก(พหู)ที่น้อยคนนัก<u>จะสามารถ</u>เข้าใจ<u>ได้</u>,Has atravesado dificultades que poca gente podrá entender.,
ต้องแหย่ไปที่ไฟนะเพราะว่ามันกำลังจะดับ,Hay que atizar el fuego porque se está apagando.,
จำเป็นที่จะต้องรู้วิธีการจัดการข้อมูลเพื่อดึงประโยชน์ออกมาให้ได้มากที่สุด,Hay que saber cómo manejar los datos para sacarles máximo provecho.,
ทั้งคืนฉันนอนไม่หลับ <u>วันนี้</u>ก็เลยอารมณ์(g)ไม่ดี,He pasado toda la noche desvelado y hoy estoy de mal genio.,- ผ่านทั้งคืน<br>- อารมณ์ไม่ดี (g)<br>- perfecto y presente
ฉันโสดมาตลอดชีวิต ฉันไม่รู้เลยว่าฉันเตรียมพร้อมสำหรับชีวิตหลังแต่งงานแล้วหรือยัง,He sido soltero toda mi vida. No sé si estoy preparado para la vida conyugal.,
เราได้เปลี่ยนพื้นห้องครัวใหม่เพราะว่ากระเบื้องมันเก่ามาก,Hemos cambiado el suelo de la cocina porque las baldosas estaban muy viejas.,
หลายชั่วโมงหลังจากแผ่นดินไหว ทีมกู้ภัยหลายทีมก็ได้นำเสบียงอาหารเข้าไปยังพื้นที่ประสบภัย,"Horas después del terremoto, varios equipos de salvamento llevaron víveres a la zona afectada.",
มีพายุแล้วไฟก็ดับ ฉันจึงไม่สามารถทำงานได้,"Hubo una tormenta y se fue la luz, por eso no podía trabajar.",อดีต
การ<b><u>พยายาม</u></b>ปีนเขาโดยไม่เอาเสื้อผ้ากันหนาวไปด้วยเป็นการตัดสินใจที่ประมาทมาก ๆ,Intentar subir la montaña sin ropa de abrigo fue muy una decisión imprudente.,- pretérito indefinido
ใส่เหรียญหนึ่งเหรียญลงไปในช่องเพื่อเริ่มเล่น,Introduce una moneda por la ranura para comenzar a jugar.,
เขารู้สึกว่า Felipe น่าจะโทรมาเย็นนี้ แล้วมันก็เกิดขึ้นจริง ๆ,Intuyó que Felipe llamaría esta tarde y así sucedió.,- pasado
Juan เป็นคนขี้เซามาก และตื่นนอนตอนเช้าไม่ได้ง่าย ๆ เลย,Juan es muy dormilón y le cuesta mucho levantarse por las mañanas.,
Juan ได้ใช้จอบขุดหลุมเพื่อปลูกต้นไม้,Juan ha cavado un hoyo con la pala para plantar un árbol.,- perfecto
"จังหวะตอนที่ฉัน<u style="""">เกือบ</u>จะเหยาะพริกไทยไปในซุปก็นึกขึ้นได้ว่า Rosa แพ้(อาหาร)","Justo cuando estaba a punto de poner pimienta en la sopa, me di cuenta de que a Rosa le da alergia.",- pasado
เคียฟเป็นเมืองที่ผู้อพยพหลายคนจากเขต(พหู)ที่ได้รับผลกระทบจากการปนเปื้อนกัมมันตรังสีอาศัยอยู่,Kief es una ciudad donde viven muchos refugiados procedentes de las zonas afectadas por la contaminación radiactiva.,
การชันสูตรศพเปิดเผยว่าผู้ชาย(คนนี้)เสียชีวิตด้วยโรคหัวใจกำเริบ,La autopsia desveló que el hombre había muerto de un ataque al corazón.,- pasado
เด็กผู้หญิง(c)ร้องไห้สะอึกสะอื้นอยู่ใต้โต๊ะ,La chica sollozaba bajo la mesa.,- pretérito imperfecto
กุญแจความสำเร็จของเผ่าพันธุ์มนุษย์คือความสามารถ(ของเขา)(เพื่อ)ในการปรับตัวเข้ากับสภาพแวดล้อม,La clave del éxito de la especie humana ha sido su capacidad para adaptarse al entorno.,- perfecto
ประกาศรับสมัคร(นี้)มีเพื่อคนทำงานคนไหนก็ได้ที่มีอายุ<b><u><i>มากกว่า</i></u></b> 25 ปี,La convocatoria va dirigida a cualquier trabajador mayor de veinticinco años.,
มงกุฎทองคำของพระราชาเป็นประกายระยิบระยับใต้แสงดวงอาทิตย์,La corona de oro del rey resplandecía bajo la luz del sol.,- pretérito imperfecto
การตัดสินใจเกือบเป็นเอกฉันท์ มีเพียงหนึ่งเสียงที่งดออกเสียง,La decisión fue tomada casi por unanimidad con una abstención.,
การพูดคุย(ปรึกษา)กับภรรยาของเขาทำให้เกิดความไม่สบายใจติดค้างอยู่ที่เขายังไม่สามารถสะบัดมันให้หลุดไปได้จนเดินทางไปถึงปารีส,La discusión con su mujer le provocó un desasosiego del que todavía no había podido liberarse cuando llegó a París.,- pasado
การเรียงตัวของทวีปนั้นได้รับผลมาจากการเคลื่อนตัวของแผ่นทวีป,La disposición de los continentes es afectada por la deriva continental.,
รูปปั้นทำมาจากแผ่นเหล็ก,La escultura está hecha de chapa de hierro.,- รูปปั้น ไม่ใช่ อนุเสาวรีย์
การไม่ได้ยินข่าวคราวของลูกชายของเธอทำให้แม่เกิดอาการวิตกกังวล,La falta de noticias de su hijo le producía angustia a la madre.,- pretérito imperfecto
คนจากหมู่บ้านได้เข้ามาร่วมกับพวกเรา โดยเขาทำหน้าที่จัดเตรียมอาหารสำหรับเหล่าอาสาสมัคร,La gente del pueblo ha volcado con nosotros y se encarga de preparar la comida para los voluntarios.,"- perfecto, presente"
มนุษยชาติจำเป็นที่จะต้องแก้ไขปัญหาสิ่งแวดล้อมอย่างเร่งด่วน,La humanidad tiene que resolver urgentemente el problema del medio ambiente.,
ความชื้น<u>ช่วยทำให้เกิด</u>การเจริญเติบโตของแบคทีเรีย,La humedad propicia el crecimiento de bacterias.,
เหยือกมีรอยบิ่น เพราะงี้มันก็เลยถูกขนาดนี้,"La jarra está desportillada, y por eso es tan barata.",
ฝนปรอย ๆ ไม่สามารถหยุดยั้งการจัดคอนเสิร์ตได้,La llovizna no impidió que se celebrara el concierto.,- หยุดยั้ง (im~)
ฝนหยุดตกและความหนาวก็เริ่มรุนแรงขึ้น,La lluvia cesó y arrenció el frío.,- pretérito indefinido
แม่ใช้พัดไล่(e)แมลงวัน,La madre espantó las moscas con un abanico.,pretérito indefinido
อาจารย์(mญ)สะกดคำ(พหู)เพื่อให้เด็ก ๆ (n) สามารถเขียนได้อย่างไม่ผิดหลัก,La maestra deletreó las palabras para que los niños las escribieran sin faltas de ortografía.,- pretérito indefinido
โต๊ะไม่สมดุลจากขาสามข้างที่ยังเหลืออยู่,La mesa se mantiene en vilo sobre las tres patas que le quedan.,
หิมะบนหลังคารถนั้นทับถมกันเป็นก้อน<b><u><i>แล้ว</i></u></b>,La nieve encima del coche ya ha cuajado.,- perfecto
สำนักงานกลางจะทำการมอบหมายข้าราชการคนหนึ่งในการสอบสวนกรณีนี้,La oficina central va a adscribir un funcionario para investigar el caso.,
องค์กรได้ระงับการจัดกิจกรรมอันเนื่องมากจากสาเหตุไม่พึงประสงค์,La organización ha suspendido el evento por causas ajenas a su voluntad.,
ลูกบอลกระเด้ง และไปหยุดอยู่กลางถนน,La pelota rebotó y fue a parar en medio de la carretera.,- pretérito indefinido
ประตูส่งเสียงเอี๊ยดเมื่อถูกลมพัดจนเปิดออกอย่างช้า ๆ,La puerta rechinó cuando el viento la abrió lentamente.,
ราชินีปลดอัศวิน<b><i><u>ออกจากตำแหน่ง</u></i></b>หลังจากรู้เรื่องอื้อฉาว,La reina despojó al caballero de su título después de que se enterara del escándalo.,- pasado<br>- รู้: enterarse
สัปดาห์ที่จะถึงนี้พวกเราหยุดพักร้อนและไม่ไปสอนในชั้นเรียน,La semana que viene tenemos vacaciones y no damos clase.,
อุณหภูมิแตะ 42 องศาในช่วงสุดสัปดาห์,La temperatura alcanzó los cuarenta y dos grados el fin de semana.,pasado
ร้านจะปิดใน 15 นาที เธอยังมีเวลาไปซื้อขนมปังนะ,"La tienda cierra en quince minutos. Todavía estás a tiempo de ir a comprar pan. ",
พื้นดินแตกออกเพราะความแห้งแล้ง,La tierra se agrieta debido a la sequía.,
พายุทำให้เราต้องคอยลุ้นระแวงทั้งคืนเลย,La tormenta nos mantuvo en vilo toda la noche.,- pretérito indefinido
พายุโหมกระหน่ำตอนที่เรามาถึงบ้านพอดี,La tormenta se desencadenó justo cuando llegamos a casa.,- pretérito indefinido
เต่ายื่นคอออกมาตอนที่เอาใบกะหล่ำไปให้,La tortuga asomó la cabeza cuando le ofrecí una hoja de lechuga.,- ยื่นคอ: สกรรมกริยา<br>- pretérito indefinido
มหาวิทยาลัย<b><u><i>จะ</i></u></b>มอบรางวัลให้กับเรียงความ(e)ที่ดีที่สุด<b><u><i>เกี่ยวกับ</i></u></b>จริยธรรมการทำงาน,La universidad otorgará un premio al mejor ensayo sobre ética profesional.,
เสียงสูงโซปราโนสามารถทำแก้วแตกได้เลย,La voz aguda de la soprano puede romper una copa.,
ฉันรู้สึกเสียใจเกี่ยวกับโศกนาฏกรรมที่เกิดขึ้นในประเทศของเธอ,Lamento la tragedia ocurrida en tu país.,
การคุยในครอบครัวเหมือนจะพุ่งกลายเป็นการเถียงกันเสมอทุกครั้งที่มีประเด็นเรื่องมรดกโผล่ขึ้นมา,Las charlas familiares parecían abocarse siempre a una discusión cuando salía el tema de la herencia.,- pretérito imperfecto
นักปั่นต้องขึ้นเนินชันแห่งหนึ่งก่อนที่จะถึงเส้นชัย,Las ciclistas tienen que subir una empinada cuesta antes de llegar a la meta.,
งานเลี้ยง(พหู)ที่ฉันจัดนั้นเรียบง่ายมาก ไม่มีสิ่งของพิเศษอะไรมากมาย,"Las fiestas que yo hago son muy sencillas, sin muchas cosas especiales.",
ภาพถ่าย(เหล่านี้)แสดงถึงความเสียหายของบริเวณ,Las fotografías demuestran la desolación de la zona.,
การประท้วงหยุดงานที่เกิดขึ้นทั่วประเทศเป็นตัวเร่งความตกต่ำของคณะรัฐมนตรี,Las huelgas que ocurrieron alrededor del país precipitaron la caída del régimen.,- pretérito indefinido
มาตรการใหม่(พหู)จะไม่ถูกนำมาใช้อย่างรวดเดียว แต่จะค่อยเป็นค่อยไปอย่างช้า ๆ,"Las nuevas medidas no se introducirán de golpe, pero se harán paulatinamente.",
บุคคลที่ไม่เกี่ยวข้องไม่ได้รับอนุญาตให้เข้าไปในคลับนี้,Las personas ajenas no son permitidas en este club.,
งานที่ยากกว่ามาลงที่ฉันทุกทีเลย,Las tareas más difíciles me las encasquetan siempre a mí.,
การมาเยี่ยมเป็นครั้งคราวของ Carlos (แก่ฉัน)นั้นเริ่มน้อยลงเมื่อเวลาผ่านไปหลายปี,Las visitas esporádicas que me hacía Carlos se han vuelto aún menos frecuentes con los años.,- perfecto
Laura เป็นหมัน แต่เธออยากเป็นแม่จึงรับอุปการะเด็กสองคน,"Laura es estéril, pero quería ser madre y adoptó a dos niños.",- pasado
ฉันบอกเขาเป็นร้อยรอบพันรอบแล้วว่าเขาต้องเงียบ ๆ ในช่วงกลางคืน,Le dije por enésima vez que tiene que hacer silencio durante la noche.,"- pretérito indefinido, presente"
เขาปรี๊ดแตก,Le dio un arrebato de ira.,- pretérito indefinido
เขาชอบสัตว์ เขาจึงไปสวนสัตว์ทุกเสาร์อาทิตย์,"Le encantan los animales, así que va al zoológico todos los fines de semana.",así
พวกเขาถ่ายรูป<b><u>ระหว่าง</u></b>ที่เขาออกไปเที่ยว<b><u>กลางคืน</u></b>เพื่อที่จะแบล็กเมล์เขา,Le han sacado fotos durante su escapada nocturna para hacerle chantaje.,- perfecto
การทำความสะอาดห้องใต้ดินนี้เป็นหนึ่งในภารกิจที่เป็นไปไม่ได้,Limpiar este sótano es una misión imposible.,
ฉันเข้าแถวรอมาหลายชั่วโมงแต่เขามาแล้วแซงคิวเฉยเลย,"Llevo horas haciendo fila, pero llega él y se cuela.","- presente "
ฝนตกหนักมากเมื่อเรามาถึงเพิงพักพิง<u>แห่งหนึ่ง</u>ในภูเขา,Llovía torrencialmente cuando llegamos a un refugio de montaña.,- pasado
เขาโดนรถชนขณะกำลังข้ามถนนที่ไม่มีสัญญาณจราจร,Lo atropellaron al cruzar por una calle donde no había semáforo.,
ฉันทันเจอพวกเขาก่อนที่พวกเขาจะไป<u>พอดี</u>,Los alcancé justo antes de que se fueran.,
ผู้ถูกคัดเลือกจะได้รับการเข้าสัมภาษณ์,Los candidatos serán convocados a una entrevista.,
นักวิทยาศาสตร์ศึกษาอุกกาบาตเพื่อวิเคราะห์สสารนอกโลก(เอก),Los científicos estudian el meteorito para analizar el material extraterrestre.,
รถ(พหู)จอดเลียบไปกับถนน,Los coches están a lo largo de la calle.,
คู่รักคู่นั้นจู๋จี๋กันจนทำให้คนร่วมโต๊ะอาหารคนอื่นเอือมระอากันหมด,Los constantes besos y caricias de la pareja empacharon a los presentes en la cena.,- pretérito indefinido
เอกสารลับ(พหู)ถูกนำออกมาจากอาคารอย่างลับ ๆ โดยพนักงานคนหนึ่ง,Los documentos secretos fueron sacados a hurtadillas del edificio por un empleado.,
ผู้เชียวชาญเตือนว่าสัตว์ 76.000 สายพันธุ์กำลังอยู่ในอันตรายที่เสี่ยงจะสูญพันธ์,Los expertos alertan que setenta y seis mil especies están en peligro de extinción.,
ตัวประกอบของหกคือสองและสาม,Los factores del seis son el dos y el tres.,
ตอนวันเสาร์อาทิตย์ ลูก ๆ ของฉันจะกลับบ้านดึก,"Los fines de semana, mis hijos vuelven a casa a las tantas.",
ถุงมือทำมาจากหนังหยาบ,Los guantes son de cuero basto.,
เหล่าสิงโตย่องตามเหยื่อของมันก่อนที่จะเข้าบุก,Los leones acechan a su presa antes de atacar.,- presente<br>- สิงโตเป็นพหูพจน์ เหยื่อเป็นเอกพจน์
สิงโต<sub>(พหู)</sub>ของโรงละครสัตว์<b><i><u>อยู่ในกรง</u></i></b>ในสภาพที่แย่<b><i><u>มาก</u></i></b>,Los leones del circo estaban enjaulados en muy malas condiciones.,- pretérito imperfecto
เสียงตอกตะปูของเหล่าช่างก่อสร้างดังกึกก้องไปทั่วบ้าน,Los martillazos de los albañiles retumbaban por toda la casa.,- pretérito imperfecto
เหล่ารัฐมนตรีแสร้งทำเป็นเสียใจกับการตายของผู้นำเผด็จการ แต่ความจริงแล้วพวกเขามีความสุข,"Los ministros aparentaban estar tristes por la muerte del dictador, pero en realidad estaban felices.",- pretérito imperfecto
เด็ก ๆ (n)ตกแต่งหน้าต่าง(พหู)ห้องของพวกเขาด้วยสติกเกอร์หลากสีสัน,"Los niños decoraron las ventanas de su cuarto con adhesivos de colores. ",- pretérito indefinido
เด็ก ๆ ไม่กล้าที่จะลงน้ำเย็น,Los niños no se atreven a meterse al agua fría.,
เด็ก ๆ ปีนต้นไม้โดยพ่อแม่ไม่อนุญาต,Los niños treparon a un árbol sin el permiso de sus padres.,ต้นไม้ต้นหนึ่ง
เหล่านักโทษที่โดนจับตัวร้องขอให้แสดงความเมตตา,Los prisioneros capturados rogaron que se les mostrara piedad.,
คนที่ออกกำลังกายอย่างเหมาะสมเป็นประจำมักจะไม่เป็นโรคความดันสูง,Los que hacen periódicamente ejercicio moderado no suelen sufrir hipertensión.,
คน(พหู)ที่ทำข้อสอบเสร็จแล้วสามารถลุกขึ้นและไปได้,Los que hayan acabado el examen ya pueden levantarse e irse.,
ฟ้าแลบ(พหู)เกิดขึ้นภายในหมู่ก้อนเมฆ,Los rayos se hacen dentro de las nubes.,
ทหาร(พหู)ก้มอยู่หลังพุ่มไม้(พหู),Los soldados se agacharon detrás de los arbustos.,อดีตแบบ pretérito indefinido
ชายสามคนวางแผนกันเพื่อขโมยทองจากธนาคาร,Los tres hombres se confabulan para robar el oro del banco.,
Manuel หึงผู้ช่วยส่วนตัวของภรรยาของเขา,Manuel está celoso del asistente personal de su esposa.,
Marta จ้องหน้าเพื่อน(ญ)ของเธอและพยายามที่จะอ่านอารมณ์ที่แสดงออก,Marta contempló la cara de su amiga e intentó interpretar su expresión.,- pretérito indefinido
Marta หน้าแดงทุกครั้งที่ต้องพูดในที่สาธารณะ,Marta siempre se sonroja cuando tiene que hablar en público.,
ตอกตะปูทุกตัวที่มันยื่นออกมาหน่อย,Martilla todos los clavos que sobresalen.,
กินขนมปังบ่อยจนเบื่อแล้ว,Me cansa comer siempre pan.,
ข่าวการแต่งงานของเธอสร้างความเบิกบานใจให้แก่ฉัน,Me causó regocijo la noticia de tu boda.,- pretérito
ฉันมานึกขึ้นได้ว่าไม่ได้หยิบกุญแจก็ตอนออกบ้านมาแล้ว,Me di cuenta de que no había cogido las llaves cuando ya había salido de casa.,- pasado
ฉันรู้สึกประทับใจในรูปร่างเป็นชั้น ๆ ของปีรามิด,Me fascina el perfil escalonado de las pirámides.,
ฉันเชื่อเธอนะ แต่ไม่รู้เหมือนกันว่าทำไม,"Me fío de ti, pero no sé por qué.",
ฉันชอบอ่านหนังสือหลาย ๆ เล่มรวดเดียว(t),Me gusta leer los libros de un tirón.,
ฉันชอบดูแสงระยิบระยับของดวงดาวในยามค่ำคืน,Me gusta ver el destello de las estrellas por la noche.,
ฉันอยากเจอใครสักคนที่ตามใจฉันมาก ๆ,Me gustaría encontrar a alguien que me mime mucho.,
ฉันอยากจ่ายด้วยเงินสดค่ะ,Me gustaría pagar mediante efectivo por favor.,- ด้วย (m)
"เขาให้ข้อมูลทั้งหมดแก่ฉัน<b style=""text-decoration-line: underline;"">รวดเดียว</b> ฉันไม่เข้าใจอะไรเลย",Me ha dado toda la información en una tirada y no he pillado nada.,- perfecto
เขากระซิบบอกความลับ(หนึ่ง)<b><i><u>ให้ฉันฟัง</u></i></b>,Me ha sursurrado un secreto al oído.,- perfecto
ฉันว่ามันแย่(f)<b><i><u>กับการ</u></i></b>ที่ไม่สามารถใช้รถในโซนกลาง(เมือง)ได้,Me parece fatal lo de que no se pueda usar el coche en el centro.,
ฉันรู้สึกแย่ที่<b><i><u>ต้อง</u></i></b>ทำงานตอนกลางคืน,Me parece mal tener que trabajar de noche.,
ฉันว่ามันดีมากเลยที่เริ่มมีพื้นที่ให้คนเดินมาขึ้นเรื่อย ๆ,Me parece muy bien que cada vez haya más zonas peatonales.,
ฉันหยิกตัวเองเพื่อยืนยันว่าไม่ได้ฝันไป,Me pellizqué para asegurarme de que no soñaba.,- pasado
ฉันเผลอหลับแล้วก็พลาดตอนจบของหนัง,Me quedé dormido y me perdí el desenlace de la película.,- pretérito indefinido
ฉันรวยขึ้น,Me vuelvo rico.,
การทำให้สถานะของแหล่งน้ำดีขึ้นเป็นหนึ่งในการกระทำที่ควรทำให้สำเร็จเพื่อรับประกันน้ำประปาครัวเรือนที่ดีต่อสุขภาพ,Mejorar el estado de las aguas de origen es una de las acciones que deben llevarse a cabo para garantizar un agua doméstica saludable.,
ทนายของฉันไม่มีความเป็นทางการใด ๆ เลย มาดูกันว่าเขาจะปล่อยฉันเดียวก่อนการตัดสินหรือไม่,Mi abogado no es nada formal. ¡A ver si me deja solo ante el juez!,- . !
เพื่อนของฉันจำเป็น(futuro)จะต้องทำคีโมเพราะว่าเขาตรวจเจอเนื้องอกร้ายแรง,Mi amigo necesitará quimioterapia porque le detectaron un tumor maligno.,
ทวด(ญ)ของฉันอยู่บ้านพักคนชรา,Mi bisabuela vive en un asilo de ancianos.,
เพื่อนร่วมงานกับฉันเราทำงานแท็กทีมกันได้ดี,Mi compañero y yo hacemos un buen tándem.,
พี่สาวฉันเครียดจนดึงผมตัวเอง,Mi hermana estaba tan estresada que se arrancaba el pelo.,อดีต imperfecto
พี่สาวฝาแฝดของฉันจะมาเยี่ยมฉันวันพรุ่งนี้,Mi hermana gemela me viene a visitar mañana.,
ลูกสาวของฉันเรียนคณิตกับภาษาสเปนเก่ง,Mi hija sobresale en matemáticas y español.,
ลูกสาวของฉันมีความหวังว่าสักวันหนึ่งฝันของเขาจะเป็นจริง,Mi hija tiene la esperanza de que su sueño se haga un día realidad.,
ลูกของฉันไม่สนใจคำแนะนำของฉันเลยแม้แต่อย่างเดียว,Mi hijo se salta a la torera todos los consejos que le doy.,presente<br>ใช้สำนวน (กระทิง)
แม่หยิกฉัน<u>ที่หัวไหล่</u>เพราะฉันไม่ไหว้แขก,Mi madre me dio un pellizco en el hombro porque no saludé a los invitados.,- ใช้หยิกที่เป็นคำนาม<br>- แขกเป็นพหูพจน์
พ่อของฉันเป็นคนไม่ค่อยขยับเขยื้อน เขาไม่ออกกำลังกายอะไรเลย,Mi padre es muy sedentario; no hace nada de ejercicio.,
ลูกพี่ลูกน้อง(ญ)ของฉันนั้นขี้เหนียวมากจนหวงแม้กระทั่งทิปในร้านอาหารดี ๆ,Mi prima es tan tacaña que escatima hasta la propina en un buen restaurante.,
แม่ยายของฉันทำที่จับหม้อจากเศษผ้าที่เหลือ,Mi suegra hizo una agarradera para ollas con retazos de tela.,- pretérito indefinido
Miguel ปลอมตัวเป็นตำรวจ แล้วมันก็เนียนมาก,Miguel se disfrazó de policía y daba el pego.,"- ใช้สำนวน ""เนียน""<br>- pasado"
Mireia รู้สึกแปลกใจ<sub>(ตกอยู่ในสภาวะ~)</sub>จากคำตอบห้วน ๆ ของเจ้านายของเขา,Mireia se quedó extrañada por la brusca respuesta de su jefe.,- pretérito indefinido
เมื่อก่อนฉันกับเพื่อน ๆ เล่นฟุตบอลด้วยกัน<u>เสมอ</u>ในตอนพัก,Mis amigos y yo siempre jugábamos al fútbol durante el recreo.,pretérito imperfecto
พ่อแม่ให้ฉันย้ายโรงเรียนเพราะว่าเพื่อนร่วมห้องล้อเลียนฉันที่ใส่แว่นตา,Mis padres me cambiaron de escuela porque mis compañeros de clase me hostigaban por utilizar anteojos.,- แว่นตา ไม่ใช่ gafas
เขาไล่แมลงวันออกจากจานแล้วก็รับประทานอาหารนั้น,Mosqueó el plato y comió la comida.,- pretérito indefinido
ฉันต้องการที่ฉาบปูนเอามาขูดกาวที่หกบนพื้นบ้านออก,Necesito una espátula para raspar el pegamento que cayó en el piso.,
Nicole ก้มหัวลงเพื่อที่ลูกบอลจะไม่โดนเธอ,Nicole agachó la cabeza para que no le pegara la pelota.,- vt
พวกเขาไม่บรรลุเป้าหมายที่ตั้งไว้,No alcanzaron la meta que se habían propuesto.,- pasado
ฉันไม่เชื่อว่ารูปนั้นได้รับรางวัล,No creo que le hayan dado un premio por esa foto.,(ไม่เชื่อว่าพวกเขาได้มอบรางวัลให้เนื่องจากรูปภาพนั้น)
ฉันไม่คิดว่าคนหนุ่มสาวสมัยนี้มีน้ำใจเท่าสมัยก่อน,No creo que los jóvenes de ahora sean tan solidarios como los de antes.,
อย่าหวงครีมกันแดดเลยถ้าไม่อยากโดนแดดเผา,No escatimes la crema solar si no quieres quemarte.,
เขาไม่เรียนเลยทั้งเทอม เขาจึงสอบตก,"No estudió nada en todo el semestre, por lo tanto suspendió el examen.",อดีต tanto
ไม่มีวิธีที่จะทำให้วัยรุ่นคนหนึ่งจะยอมทำตามกฎ,No hay forma de que un adolescente se someta a las reglas.,
ไม่มีใคร(q)สามารถหลอกเขาได้,No hay quien pueda engañarlo.,
อย่าไปพูดเรื่องการเมืองหรือเรื่องสิทธิมนุษยชนกับเขา เขาเป็นคนไม่สนโลกและไม่สนใจ(dar+!i)อะไรทั้งนั้น,No le hables de política ni de derechos humanos. Es un tío pasota y todo le da lo mismo.,- เขาเป็นคน: tío
เขาไม่สามารถไขกุญแจที่กลอนประตูได้,No puede meter la llave por la cerradura.,presente
ฉันไม่สามารถส่งจดหมาย<sub>(พหู)</sub>ได้เพราะมันถูกตีกลับมา,No puedo enviar correos porque me los rebotan.,
ฉันไม่อยากเร่งเขาในการตัดสินใจเกี่ยวกับอาชีพการงานของเขา,No quiero apresurarlo a tomar una decisión sobre su carrera.,
อย่าใจร้อน รอจนกว่าสัญญาณกลายเป็นไฟเขียว,No seas impaciente. Espera a que el semáforo se ponga en verde.,
อย่าขี้เกียจ หยิบไม้กวาดมาแล้วกวาดห้องของเธอซะ,"No seas perezoso, agarra la escoba y barre tu habitación.",- หยิบ ไม่ใช่ coger
เธออย่าไปอิจฉาความสำเร็จของคนอื่นเลย,No te pongas celoso del éxito de los demás.,
เธอไม่สามารถหัวเราะในงานที่จริงจังแบบงานนี้ได้,No te puedes estar riendo en un acto tan solemne como este.,
ฉันไม่มีร่ม โชคดีที่มันเป็นแค่ฝนอ่อย,"No tengo paraguas. Afortunadamente, solo es una llovizna.",
เราแอบเข้าประตูด้านหลังแล้วดูหนังโดยไม่ต้องจ่ายเงิน,Nos colamos por la puerta de atrás y vimos la película sin pagar.,
เราปฏิเสธที่จะทำงานในวันเสาร์ช่วงเช้า <u>เว้นแต่</u>บริษัทจะชดเชยให้มีวันธรรมดา(ในสัปดาห์)วันหนึ่งเป็นวันหยุด,"Nos negamos a trabajar los sábados por la mañana, a no ser que la empresa lo compense con algún día libre entre semana.","- ใช้ ""a no ser que"""
พ่อแม่เราสั่งสอนเราว่าเราควรจะเคารพความคิดเห็นของผู้อื่น,Nuestros padres nos inculcaron que debemos respetar las opiniones de los demás.,- pretérito indefinido
นักการเมือง<sub>(พหู)</sub>ของเราเพิกเฉยต่อความต้องการของประชาชน,Nuestros políticos se saltan a la torera la voluntad del pueblo.,ใช้สำนวน torera
เพื่อนบ้านเรามีความสนใจคล้าย ๆ กับเรา,Nuestros vecinos tienen intereses semejantes a los nuestros.,- คล้าย ๆ ไม่ใช่ similar
แปดลบหกเหลือสอง,Ocho menos seis son dos.,
ขอให้เราทายเลขหวยถูกทีเถอะ,Ojalá acertemos los números de la lotería.,
เราได้ยินเสียงอะไรบางอย่าง ก็เลยไปซ่อนในป่า จนมารู้ว่ามันเป็น<u>แค่</u>เสียงลม,Oímos un ruido y nos escondimos en el bosque hasta percatar que sólo era el viento.,
เราจ่ายค่าอาหารเย็นกันคนละครึ่ง,Pagamos a pachas la cena.,- ครึ่งเป็นสำนวน a ~
ในการงอแท่งโลหะ ต้องให้ความร้อนด้วยอุณหภูมิที่สูง,"Para arquear la barra de metal, hay que calentarla a altas temperaturas.",
เพื่อขจัดข้อสงสัยของคุณ ให้อ่านทั้งเอกสารให้หมด,"Para despejar tus dudas, lee todo el documento.",
ในการกำจัดสิ่งมีชีวิตที่อาจอาศัยอยู่ในท่อประปา ตัวน้ำนั้นจะเป็นต้องเพิ่มสารฆ่าเชื้อจำพวกคลอรีนหรือโอโซน,"Para eliminar los posibles organismos que viven en las tuberías, las aguas son tratadas con aditivos desinfectantes como el cloro o el ozono.",
ในการทำเต้าหู้ มีความจำเป็นที่จะให้นมถั่วเหลืองนั้นแข็งตัวก่อน,"Para hacer tofu, es necesario que la leche de soja cuaje.",
เพื่อที่จะจ่ายหนี้ของเขา เขาต้องเอาบ้านไปจำนอง,Para pagar sus deudas tuvo que hipotecar la casa.,- pretérito indefinido
ในการที่จะสมัครในตำแหน่ง(o)นั้น(a) จำเป็น(o)ที่จะต้องเคยศึกษาในระดับมหาวิทยาลัย,"Para presentarse a aquella oposición, es obligatorio haber estudiado una carrera universitaria.",
เหมือนว่านกกำลังผลัดขน มีขนตกอยู่เต็มไปหมด,"Parece que el pájaro se está desplumando, hay plumas por todas partes.",
ตอนแรกคิดไว้ว่าจะนั่งแท็กซี่ แต่เพราะว่าถนนปิดก็เลยตัดสินใจไปด้วยรถไฟไต้ดิน,"Pensaba coger un taxi, pero como la calle estaba cortada, decidí ir en metro.",
ขอโทษนะที่ระบายไปกับเธอ แต่ฉันจำเป็นต้องพูดกับใครบางคน,"Perdón por desahogarme contigo, pero tenía que hablar con alguien.",
ลงมือทำอย่างกระฉับกระเฉงก่อนที่หัวหน้าจะหาคนมาแทนเธอ,Ponte las pilas antes de que te reemplace el jefe.,
เพื่อความปลอดภัย จำเป็นต้องจับราวขณะขึ้นบันได,"Por seguridad, hay que agarrarse de la barandilla al subir una escalera.",
ฉันอยากที่จะแบ่งการจ่ายออกเป็นงวด ๆ มากกว่า เพื่อที่จะได้ไม่หมดตัวในช่วงปลายเดือน,Prefiero escalonar los pagos para no quedarme sin un centavo a fin de mes.,
เธอสามารถเลือกไปทางสองเส้นนี้เส้นไหนก็ได้เหมือน ๆ กัน<b><i><u>(อย่างไม่ต่างกัน)</u></i></b> เพราะมันพาไปยังที่เดียวกัน,Puedes elegir indistintamente cualquiera de los dos caminos porque llevan al mismo sitio.,
เราจะยอมสละค่าสวัสดิการอาหารกลางวัน<u>เฉพาะในกรณี</u>ที่ทางบริษัทจัดตั้งบริการร้านอาหารบริการตนเองและครอบคลุมค่าใช้จ่ายเมนูอาหารของพนักงาน,Renunciaríamos al bonus de comidas solo en el caso de que la empresa instalara un restaurante autoservicio y cubiera los gastos de los menús de los trabajadores.,"- ใช้ ""solo en el caso de"""
ค่อย ๆ เอาสติกเกอร์ออกอย่างระวังนะ,Retire la pegatina con cuidado.,usted
(เธอ)ถอยหลังสักสองสามก้าวเพื่อให้เขาผ่านไปหน่อยสิ,Retrocede unos pasos para dejarlo pasar.,
การหัวเราะจะช่วยเสริมสร้างภูมิคุ้มกันเพื่อเอาชนะโรคภัยไข้เจ็บที่หลากหลายได้,Reírse refuerza la inmunidad para superar diversas enfermedades.,เสริมสร้าง - ทำให้แข็งแรงขึ้น
กำลังจะออกจากออฟฟิศ แต่เจ้านายเรียกแล้วฉันก็เลยต้องอยู่ต่ออีกหนึ่งชั่วโมง,"Salía de la oficina, pero me llamó el jefe y tuve que quedar una hora más.",- pasado
เขาก้มลงเพื่อที่จะเก็บเหรียญ(พหู),Se agachó para recoger las monedas.,
เขาขยับเสื้อแจ็กเก็ตเพื่อให้มองเห็นเหรียญตราได้ชัด,Se apartó la chaqueta para dejar ver su chapa.,- pretérito indefinido
เขารีบเพื่อที่จะไปถึงที่นัดหมายได้ตามเวลา,Se apuró para llegar a la cita a tiempo.,pasado
เขายืดเส้นยืดสายก่อนที่จะไปวิ่ง,Se ha estirado antes de ir a correr.,- perfecto
เขาอาสาเข้าร่วมในโครงการใหม่,Se ha volcado en el nuevo proyecto.,- perfecto
เขาเช็ดเหงื่อที่หน้าผากด้วยผ้าเช็ดหน้า,Se limpió el sudor de la frente con el pañuelo.,- pretérito indefinido
ฉันบอกเขาเป็นพันรอบแล้วแต่เขาไม่สนใจเลย,Se lo he dicho mil veces pero no me da bola.,- บอก(เรื่องนั้น)กับเขา
รถฉันหยุดวิ่ง ฉันก็เลยต้องโทรเรียกรถยกมาเอาไปส่งอู่ซ่อม,"Se me paró el coche, así que tuve que llamar a una grúa para que lo remolcase al taller.",- pretérito indefinido
<b><u><i>พวกเธอ</i></u></b>ได้พลาดโอกาสไปแล้ว ไม่มีเวลาเหลือแล้ว,Se os ha pasado el arroz. Ya no hay tiempo.,- perfecto / presente
ได้ยินเสียงระเบิดภายในอาคารที่เริ่มมีควันออกมา,"Se oyó una explosión en el interior del edificio, del que empezó a salir humo.",- pasado
หน้าเธอ(๓)ซีดเลยตอนที่เห็นเขา(ช)เข้ามาในร้านอาหาร,Se puso pálida cuando lo vio entrar en el restaurante.,- pretérito indefinido
เขานั่งไขว่ห้าง,Se sentó con las piernas cruzadas.,- intérito indefinido
ยิ่งดึกยิ่งเหลือแต่คนหนุ่มสาว เพลงที่เปิดก็จะยิ่งกลายเป็นเพลงใหม่ ๆ มากขึ้น,"Según avanza la noche, van quedando los más jóvenes, y la música va pasando a ser más moderna.",
จากการสอบถามช่างเทคนิค มันเป็นเรือที่ไม่เหมาะแก่การนำมาล่อง(ทะเล),"Según los técnicos, era un barco que no reunía las condiciones para viajar.",- pretérito imperfecto
แม้ว่าผู้สมัครคนอื่นจะมีวุฒิ ป.โท แต่เราจะจ้างคุณเพราะคุณมีประสบการณ์มากกว่า,"Si bien el otro candidato tiene una maestría, te contrataremos a ti porque tienes más experiencia.",
แม้ว่าจะสำเร็จไปเยอะแล้ว แต่ก็ยังเหลืออีกมากที่ต้องทำ,"Si bien se ha logrado mucho, queda mucho por hacer.",
ถ้าเธอคิดว่าไม่ยุติธรรมก็ไม่ควรจะก้มหน้ายอมรับมัน,Si crees que es injusto no debes someterte.,
ถ้าเธอเลือกหัวข้อที่เป็นที่นิยม เธอจะต้องทำงานให้หนักเพื่อที่จะสามารถสร้างความตะลึงให้กับผู้ชมได้,"Si eliges un tema trillado, tendrás que esforzarte mucho para sorprender a la audiencia.",
ถ้าคุณอยากได้เธอไป คุณ<u>จะ</u>ต้องข้ามศพฉันไปก่อน,"Si la quieres, tendrás que pasar por encima de mi cadáver.",
ถ้าการสามารถปฏิรูประบบภาษีไม่ประสบความสำเร็จ นายกรัฐมนตรีคนปัจจุบันนี้จะต้องลาออก,"Si la reforma fiscal no se realiza con éxito, el actual primer ministro se verá obligado a presentar su dimisión.",
ถ้าเธอกินป๊อปคอร์นจนอิ่ม เดี๋ยวจะไม่หิวข้าวเย็นนะ,Si te empachas de palomitas luego no tendrás hambre para cenar.,
ถ้าฉันต้องทำงานที่บ้าน ฉันคิดว่าฉันคงจะอยู่หน้าทีวีทั้งวัน ไม่ก็วอกแวก แล้วก็ทำงานบ้านจุกจิกหรือไม่ก็คุยโทรศัพท์,"Si tuviera que trabajar en casa, creo que estaría todo el día delante de la tele o despistada, pues haciendo las cosas de la casa o hablando por teléfono.",ผู้หญิงพูด
เรานาน ๆ กว่าจะเจอกันทีแต่ก็ยังเป็นเพื่อนที่ดีต่อกันเรื่อยมา,Solo nos vemos de vez en cuando pero seguimos siendo buenos amigos.,
รถของเขามีรูรั่วที่ล้อข้างหนึ่ง,Su coche indicó un pinchazo en una de sus ruedas.,- pretérito indefinido
นิสัยของเขาไปด้วยกันไม่ได้(ไม่คลิก)กับวัฒนธรรมของบริษัท(c),Su personalidad no encaja con la cultura de la compañía.,
ทฤษฎี(พหู)ของเขานั้นดึงดูดและเป็นแรงผลักดัน(e)ให้กับเหล่าบรรดานักวิทยาศาสตร์ เช่น ไอน์สไตน์,Sus teorías atrajeron y entusiasmaron a científicos como Einstein.,- pretérito indefinido
เสร็จงาน<u>นี่</u>เมื่อไหร่เดี๋ยวจะไป,Tan pronto acabe este quehacer me iré.,งานเล็ก ๆ
ฉันคลำกำแพงพยายามที่จะหาสวิตช์ไฟ,Tanteo la pared tratando de encontrar el interruptor de la luz.,
ทั้งคนเดินถนนและคนขับรถต้องเคารพสัญญาณจราจร เพื่อเป็นการป้องกันอุบัติเหตุ,Tanto los transeúntes como los conductores deben respetar los semáforos para prevenir los accidentes de tráfico.,
ระวังดินสอแท่งนั้นด้วย ปลายมันแหลมมาก,"Ten cuidado con ese lápiz, que tiene la punta muy aguda.",
เราต้องต่อรองราคาบ้าน,Tenemos que regatear el precio de la casa.,
เขามีเศษขนมอะไรบางอย่างติดอยู่ที่มุมปาก,Tenía algo crujiente en la comisura de sus labios.,- ขนมดูกรอบ ๆ / pretérito imperfecto
รองเท้าบูตยางของเขาเต็มไปด้วยโคลน,Tenía las botas de goma cubiertas de fango.,- pretérito imperfecto<br>- เขามีรองเท้าที่…<br>
เธอต้องหาผู้หญิงสักคนไม่งั้นเธอจะเสียเวลา(พลาดโอกาส),Tienes que encontrarte una mujer o se te va a pasar el arroz.,สำนวน
เขาพูดจาติด ๆ ขัด ๆ ตอนตอบคำถาม(พหู)ที่ตำรวจ(ช)ถาม,Titubeaba al responder a las preguntas que le hacía el policía.,- pretérito imprefecto<br>
เป็นเวลาหกวันที่ทุกคนต่าง<b><i><u>ลุ้น</u></i></b>เฝ้าดู<b><i><u>ความเป็นไป</u></i></b>ของเรือที่มีรูรั่วและลอยอยู่(กลางทะเล),Todo el mundo llevaba seis días en vilo observando el recorrido del barco con rotura a la deriva.,
ของ<sub>ทั้งหมด</sub>ที่ขายในตลาดแห่งนั้นมีแต่ขยะดี ๆ นี่เอง,Todo lo que venden en ese mercado es pura pacotilla.,
ทุกอย่างที่เขาไม่อยากทำก็เอามายัดเยียดให้ฉัน,"Todo lo que él no quiere hacer, me lo encasqueta a mí.",
ทุกคนรู้หมดว่าบ่อนอยู่ไหน ยกเว้นตำรวจ,Todos saben dónde está el garito menos la policía.,
พวกเขาปล้นสดมภ์แล้วแจกจ่ายในหมู่ทหารด้วยกัน,Tomaron el despojo y lo repatieron entre los soldados.,- pretérito indefinido
Tomás รวยด้วยเงินของคนอื่น,Tomás llegó a ser rico con dinero ajeno.,- pretérito indefinido
ชายสามคนเข้ามายังบาร์ตอนกลางดึก สองคนนั้นแบกอีกหนึ่งคนซึ่งคนนั้นฟุบลงไปนอนกับพื้น,"Tres hombres entran en un bar a las tantas de la noche; dos de ellos llevan a un tercero, que se cae y se queda tirado en el suelo.",<b><u>presente</u></b>
พวกเขาซื้อยาเสพติดด้วยการแลกเปลี่ยนกับอาวุธ,Trocan armas por drogas.,
หนังสือเล่มล่าสุดของคุณได้รับการตอบรับดีมาก คุณคิดว่าอะไรทำให้เป็นเช่นนั้น,"Tu último libro ha tenido muy buena acogida, ¿a qué crees que se debe?",- perfecto
"ชายคนหนึ่งไปที่สำนักงานทนายความ<u>แห่งหนึ่ง</u>แล้วถามว่า ""ปรึกษาด้านกฎหมายราคาเท่าไหร่""","Un hombre va a un bufete de abogados y pregunta: ""¿Cuánto cobran ustedes por consultas jurídicas?""",
คนขี้เกียจสันหลังยาวเป็นภาระสำหรับครอบครัวของเขา,Un huevón es una carga para su familia.,
รถแท็กซี่คันหนึ่งเบรก(!p!f)เสียงดังเอี๊ยด,Un taxi se ha detenido con un chirrido.,
ผู้หญิงคนหนึ่งจมน้ำ(สำลัก)หลังจากเรือที่เธอเดินทางนั้นอัปปาง,Una mujer se ahogó al hundirse el barco en el que viajaba.,
หลังจาก(ครั้งหนึ่ง)ที่เรื่องการทุจริตถูกเปิดเผยต่อสาธารณะแล้ว อาจารย์ก็ถูกไล่ออกจากสถาบันและปลดตำแหน่งกิตติมศักดิ์ทั้งหมด,"Una vez que el fraude se hizo público, el profesor fue despedido del instituto y despojado de todos sus honores.",
ใช้เทปกาวแบบเหนียวเพื่อกัน(e)ไม่ให้สองส่วนนี้มันแยกออกจากกัน,Usa cinta adhesiva para evitar que se despeguen las dos partes.,
ฉันใช้กาวในการติดวัสดุเข้าด้วยกันเพื่อสร้างเป็นรูปปั้นนี้,Utilicé pegamento para aglutinar los materiales y crear esta escultura.,- ติดเข้าด้วยกัน (a)
นม(เธอ)มันจะจับเป็นก้อนนะ ถ้าไม่เอากลับไปใส่ในตู้เย็น,Vas a cuajar la leche si no la vuelves a poner en la nevera.,
ฉันทำกาแฟหกใส่คอมพิวเตอร์ หวังว่าจะสามารถซ่อมได้นะ,Vertí el café sobre mi ordenador. Espero que se pueda reparar.,
ฉัน(เป็นสมาชิก)ของชมรมหนึ่งและเรารวมตัวกันวันเสาร์อาทิตย์ มีการแจกรางวัล มันดีมาก,"Yo pertenezco a un club y nos reunimos los fines de semana, se hacen entregas de premios. Es genial.",
ฉันรู้ว่า Luis จะต้องได้ในสิ่งที่เขาอยาก เพราะเขาเป็นคนที่ยึดมั่นถือมั่นมาก ๆ,Yo sé que Luis va a lograr lo que quiere porque es muy tenaz.,
ฉัน ถ้าสามารถเลือกได้ แทนที่จะอยู่คนเดียว ฉันเลือกที่จะอยู่คบหากับใครบางคนดีกว่า,"Yo, si pudiera elegir, en lugar de estar solo, preferiría estar bien con alguien.",
ระวังช่องว่างระหว่างรถไฟและชานชาลา,¡Atención al hueco entre el tren y el andén!,!
เธอทำให้ฉันโกรธ,¡Me das rabia!,!
อย่าเพิ่งตัดใจตอนนี้ คือมันเหลืออีกนิดเดียวเธอก็จะเสร็จวิทยานิพนธ์แล้วก็จะจบแล้ว,"¡No desmayes ahora, que te falta poco para terminar la tesis y graduarte!",¡!
คุณคิดว่ามันคุ้มไหมที่จะติดตั้งกังหันลมผลิตไฟฟ้าที่นี่,¿Crees que es rentable instalar un aerogenerador aquí?,
จะสามารถบูรณาการณ์ปรัชญานี้ให้เข้ากับชีวิตประจำวันได้อย่างไร,¿Cómo se puede compaginar esta filosofía con la vida diaria?,
ขอกัดแซนวิชคำนึงได้ไหม,¿Me das un mordisco de tu bocadillo?,
ฉันขอฝาขวดเบียร์<sub>(เอก)</sub>ของเธอเอามาสะสมได้ไหม,¿Me regalas la chapa de tu cerveza para mi colección?,
บุรุษปริศนา<u>คนนั้น</u>ที่นั่งอยู่ที่โต๊ะตรงหัวมุมเป็นใครกัน,¿Quién es ese hombre misterioso en la mesa del rincón?,
พวกเขาเป็นใคร,¿Quiénes son ellos?,
อะไรทำให้พวกเธอขี้เกียจ,¿Qué os da pereza?,
ผลลัพธ์อะไรที่เธอตั้งใจจะค้นหาจากการวิจัยในครั้งนี้,¿Qué resultados pretendes encontrar con esta investigación?,- ผลลัพธ์เป็นพหูพจน์
จอนของฉันมันไม่เท่ากันดูเด่นไหม,¿Se nota que mis patillas están disparejas?,
เธอ(คิด)เห็นว่างอย่างไรล่ะ,¿Tú cómo lo ves?,- ver
