Deutsch,Deutsch (ohne Artikel),Deutsch (Plural),Thailändisch,Thäilandisch (Reverse)
(das) Bulgarien,Bulgarien,,ประเทศบัลแกเรีย,y
(das) Frankreich,Frankreich,,ประเทศฝรั่งเศส,y
(das) Polen,Polen,,ประเทศโปแลนด์,y
(das) Russland,Russland,,ประเทศรัสเซีย,y
(die) Schweiz,Schweiz,,ประเทศสวิตเซอร์แลนด์,y
(die) Türkei,Türkei,,ประเทศตุรกี,y
(die) USA,USA,,สหรัฐอเมริกา,y
Brasilien,,,ประเทศบราซิล,y
Großbritannien,,,อังกฤษ GB,y
Halbe,,die Halben,ครึ่งหนึ่ง (!~f),y
Rom,,,กรุงโรม,y
Wien,,,กรุงเวียนนา,y
das Abendessen,,die Abendessen,อาหารเย็น,y
das Abenteuer,Abenteuer,die Abenteuer,การผจญภัย,y
das All,All,,จักรวาล,y
das Alter,Alter,,อายุ,y
das Angebot,Angebot,die Angebote,การช่วยเหลือ ข้อเสนอ คำแนะนำ (!B),y
das Arbeitszimmer,,,ห้องทำงาน,y
das Auge,Auge,die Augen,ตา (ดวงตา),y
das Ausland,,,ต่างประเทศ,y
das Austausch,Austausch,die Austausche,การแลกเปลี่ยน (เช่น นศ.แลกเปลี่ยน),y
das Auto,Auto,die Autos,รถยนต์ (!W),y
das Baby,Baby,die Babys,เด็กทารก,y
das Bad,Bad,die Bäder,ห้องอาบน้ำ (ไม่ Zimmer),y
das Badezimmer,,,ห้องอาบน้ำ (zimmer),y
das Ballet,Ballet,,การเต้นบัลเลต์,y
das Becken,Becken,,อ่าง ถัง,y
das Bein,Bein,die Beine,ขา,y
das Beispiel,Beispiel,die Beispiele,ตัวอย่าง,y
das Benzin,Benzin,,น้ำมัน (เบนซิน),y
das Besteck,Besteck,,เครื่องครัว,y
das Bett,Bett,die Betten,เตียง,y
das Bettlaken,Bettlaken,die Bettlaken,ผ้าปูที่นอน (!~b),y
das Betttuch,,,ผ้าปูที่นอน (~t),y
das Bier,Bier,die Biere,เบียร์,y
das Bild,Bild,die Bilder,รูปวาด รูปภาพ,y
das Blatt,Blatt,die Blätter,ใบไม้,y
das Blut,Blut,,เลือด,y
das Boot,Boot,die Boote,เรือ (!S),y
das Brot,Brot,die Brote,ขนมปัง,y
das Brötchen,Brötchen,die Brötchen,ขนมปังก้อน,y
das Buch,Buch,die Bücher,หนังสือ,y
das Bundesland,,,สหพันธรัฐ,y
das Büro,Büro,die Büros,สำนักงาน,y
das Café,Café,die Cafés,ร้านกาแฟ,y
das Chinesisch,Chinesisch,,ภาษาจีน,y
das Croissant,Croissant,die Croissants,ครัวซองต์,y
das Dach,Dach,die Dächer,หลังคา,y
das Date,Date,,การออกเดท,y
das Datum,Datum,die Daten,วันที่,y
das Dokument,Dokument,die Dokumente,เอกสาร (!B),y
das Dorf,Dorf,die Dörfer,เมือง (d),y
das Ei,Ei,die Eier,ไข่,y
das Einfamilienhaus,,,บ้านอยู่หนึ่งครอบครัว,y
das Einkaufszentrum,,,ศูนย์การค้า ห้างสรรพสินค้า (!h),y
das Eis,Eis,die Eis,น้ำแข็ง ไอศกรีม,y
das Ende,Ende,die Enden,จุดสิ้นสุด การสำเร็จเสร็จสิ้น,y
das Erdgeschoss,,,ชั้นล่าง (ชั้นหนึ่ง),y
das Essen,Essen,die Essen,อาหาร,y
das Esszimmer,,,ห้องรับประทานอาหาร,y
das Fach,Fach,die Fächer,วิชา,y
das Fahrrad,Fahrrad,die Fahrräder,รถจักรยาน,y
das Fahrzeug,,,ยานพาหนะ,y
das Fenster,Fenster,,หน้าต่าง,y
das Ferienhaus,,,บ้านพักตากอากาศ,y
das Feuer,Feuer,die Feuer,ไฟ (!แสง),y
das Fieber,Fieber,,ไข้,y
das Fleisch,Fleisch,,เนื้อ,y
das Flugzeug,Flugzeug,die Flugzeuge,เครื่องบิน,y
das Fläschchen,Fläschchen,die Fläschchen,ขวดขนาดเล็ก,y
das Foto,Foto,die Fotos,รูปถ่าย,y
das Französisch,Französisch,,ภาษาฝรั่งเศส,y
das Frühstück,Frühstück,,อาหารเช้า,y
das Futter,Futter,,อาหาร ของกิน (F),y
das Fußballspiel,Fußballspiel,die Fußballspielen,การแข่งขันฟุตบอล,y
das Fußballteam,Fußballteam,die Fußballteams,ทีมฟุตบอล,y
das Fähnchen,,,ธง (ผืนเล็ก),y
das Geburtsdatum,Geburtsdatum,die Geburtsdaten,วันเดือนปีที่เกิด,y
das Gebäck,Gebäck,,บิสกิต,y
das Gebäude,Gebäude,die Gebäude,อาคาร,y
das Gefühl,Gefühl,die Gefühle,ความรู้สึก,y
das Gehalt,Gehalt,die Gehälter,เงินเดือน,y
das Gehirn,Gehirn,die Gehirne,สมอง,y
das Geld,Geld,die Gelder,เงิน,y
das Gemüse,Gemüse,die Gemüse,ผัก,y
das Gepäck,Gepäck,,กระเป๋าเดินทาง สัมภาระ (G),y
das Gericht,Gericht,,ศาล,y
das Gerät,Gerät,die Geräte,อุปกรณ์ เครื่องมือ (!Wz),y
das Geschenk,Geschenk,die Geschenke,ของขวัญ,y
das Geschirr,Geschirr,,จานชาม,y
das Geschlecht,Geschlecht,die Geschlechter,เพศ,y
das Geschoss,Geschoss,die Geschosse,ชั้น (g),y
das Geschwister,Geschwister,,พี่น้อง,y
das Geschwür,,,แผลเปื่อย,y
das Geschäft,Geschäft,die Geschäfte,ร้าน (ธุรกิจ),y
das Gesicht,Gesicht,die Gesichter,หน้า ใบหน้า,y
das Getränk,Getränk,die Getränke,เครื่องดื่ม,y
das Gewitter,Gewitter,die Gewitter,พายุ (!S),y
das Glas,Glas,die Gläser,"แก้ว (copa, vaso)",y
das Glück,Glück,,โชค,y
das Gold,Gold,,ทองคำ,y
das Gramm,Gramm,,กรัม,y
das Gras,Gras,die Gräser,หญ้า,y
das Grundstück,Grundstück,die Grundstücke,ที่ดิน,y
das Haar,Haar,die Haare,ผม (เส้นผม),y
das Halstuch,Halstuch,die Halstücher,ผ้าพันคอ (H),y
das Handtuch,,,ผ้าเช็ดมือ,y
das Handwerk,,,งานศิลปหัตถกรรม งานทำมือ,y
das Handy,Handy,die Handys,โทรศัพท์มือถือ,y
das Haus,Haus,die Häuser,บ้าน,y
das Haushaltswarengeschäft,,,ร้านขายเครื่องใช้ในครัว,y
das Haustier,Haustier,die Haustiere,สัตว์เลี้ยง,y
das Heft,Heft,die Hefte,หนังสือเรียน,y
das Hemd,Hemd,die Hemden,เสื้อเชิต,y
das Herz,Herz,die Herzen,หัวใจ,y
das Hobby,Hobby,die Hobbys,งานอดิเรก,y
das Hochhaus,Hochhaus,,ตึกสูง อาคารหลายชั้น,y
das Holz,Holz,die Hölzer,ไม้,y
das Huhn,Huhn,die Hühner,ไก่ตัวเมีย,y
das Hähnchen,Hähnchen,die Hähnchen,ไก่ เนื้อไก่,y
das Häschen,Häschen,die Häschen,ลูกกระต่าย,y
das Häuschen,,,กระท่อม บ้านหลังเล็ก ๆ,y
das Innere,Innere,die Inneren,ภายใน,y
das Insekt,Insekt,die Insekten,แมลง,y
das Interesse,Interesse,die Interessen,ความสนใจ,y
das Jahr,Jahr,die Jahre,ปี,y
das Jahrhundert,,,ศตวรรษ,y
das Kaninchen,Kaninchen,,กระต่าย,y
das Kaufhaus,,,ห้างสรรพสินค้า (!z),y
das Kehrblech,Kehrblech,die Kehrbleche,ที่ตักผง,y
das Kilo,Kilo,die Kilos,กิโล,y
das Kind,Kind,die Kinder,ลูก,y
das Kino,Kino,die Kinos,โรงภาพยนตร์,y
das Kissen,Kissen,die Kissen,หมอน,y
das Klavier,Klavier,die Klaviere,เปียโน,y
das Kleid,Kleid,die Kleider,ชุดเดรส,y
das Klima,Klima,die Klimata,สภาพอากาศ (!W),y
das Klo,Klo,die Klos,ชักโครก,y
das Knie,Knie,die Knie,หัวเข่า,y
das Konto,Konto,die Kontos,บัญชี,y
das Korn,Korn,die Körner,ข้าวโพด,y
das Krankenhaus,,,โรงพยาบาล,y
das Lachssteak,Lachssteak,die Lachssteaks,สเต็กปลาแซลมอน,y
das Ladegerät,,,สายชาร์จ ที่ชาร์จแบตเตอรี,y
das Land,Land,die Länder,ประเทศ,y
das Leben,Leben,die Leben,ชีวิต,y
das Lenkrad,Lenkrad,die Lenkräder,พวงมาลัย,y
das Lesen,Lesen,die Lesen,การอ่านหนังสือ,y
das Licht,Licht,die Lichter,ไฟ แสง (!F),y
das Lieblingsessen,Lieblingsessen,die Lieblingsessen,อาหารโปรด,y
das Lieblingsgetränk,Lieblingsgetränk,die Lieblingsgetränke,เครื่องดื่มโปรด,y
das Lied,Lied,die Lieder,เพลง,y
das Magengeschwür,,,โรคกระเพาะ,y
das Mal,Mal,die Mäle,ครั้ง,y
das Maß,Maß,die Maße,มาตรวัด การวัด,y
das Medikament,Medikament,die Medikamente,ยา การรักษา,y
das Meer,Meer,die Meere,ทะเล,y
das Mehl,Mehl,die Mehle,แป้ง,y
das Mehrfamilienhaus,,,บ้านอยู่หลายครอบครัว,y
das Menü,Menü,die Menüs,อาหารชุด (คอร์ส),y
das Messer,Messer,die Messer,มีด,y
das Metall,Metall,die Metalle,โลหะ,y
das Mikrofon,Mikrofon,die Mikrofone,ไมโครโฟน,y
das Mitglied,Mitglied,die Mitglieder,สมาชิก,y
das Mittagessen,,die Mittagessen,อาหารกลางวัน,y
das Mittel,Mittel,die Mittel,ยา(เม็ด) (!T),y
das Modell,Modell,die Modelle,นายแบบ นางแบบ,y
das Motorrad,Motorrad,die Motorräder,รถจักรยานยนต์,y
das Museum,Museum,die Museen,พิพิธภัณฑ์,y
das Möbel,Möbel,die Möbel,เฟอร์นิเจอร์,y
das Müsli,Müsli,die Müslis,ซีเรียล (อาหารเช้า),y
das Obst,Obst,die Obst,ผลไม้ (O),y
das Ohr,Ohr,die Ohren,หู,y
das Opfer,Opfer,die Opfer,ผู้ประสบภัย เหยื่อ,y
das Paar,Paar,die Paare,คู่,y
das Papier,Papier,die Papiere,กระดาษ,y
das Parfüm,Parfüm,die Parfüme / die Parfüms,น้ำหอม,y
das Pausenbrot,,,แซนด์วิช,y
das Pech,Pech,,ความโชคร้าย,y
das Pferd,Pferd,die Pferde,ม้า,y
das Picknick,Picknick,die Picknicks,การปิกนิก,y
das Polnisch,Polnisch,,ภาษาโปแลนด์,y
das Portugiesisch,Portugiesisch,,ภาษาโปรตุเกส,y
das Praktikum,Praktikum,die Praktika,การฝึกงาน (!~ung),y
das Problem,Problem,die Probleme,ปัญหา,y
das Prozent,Prozent,die Prozente,เปอร์เซ็นต์ ร้อยละ,y
das Publikum,Publikum,die Publiken,ผู้คน ฝูงชน,y
das Puzzle,Puzzle,die Puzzles,จิกซอว์,y
das Quartal,Quartal,die Quartale,ไตรมาส,y
das Radio,Radio,die Radios,วิทยุ,y
das Rathaus,Rathaus,die Rathäuser,ศาลากลางจังหวัด (~บ้าน),y
das Rauchverbot,Rauchverbot,die Rauchverbote,การห้ามสูบบุหรี่,y
das Regal,Regal,die Regale,ชั้นวาง,y
das Restaurant,Restaurant,die Restaurants,ร้านอาหาร,y
das Resultat,Resultat,die Resultate,ผลลัพธ์,y
das Rezept,Rezept,die Rezepte,สูตรอาหาร,y
das Rind,Rind,die Rinder,วัว เนื้อวัว,y
das Rindersteak,Rindersteak,die Rindersteaks,สเต็กเนื้อวัว,y
das Salz,Salz,die Salze,เกลือ,y
das Schach,Schach,,หมากรุก,y
das Schiff,,die Schiffen,เรือ (!B),y
das Schild,Schild,die Schilder,ป้าย,y
das Schlafzimmer,,,ห้องนอน,y
das Schlagzeug,,,กลองชุด,y
das Schloss,Schloss,die Schlosses,ปราสาท,y
das Schnitzel,Schnitzel,die Schnitzel,ชนิทต์เซล,y
das Schwein,Schwein,die Schweine,หมู,y
das Schweinefleisch,Schweinefleisch,,เนื้อหมู,y
das Schweinegeld,Schweinegeld,die Schweinegelder,ราคาแพงที่มาก (คำนาม),y
das Schwimmbad,Schwimmbad,die Schwimmbäder,สระว่ายน้ำ,y
das Seminar,Seminar,die Seminare,สัมมนา,y
das Snack,Snack,die Snacks,ขนม,y
das Sofa,Sofa,die Sofas,โซฟา,y
das Souvenir,Souvenir,die Souvenires,ของฝาก,y
das Spaghetti,Spaghetti,,สปาเกตตี,y
das Spielzeug,Spielzeug,die Spielzeuge,ของเล่น (Sz),y
das Stadion,Stadion,die Stadien,สเตเดียม,y
das Stadtviertel,,,เขต ตำบล ย่าน,y
das Stadtzentrum,,,ใจกลางเมือง,y
das Steak,Steak,die Steaks,สเต็ก,y
das Studio,Studio,die Studios,ห้องสตูดิโอ,y
das Stück,Stück,die Stücke,ชิ้น,y
das Tagebuch,,,ไดอารี,y
das Taschentuch,,,ผ้าเช็ดหน้า,y
das Team,Team,die Teams,ทีม (!M),y
das Telefon,Telefon,die Telefons,โทรศัพท์,y
das Tennis,Tennis,,เทนนิส,y
das Ticket,Ticket,die Tickets,ตั๋ว,y
das Tier,Tier,die Tiere,สัตว์,y
das Tischtuch,,,ผ้าปูโต๊ะ,y
das Tor,Tor,die Tore,ประตู(นอกบ้าน) ซุ้ม,y
das Training,Training,die Training,การฝึก การซ้อม,y
das Tuch,Tuch,die Tücher,ผ้า,y
das Turnen,Turnen,,วิชาพละ,y
das Ufer,Ufer,die Ufer,ตลิ่ง,y
das Verbot,Verbot,die Verbote,การห้าม,y
das Verhältnis,Verhältnis,die Verhältnisse,อัตราส่วน ความสัมพันธ์ (เชิงปริมาณ) ปฏิสัมพันธ์,y
das Verständnis,Verständnis,die Verständnisse,ความเข้าใจ,y
das Viertel,Viertel,die Viertel,หนึ่งในสี่,y
das Visum,Visum,die Visa,วีซ่า,y
das Wachtelei,,,ไข่นกกระทา,y
das Waschbecken,Waschbecken,,อ่างล้างมือ,y
das Waschmittel,Waschmittel,die Waschmittel,ผงซักฟอก,y
das Waschzeug,Waschzeug,,ผ้าซัก,y
das Weiblein,Weiblein,,เพศหญิง,y
das Werk,Werk,die Werke,ผลงาน ชิ้นงาน โรงงาน,y
das Werkzeug,,die Werkzeuge,เครื่องมือทำงาน อุปกรณ์ช่าง,y
das Wetter,Wetter,,สภาพอากาศ (!K),y
das Wochenende,Wochenende,die Wochenenden,สุดสัปดาห์,y
das Wohnzimmer,,,ห้องนั่งเล่น,y
das Wort,Wort,die Wörter,คำ,y
das Wörterbuch,Wörterbuch,die Wörterbücher,พจนานุกรม,y
das Zentrum,Zentrum,die Zentren,ศูนย์กลาง,y
das Zertifikat,Zertifikat,die Zertifikate,ประกาศนียบัตร,y
das Zimmer,Zimmer,die Zimmer,ห้อง (!R),y
das Äuglein,Äuglein,,ดวงตา (เล็ก ๆ),y
das Öl,Öl,,น้ำมัน,y
der Abend,Abend,die Abende,ตอนเย็น ค่ำ,y
der Abfall,Abfall,die Abfälle,ขยะ,y
der Akku,Akku,die Akkus,แบตเตอรี (!B),y
der Alkohol,Alkohol,,แอลกอฮอล,y
der Anfänger,,,มือใหม่,y
der Angestellter,Angestellter,,พนักงานบริษัท,y
der Anzug,Anzug,die Anzüge,ชุดสูท,y
der Apfel,Apfel,die Äpfen,แอปเปิล,y
der Apotheker,Apotheker,die Apotheker,เภสัชกร,y
der April,April,,เมษายน,y
der Arbeitgeber,,,นายจ้าง,y
der Arbeitskollege,,,เพื่อนร่วมงาน (A+),y
der Arbeitsort,,,สถานที่ทำงาน,y
der Architekt,Architekt,die Architekten,สถาปนิก,y
der Arm,Arm,die Arme,แขน,y
der Arsch,Arsch,die Ärsche,ก้น,y
der Artikel,Artikel,die Artikel,บทความ,y
der Arzt,Arzt,die Ärzte,แพทย์,y
der Aufenthalt,Aufenthalt,die Aufenthalte,การอยู่ การพักอาศัย,y
der Aufzug,Aufzug,,ลิฟต์,y
der August,August,,สิงหาคม,y
der Ausflug,Ausflug,die Ausflüge,ทริป การเดินทาง (!R!F),y
der Austauschstudent,,,นักเรียนแลกเปลี่ยน,y
der Ausweis,Ausweis,die Ausweise,บัตรประจำตัว หลักฐานประจำตัว หนังสือเดินทาง ใบรับรอง,y
der Außenminister,Außenminister,,รัฐมนตรีต่างประเทศ,y
der Bahnhof,Bahnhof,die Bahnhöfe,สถานีรถไฟ,y
der Balkon,Balkon,die Balkone,ระเบียง,y
der Ball,Ball,die Bälle,ลูกบอล,y
der Bau,Bau,die Bauten,การก่อสร้าง อาคารบ้านเรือน,y
der Bauch,Bauch,die Bäuche,ท้อง (อวัยวะ),y
der Bauer,Bauer,die Bauer,ชาวนา,y
der Bauernhof,Bauernhof,die Bauernhöfe,ฟาร์ม ชานเมือง ต่างจังหวัด บ้านนอก,y
der Baum,Baum,die Bäume,ต้นไม้,y
der Bereich,Bereich,die Bereiche,บริเวณ,y
der Berg,Berg,die Berge,ดอย ภูเขา,y
der Bericht,Bericht,die Berichte,รายงาน เอกสารรายงาน,y
der Beruf,Beruf,die Berufe,อาชีพ,y
der Bescheid,Bescheid,die Bescheide,การแจ้งเตือน การแจ้งข่าว,y
der Besen,Besen,die Besen,ไม้กวาด,y
der Besitzer,Besitzer,die Besitzer,เจ้าของ,y
der Besuch,Besuch,die Besuche,การเยี่ยม,y
der Betreiber,,,ผู้ควบคุม ผู้ปฏิบัติการ,y
der Bettbezug,Bettbezug,die Bettbezüge,ผ้าปูเตียง (!~l),y
der Bewohner,Bewohner,,ผู้อยู่อาศัย,y
der Bezirk,Bezirk,die Bezirke,ย่าน เขต,y
der Bezug,Bezug,die Bezüge,ผ้าคลุม,y
der Bilderrahmen,Bilderrahmen,die Bilderrahmen,กรอบรูป,y
der Blattsalat,,,สลัดใบเขียว,y
der Bleistift,Bleistift,die Bleistifte,ดินสอ,y
der Blick,Blick,die Blicke,วิว ทิวทัศน์,y
der Bock,Bock,die Böcke,อารมณ์ ความอยาก (ที่จะทำอะไรสักอย่าง) (!L),y
der Boden,Boden,die Böden,พื้น,y
der Brief,Brief,die Briefe,จดหมาย,y
der Brotladen,,,ร้านขายขนมปัง,y
der Bruder,Bruder,die Brüder,พี่ชาย น้องชาย,y
der Buchstabe,Buchstabe,die Buchstaben,ตัวอักษร (!S),y
der Bus,Bus,die Busse,รถบัส รถประจำทาง,y
der Bäcker,Bäcker,,คนทำขนมปัง,y
der Bär,Bär,die Bären,หมี,y
der Bürger,Bürger,die Bürger,พลเมือง,y
der Bürgermeister,Bürgermeister,,นายอำเภอ ผู้ว่า,y
der Cappuccino,Cappuccino,die Cappuccinos,คาปูชิโน,y
der Champagner,Champagner,die Champagner,แชมเปญ,y
der Chef,Chef,die Chefs,เจ้านาย,y
der Club,Club,,ไนท์คลับ,y
der Cocktail,Cocktail,die Cocktails,ค็อกเทล,y
der Computer,Computer,die Computer,คอมพิวเตอร์,y
der Cousin,Cousin,die Cousins,ลูกพี่ลูกน้อง,y
der Damenschuh,,,รองเท้าผู้หญิง,y
der Daumen,Daumen,die Daumen,นิ้วโป้ง,y
der Dezember,Dezember,,ธันวาคม,y
der Dienstag,,,วันอังคาร,y
der Dolmetscher,Dolmetscher,,ล่าม (อาชีพ),y
der Dom,Dom,die Dome,โบสถ์ใหญ่ (คาธีดรัล),y
der Donnerstag,,,วันพฤหัสบดี,y
der Drachen,Drachen,die Drachen,ว่าว มังกร,die Drachen
der Durchfall,Durchfall,,ท้องเสีย,y
der Durst,Durst,,ความกระหายน้ำ,y
der Ehemann,,,สามี,y
der Eindruck,Eindruck,die Eindrucke,ความประทับใจ,y
der Eingang,Eingang,die Eingänge,ทางเข้า,y
der Elektriker,Elektriker,die Elektriker,ช่างไฟฟ้า,y
der Enkel,Enkel,die Enkel,หลานชายของปู่ย่าตายาย,y
der Erfolg,Erfolg,die Erfolge,ความสำเร็จ,y
der Ernst,Ernst,die Ernste,ความจริงจัง,y
der Erwachsener,Erwachsener,die Erwachsenen,ผู้ใหญ่,y
der Fachmann,,,ผู้เชี่ยวชาญ,y
der Fahrer,Fahrer,,พนักงานขับรถ คนขับรถ,y
der Familienname,Familienname,die Familiennamen,นามสกุล (F…),y
der Familienstand,Familienstand,die Familienstände,สถานภาพ,y
der Fan,Fan,die Fans,แฟนคลับ,y
der Februar,Februar,,กุมภาพันธ์,y
der Feierabend,,,การเลิกงาน,y
der Feind,Feind,die Feinde,ศัตรู,y
der Fernbus,,,รถบัสระยะไกล,y
der Fernseher,Fernseher,die Fernseher,โทรทัศน์,y
der Fernsehturm,,,เสาสัญญาณโทรทัศน์,y
der Ferrari,Ferrari,,รถเฟอร์รารี,y
der Film,Film,die Filme,ภาพยนตร์ (f),y
der Finger,Finger,die Finger,นิ้วมือ,y
der Fisch,Fisch,die Fische,ปลา,y
der Fischmarkt,Fischmarkt,,ตลาดปลา,y
der Flug,Flug,die Flüge,เที่ยวบิน,y
der Flughafen,Flughafen,die Flughäfen,สนามบิน,y
der Flur,Flur,die Flure,โถงทางเดิน,y
der Fluss,Fluss,die Flüsse,แม่น้ำ,y
der Franzose,Franzose,die Franzosen,คนฝรั่งเศส,y
der Freitag,,,วันศุกร์,y
der Freund,Freund,die Freunde,เพื่อน,y
der Friseur,Friseur,die Friseure,ช่างทำผม ช่างตัดผม,y
der Frühling,Frühling,die Frühlinge,ฤดูใบไม้ผลิ,y
der Fuß,Fuß,die Füße,เท้า,y
der Fußball,Fußball,die Fußbälle,ฟุตบอล,y
der Füller,Füller,die Füller,ปากกาหมึกซึม,y
der Garten,Garten,die Gärten,สวน,y
der Gast,Gast,die Gäste,แขก,y
der Geburtsort,Geburtsort,die Geburtsorte,สถานที่เกิด,y
der Geburtstag,Geburtstag,die Geburtstage,วันเกิด,y
der Gedanke,Gedanke,die Gedanken,ความคิด,y
der Gegner,Gegner,die Gegner,คู่แข่ง,y
der Geldschein,Geldschein,,ธนบัตร,y
der Geschäftsführer,,,ผู้บริหาร,y
der Großvater,Großvater,die Großväter,ปู่ ตา (ß),y
der Grund,Grund,die Gründe,เหตุผล,y
der Gruß,Gruß,die Grüße,การทักทาย คำทักทาย,y
der Hafen,Hafen,die Häfen,ท่าเรือ,y
der Hahn,Hahn,die Hähne,ไก่ตัวผู้,y
der Hals,Hals,die Hälse,คอ ลำคอ,y
der Halter,Halter,die Halter,ที่วาง ที่จับ ที่ถือ,y
der Hase,Hase,die Hasen,กระต่ายป่า,y
der Haushalt,Haushalt,die Haushalte,งานบ้าน,y
der Herbst,Herbst,die Herbste,ฤดูใบไม้ร่วง,y
der Herd,Herd,die Herde,เตา,y
der Himmel,Himmel,,ท้องฟ้า,y
der Hof,Hof,die Höfe,ชานบ้าน,y
der Honig,Honig,,น้ำผึ้ง,y
der Humor,Humor,,อารมณ์ขัน,y
der Hund,Hund,die Hunde,สุนัข,y
der Hunger,Hunger,,ความหิว,y
der Husten,Husten,,อาการไอ,y
der Hut,Hut,die Hüter,หมวก (ปีกรอบ),y
der Ingenieur,Ingenieur,,วิศวกร,y
der Januar,Januar,,มกราคม,y
der Joghurt,Joghurt,die Joghurts,โยเกิร์ต,y
der Journalist,Journalist,die Journalisten,นักข่าว,y
der Juli,Juli,,กรกฎาคม,y
der Junge,Junge,die Jungen,เด็กผู้ชาย,y
der Juni,Juni,,มิถุนายน,y
der Kaffee,Kaffee,die Kaffees,กาแฟ,y
der Kaiser,Kaiser,die Kaiser,จักรพรรดิ,y
der Kakerlak,Kakerlak,die Kakerlake,แมลงสาบ,y
der Kalender,Kalender,die Kalender,ปฏิทิน,y
der Kanal,Kanal,die Kanäle,คลอง,y
der Kartoffelsalat,Kartoffelsalat,die Kartoffelsalate,สลัดมันฝรั่ง,y
der Kaufmann,Kaufmann,,นักธุรกิจ (!G),y
der Keks,Keks,die Kekse,คุกกี้,y
der Keller,Keller,die Keller,ห้องใต้ดิน,y
der Kellner,Kellner,,บริกร,y
der Kinderspielplatz,,,สนามเด็กเล่น,y
der Klausur,Klausur,die Klausuren,การสอบ (ในโรงเรียน),y
der Kleinfinger,,,นิ้วก้อย,y
der Knoblauch,Knoblauch,,กระเทียม,y
der Knopf,Knopf,die Knöpfe,กระดุม,y
der Koch,Koch,,พ่อครัว,y
der Koffer,Koffer,die Koffer,กระเป๋าเดินทาง (K),y
der Kollege,Kollege,die Kollegen,เพื่อนร่วมชั้นเรียน เพื่อนร่วมงาน,y
der Kopf,Kopf,die Köpfe,ศีรษะ หัว,y
der Korb,Korb,die Körbe,ตะกร้า,y
der Krankenwagen,,,รถพยาบาล,y
der Kreis,Kreis,die Kreise,วงกลม,y
der Kuchen,Kuchen,die Kuchen,เค้ก,y
der Kugelschreiber,Kugelschreiber,,ปากกาลูกลื่น (KS),y
der Kuli,Kuli,die Kulis,ปากกา (K),y
der Kunde,Kunde,die Kunden,ลูกค้า,y
der Kurs,Kurs,die Kurse,ชั้นเรียน หลักสูตร คอร์ส,y
der Kuss,Kuss,die Küsse,การจูบ,y
der Käse,Käse,,ชีส,y
der König,König,die Könige,พระมหากษัตริย์,y
der Körper,Körper,die Körper,ร่างกาย,y
der Körperteil,Körperteil,die Körperteile,อวัยวะในร่างกาย,y
der Kühlschrank,Kühlschrank,die Kühlschränke,ตู้เย็น,y
der Künstler,,,ศิลปิน,y
der Lachs,Lachs,die Lachse,ปลาแซลมอน,y
der Laden,Laden,die Läden,ร้าน (!G),y
der Landkreis,Landkreis,die Landkreise,ตำบล,y
der Laptop,Laptop,die Laptops,คอมพิวเตอร์โนตบุก,y
der Lastwagen,Lastwagen,die Lastwagen,รถบรรทุก,y
der Lautsprecher,Lautsprecher,die Lautsprecher,ลำโพง,y
der Leder,Leder,,หนังสัตว์,y
der Leiter,Leiter (Person),die Leiter,ผู้จัดการ,y
der Lichtschalter,,die Lichtschalter,สวิตช์ไฟ,y
der Liebling,Liebling,die Lieblinge,ของโปรด ของชอบ,y
der Liter,Liter,die Liter,ลิตร,y
der Lolly,Lolly,,ลูกกวาด,y
der Lärm,,,เสียง (อะไรบางอย่าง),y
der Löffel,Löffel,die Löffel,ช้อน,y
der Löwe,Löwe,die Löwen,สิงโต,y
der Magen,Magen,die Magen,กระเพาะ,y
der Mai,Mai,,พฤษภาคม,y
der Mann,Mann,die Männer,ผู้ชาย,y
der Mantel,Mantel,die Mäntel,เสื้อโค้ต,y
der Markt,Markt,die Märkte,ตลาด,y
der Marktplatz,Marktplatz,die Marktplätze,จตุรัสใจกลางเมือง,y
der Meerblick,,,วิวทะเล,y
der Mensch,Mensch,die Menschen,คน มนุษย์,y
der Mieter,Mieter,die Mieter,ผู้เช่า,y
der Minister,Minister,,รัฐมนตรี,y
der Mitarbeiter,,,พนักงาน ลูกจ้าง,y
der Mittag,Mittag,die Mittage,ตอนเที่ยง,y
der Mittelfinger,,,นิ้วกลาง,y
der Mittwoch,,die Mittwoche,วันพุธ,y
der Monat,Monat,die Monate,เดือน,y
der Mond,Mond,die Monde,ดวงจันทร์,y
der Montag,,,วันจันทร์,y
der Morgen,Morgen,die Morgen,ตอนเช้า,y
der Motor,Motor,die Motoren,เครื่องยนต์,y
der Mund,Mund,die Münder,ปาก,y
der Mut,Mut,,ความกล้าหาญ ความพยายาม,y
der März,März,,มีนาคม,y
der Mülleimer,Mülleimer,die Mülleimer,ถังขยะ,y
der Nachbar,Nachbarn,die Nachbarn,เพื่อนบ้าน,y
der Nachmittag,Nachmittag,die Nachmittage,ตอนบ่าย,y
der Nachname,Nachname,die Nachnamen,นามสกุล (N…),y
der Nachtisch,Nachtisch,die Nachtische,ของหวาน อาหารหลังมื้อหลัก,y
der Name,Name,die Namen,ชื่อ,y
der Neffe,Neffe,die Neffen,หลานชาย (ของลุงป้าน้าอา),y
der Norden,Norden,,ทิศเหนือ,y
der Notfall,Notfall,die Notfälle,เรื่องเร่งด่วน เรื่องฉุกเฉิน,y
der November,November,,พฤศจิกายน,y
der Ofen,Ofen,die Öfen,เตาอบ,y
der Oktober,Oktober,,ตุลาคม,y
der Onkel,Onkel,die Onkel,ลุง,y
der Opa,Opa,die Opas,ปู่ ตา (O),y
der Orangensaft,Orangensaft,die Orangensäfte,น้ำส้ม,y
der Ort,Ort,die Orte,เมือง หมู่บ้าน สถานที่,y
der Osten,Osten,,ทิศตะวันออก,y
der Palast,Palast,die Paläste,พระราชวัง,y
der Papagei,Papagei,die Papageien,นกแก้ว,y
der Partner,Partner,die Partner,คู่หู,y
der Pass,Pass,die Pässe,หนังสือเดินทาง,y
der Patient,Patient,die Patienten,คนไข้ (!K),y
der Pfannkuchen,,,แพนเค้ก,y
der Pfeffer,Pfeffer,die Pfeffer,พริกไทย,y
der Pfirsich,Pfirsich,die Pfirsiche,ลูกพีช,y
der Pilz,Pilz,die Pilze,เห็ด,y
der Plan,Plan,die Pläne,แผน แผนงาน,y
der Platz,Platz,die Plätze,ลาน ที่ว่าง ที่,y
der Polizist,Polizist,die Polizisten,ตำรวจ (เจ้าพนักงาน),y
der Porsche,Porsche,,รถปอร์เช,y
der Praktikant,Praktikant,die Praktikanten,เด็กฝึกงาน,y
der Preis,Preis,die Preise,ราคา (คำนาม),y
der Prinz,Prinz,die Prinzen,เจ้าชาย,y
der Programmierer,,,โปรแกรมเมอร์,y
der Präsident,Präsident,die Präsidenten,ประธานาธิบดี,y
der Pullover,Pullover,die Pullover,เสื้อกันหนาว,y
der Punkt,Punkt,die Punkte,จุด,y
der Putsch,Putsch,,การทำรัฐประหาร,y
der Pyjama,Pyjama,die Pyjamas,ชุดนอน,y
der Rahmen,Rahmen,die Rahmen,กรอบ (รอบ ๆ),y
der Rand,Rand,die Ränder,ขอบ ด้านข้าง,y
der Rasierer,Rasierer,die Rasierer,ที่โกนหนวด,y
der Rauch,Rauch,,ควัน,y
der Raum,Raum,die Räume,ห้อง (!Z),y
der Rechtsanwalt,Rechtsanwalt,die Rechtsanwälte,ทนายความ,y
der Redakteur,,,บรรณาธิการ,y
der Regen,Regen,die Regen,ฝน,y
der Regenschirm,,,ร่มกันฝน,y
der Reifen,Reifen,die Reifen,ยางรถ,y
der Reis,Reis,die Reises,ข้าว,y
der Rettungsschwimmer,,,ยามชายฝั่ง,y
der Ring,Ring,die Ringe,แหวน,y
der Ringfinger,,,นิ้วนาง,y
der Rock,Rock,die Röcke,กระโปรง,y
der Roman,Roman,die Romane,นิยาย,y
der Rucksack,Rucksack,die Rucksäcke,กระเป๋าสะพาย แบ็กแพ็ก (!G),y
der Rücken,Rücken,die Rücken,หลัง (อวัยวะ) แผ่นหลัง,y
der Saft,Saft,die Säfte,น้ำผลไม้,y
der Salat,Salat,die Salate,สลัด,y
der Samstag,,,วันเสาร์,y
der Satz,Satz,die Sätze,ประโยค,y
der Schal,Schal,die Schale,ผ้าพันคอ (!t),y
der Schatz,Schatz,die Schätze,สมบัติ ที่รัก,y
der Schein,Schein,die Scheine,เอกสาร ใบรับรอง ธนบัตร,y
der Schirm,Schirm,die Schirme,ร่ม (!ฝน),y
der Schluss,Schluss,die Schlüsse,จุดจบ การปิด การสรุป,y
der Schlüssel,Schlüssel,die Schlüssel,กุญแจ,y
der Schmerz,Schmerz,die Schmerzen,อาการปวด,y
der Schmetterling,Schmetterling,die Schmetterlinge,ผีเสื้อ,y
der Schmuck,Schmuck,,เครื่องประดับ เพชร พลอย อัญมณี,y
der Schnaps,Schnaps,die Schnäpse,เหล้า สุรา,y
der Schnee,Schnee,,หิมะ,y
der Schnupfen,Schnupfen,,คัดจมูก น้ำมูกไหล,y
der Schokoladenkuchen,,,เค้กช็อกโกแลต บราวนี,y
der Schrank,Schrank,die Schränke,ตู้,y
der Schreibtisch,Schreibtisch,die Schreibtische,โต๊ะเขียนหนังสือ,y
der Schreibtisch,Schreibtisch,die Schreibtische,โต๊ะเขียนหนังสือ,y
der Schriftsteller,,,นักเขียนนิยาย,y
der Schuh,Schuh,die Schuhe,รองเท้า,y
der Schwager,Schwager,die Schwager,พี่เขย น้องเขย,y
der Schüler,,,นักเรียน (โรงเรียน),y
der See,See,die Seen,ทะเลสาบ,y
der Sekretär,Sekretär,,เลขานุการ,y
der Sekt,Sekt,die Sekte,สปาร์กลิงไวน์,y
der September,September,,กันยายน,y
der Service,Service,die Services,บริการ,y
der Sessel,Sessel,die Sessel,เก้าอี้นวม,y
der Sohn,Sohn,die Söhne,ลูกชาย,y
der Sommer,Sommer,die Sommer,ฤดูร้อน,y
der Sonntag,,,วันอาทิตย์,y
der Spaziergang,Spaziergang,die Spaziergänge,การเดินเล่น,y
der Spiegel,Spiegel,die Spiegel,กระจก,y
der Spion,Spion,die Spione,สายลับ,y
der Sport,Sport,,กีฬา,y
der Staat,Staat,die Staaten,ประเทศ รัฐ,y
der Stahl,Stahl,,เหล็ก,y
der Stand,Stand,die Stände,สถานะ,y
der Standort,,,ตำแหน่ง สถานที่จัดงาน,y
der Stau,Stau,die Staus,รถติด,y
der Staub,Staub,die Staube,ฝุ่น,y
der Stecker,Stecker,die Steckers,ปลั๊กไฟเต้าเสียบ,y
der Stein,Stein,die Steine,ก้อนหิน,y
der Stern,Stern,die Sterne,ดวงดาว,y
der Stiefel,Stiefel,die Stiefel,รองเท้าบูต,y
der Stift,Stift,die Stifte,ปากกา (S),y
der Stock,Stock,die Stock,ชั้น (s),y
der Strand,Strand,die Strände,ชายหาด,y
der Straßenname,,,ชื่อถนน,y
der Streit,Streit,die Streite,การแข่งขัน การถกเถียง การทะเลาะ,y
der Stress,Stress,,ความเครียด,y
der Strom,Strom,,ไฟฟ้า พลังงาน,y
der Stuhl,Stuhl,die Stühle,เก้าอี้,y
der Sturm,Sturm,die Stürme,พายุ (!G),y
der Sänger,,,นักร้อง,y
der Süden,Süden,,ทิศใต้,y
der Tag,Tag,die Tage,วัน,y
der Tee,Tee,die Tees,ชา,y
der Teilnehmer,Teilnehmer,die Teilnehmer,ผู้เข้าร่วม,y
der Teller,Teller,,จาน,y
der Teppich,Teppich,die Teppiche,พรม,y
der Termin,Termin,die Termine,การประชุม การนัดหมาย,y
der Test,Test,die Tests,การทดสอบ (T),y
der Tierarzt,,,สัตวแพทย์,y
der Tisch,Tisch,die Tische,โต๊ะ,y
der Topf,Topf,die Töpfe,หม้อ,y
der Tourist,Tourist,die Touristen,นักท่องเที่ยว,y
der Transport,Transport,die Transporte,การขนส่ง คมนาคม (!L),y
der Traum,Traum,die Träume,ความฝัน,y
der Trockner,Trockner,,เครื่องอบผ้า,y
der Tunnel,Tunnel,die Tunnel,อุโมงค์,y
der Turm,Turm,die Türme,หอคอย,y
der Türspion,,,ตาแมว (ประตู),y
der Umzug,Umzug,die Umzüge,การย้ายบ้าน,y
der Unfall,Unfall,die Unfälle,อุบัติเหตุ,y
der Unterricht,Unterricht,die Unterrichte,ชั้นเรียน คาบเรียน (U),y
der Unterschied,Unterschied,die Unterschiede,ความแตกต่าง,y
der Urlaub,Urlaub,die Urlaube,พักร้อน,y
der Vater,Vater,die Väter,พ่อ,y
der Vegetarier,,,คนทานมังสวิรัต,y
der Ventilator,Ventilator,die Ventilatoren,พัดลม,y
der Verein,Verein,die Vereine,ชมรม,y
der Verkehr,Verkehr,,การจราจร,y
der Verkäufer,Verkäufer,,พนักงานขาย,y
der Vermieter,,,ผู้ให้เช่า,y
der Vertrag,Vertrag,die Verträge,สัญญา ข้อตกลง,y
der Vertragspartner,,,คู่สัญญา,y
der Vogel,Vogel,die Vögel,นก,y
der Vorhang,Vorhang,die Vorhänge,ผ้าม่าน,y
der Vormittag,Vormittag,die Vormittage,ตอนสาย,y
der Vorname,Vorname,die Vornamen,ชื่อจริง,y
der Wagen,Wagen,die Wagen,รถ (!A),y
der Wald,Wald,die Wälder,ป่า,y
der Wasserhahn,Wasserhahn,die Wasserhähne,ก๊อกน้ำ,y
der Wecker,Wecker,die Wecker,นาฬิกาปลุก,y
der Weg,Weg,die Wege,ทาง หนทาง,y
der Weichspüler,Weichspüler,die Weichspüler,น้ำยาปรับผ้านุ่ม,y
der Weihnachtsbaum,,,ต้นคริสต์มาส,y
der Weihnachtsmann,,,ซานตาคลอส,y
der Wein,Wein,die Weine,ไวน์,y
der Westen,Westen,,ทิศตะวันตก,y
der Wind,Wind,die Winde,ลม,y
der Winter,Winter,die Winter,ฤดูหนาว,y
der Witz,Witz,die Witze,มุกตลก,y
der Wochentag,,,วันธรรมดา,y
der Wodka,Wodka,die Wodkas,ว็อดก้า,y
der Wunsch,Wunsch,die Wünsche,ความปรารถนา คำอธิษฐาน,y
der Zahn,Zahn,die Zähne,ฟัน,y
der Zahnarzt,,,ทันตแพทย์,y
der Zeigefinger,,,นิ้วชี้,y
der Zeitpunkt,,,ขณะเวลา จุดหนึ่งในช่วงเวลา,y
der Zeitraum,Zeitraum,die Zeiträume,ห้วงเวลา (!D!P),y
der Zettel,Zettel,die Zettel,เศษกระดาษ กระดาษโน้ต,y
der Zoll,Zoll,die Zölle,ศุลกากร,y
der Zucker,Zucker,,น้ำตาล,y
der Zufall,Zufall,die Zufälle,ความบังเอิญ,y
der Zug,Zug,die Züge,รถไฟ (!B),y
der Zwilling,Zwilling,die Zwillinge,ฝาแฝด,y
der/die Fremde,Fremde,die Fremden,คนแปลกหน้า,y
der/die Kranke,Kranke,die Kranken,ผู้ป่วย (!P),y
der/die Verwandte,Verwandte,die Verwandten,ญาติ,y
die Abteilung,,,แผนก,y
die Adresse,Adresse,die Adressen,ที่อยู่,y
die Ahnung,Ahnung,die Ahnungen,ความรู้ทันเหตุการณ์ ความคิด,y
die Allergie,Allergie,die Allergien,อาการแพ้,y
die Alpen,Alpen,,เทือกเขาแอลปส์,y
die Angst,Angst,die Ängst,ความกลัว,y
die Ansichtskarte,Ansichtskarte,die Ansichtskarten,โปสการ์ด (!P),y
die Antwort,Antwort,die Antworten,คำตอบ (a),y
die Anzeige,Anzeige,die Anzeigen,โฆษณา,y
die Apotheke,Apotheke,die Apotheken,ร้านขายยา,y
die Aprikose,Aprikose,die Aprikosen,อพริคอต,y
die Arbeit,Arbeit,die Arbeiten,งาน,y
die Architektin,,die Architektinnen,สถาปนิก (ญ),y
die Armbanduhr,,,นาฬิกาข้อมือ,y
die Atmosphäre,Atmosphäre,die Atmosphären,ชั้นบรรยากาศ,y
die Aufenthaltserlaubnis,,,การอนุญาตให้พักอาศัย,y
die Aufgabe,Aufgabe,die Aufgaben,งาน หน้าที่ ภาระ,y
die Augenfarbe,Augenfarbe,,สีของดวงตา,y
die Ausbildung,,die Ausbildungen,การฝึกงาน (!P),y
die Ausstellung,,,มหกรรม งานแสดง แฟร์,y
die Badewanne,Badewanne,die Badewannen,อ่างอาบน้ำ,y
die Bahn,Bahn,die Bahnen,รถไฟ (!Z),y
die Banane,Banane,die Bananen,กล้วย,y
die Bank,Bank,die Bänke,ธนาคาร,y
die Bar,Bar,die Bars,บาร์ ผับ,y
die Batterie,Batterie,die Batterien,แบตเตอรี (!A),y
die Bauchschmerzen,,,ปวดท้อง,y
die Beratung,,die Beratungen,คำแนะนำ คำปรึกษา (!A),y
die Bevölkerung,,,ประชากร,y
die Beziehung,,,ความสัมพันธ์ (ระหว่างบุคคล),y
die Bibel,Bibel,die Bibeln,พระคัมภีร์,y
die Bibliothek,Bibliothek,die Bibliotheken,ห้องสมุด,y
die Biene,Biene,die Bienen,ผึ้ง,y
die Biologie,Biologie,,ชีววิทยา,y
die Birne,Birne,die Birnen,ลูกแพร,y
die Blume,Blume,die Blumen,ดอกไม้,y
die Bluse,Bluse,die Blusen,เสื้อเชิตผู้หญิง,y
die Bohne,Bohne,die Bohnen,ถั่ว,y
die Botschaft,Botschaft,die Botschaften,สถานทูต,y
die Bratkartoffeln,Bratkartoffeln,,มันฝรั่งผัด,y
die Brille,Brille,die Brillen,แว่นตา,y
die Brust,Brust,die Brüste,หน้าอก,y
die Brücke,Brücke,die Brücken,สะพาน,y
die Buchhandlung,Buchhandlung,die Buchhandlungen,ร้านหนังสือ,y
die Bushaltestelle,Bushaltestelle,die Bushaltestellen,ป้ายรถเมล์,y
die Bäckerei,Bäckerei,die Bäckereien,เบเกอรี่,y
die Bürste,Bürste,die Bürsten,แปรง,y
die Chemie,Chemie,,เคมี,y
die Cola,Cola,die Colas,โคล่า,y
die Dame,Dame,die Damen,สุภาพสตรี คุณผู้หญิง,y
die Daten,,,ข้อมูล,y
die Dauer,Dauer,,ระยะเวลา (!P!~r),y
die Decke,Decke,die Decken,ผ้าห่ม เพดาน,y
die Dienstleitung,,,การบริการ,y
die Digitaluhr,Digitaluhr,die Digitaluhren,นาฬิกาดิจิตัล,y
die Disko,Disko,die Diskos,ดิสโก,y
die Diät,Diät,die Diäten,การไดเอ็ต,y
die Dose,Dose,die Dosen,ที่บรรจุ (D),y
die Dusche,Dusche,die Duschen,ฝักบัว,y
die E-Mail,E-Mail,die E-Mails,อีเมล,y
die Ecke,Ecke,die Ecken,หัวมุม,y
die Ehe,Ehe,die Ehen,การแต่งงาน (!H),y
die Ehefrau,,,ภรรยา,y
die Eierdiät,Eierdiät,,การไดเอ็ตโอยทานแต่ไข่,y
die Einladung,Einladung,die Einladungen,คำเชิญ คำเชื้อเชิญ,y
die Eltern,Eltern,,พ่อ แม่,y
die Energie,Energie,die Energien,พลังงาน,y
die Enkelin,Enkelin,die Enkelinnen,หลานสาวของปู่ย่าตายาย,y
die Enkelkinder,Enkelkinder,,หลาน ๆ ของปู่ย่าตายาย,y
die Ente,Ente,die Enten,เป็ด,y
die Entschuldigung,Entschuldigung,die Entschuldigungen,การขอโทษ,y
die Erdbeere,Erdbeere,die Erdbeeren,สตรอว์เบอร์รี,y
die Erde,Erde,die Erden,ดิน โลก,y
die Erinnerung,Erinnerung,die Erinnerungen,ความทรงจำ,y
die Erlaubnis,Erlaubnis,die Erlaubnisse,การอนุญาต,y
die Ernährung,,,สารอาหาร,y
die Etage,Etage,die Etagen,ชั้น (E),y
die Exportabteilung,,,แผนกส่งออก,y
die Fahne,Fahne,die Fahnen,ธง ป้าย,y
die Fahrkarte,,,บัตรโดยสาร,y
die Fahrt,Fahrt,die Fahrten,การเดินทาง การไป วิธีการไป,y
die Familie,Familie,die Familien,ครอบครัว,y
die Farbe,Farbe,die Farben,สี,y
die Fehler,Fehler,die Fehler,ข้อผิดพลาด,y
die Ferien,Ferien,,วันหยุด ช่วงว่าง ช่วงหยุดพัก,y
die Fernbedienung,Fernbedienung,die Fernbedienungen,รีโมทคอนโทรล,y
die Festplatte,,,ฮาร์ดดิสก์,y
die Feuerwehr,Feuerwehr,die Feuerwehren,ดับเพลิง,y
die Firma,Firma,die Firmen,บริษัท,y
die Flasche,Flasche,die Flaschen,ขวด,y
die Fliege,Fliege,die Fliegen,แมลงวัน,y
die Fläche,Fläche,die Flächen,พื้นผิว บริเวณ,y
die Flöte,Flöte,die Flöten,ขลุ่ย,y
die Frage,Frage,die Fragen,คำถาม ปัญหา,y
die Frau,Frau,die Frauen,ผู้หญิง,y
die Freizeit,Freizeit,die Freizeiten,เวลาว่าง,y
die Freude,Freude,die Freuden,ความยินดี ความสนุก ความเบิกบานใจ,y
die Frucht,Frucht,die Früchte,ผล (F),y
die Führung,,,ทัวร์แบบมีไกด์,y
die Gabel,Gabel,die Gabeln,ส้อม,y
die Garage,Garage,die Garagen,โรงรถ,y
die Geburt,Geburt,die Geburts,การเกิด,y
die Gebühr,Gebühr,die Gebühren,ค่าธรรมเนียม ค่าบริการ,y
die Geige,Geige,die Geigen,ไวโอลิน,y
die Gelegenheit,Gelegenheit,die Gelegenheiten,โอกาส,y
die Gemeinde,Gemeinde,die Gemeinden,ศาลากลาง ที่ว่าการเมือง (!บ้าน),y
die Gemeinschaft,Gemeinschaft,die Gemeinschaften,ชุมชน สังคม,y
die Geschichte,Geschichte,die Geschichten,เรื่องราว เนื้อเรื่อง ประวัติ,y
die Geschäftsleute,Geschäftsleute,,นักธุรกิจ (gl),y
die Gesundheit,Gesundheit,die Gesundheiten,สุขภาพ,y
die Getränkekarte,Getränkekarte,die Getränkekarten,เมนูเครื่องดื่ม,y
die Gitarre,Gitarre,die Gitarren,กีตาร์,y
die Gleitzeit,,,เวลาทำงานยืดหยุ่น,y
die Glühbirne,Glühbirne,die Glühbirnen,หลอดไฟ,y
die Grammatik,Grammatik,,ไวยากรณ์,y
die Grippe,Grippe,die Grippen,ไข้หวัดใหญ่,y
die Großeltern,Großeltern,,ปู่ย่าตายาย,y
die Großmutter,Großmutter,die Großmütter,ย่า ยาย (ß),y
die Großstadt,Großstadt,die Großstädte,เมืองใหญ่,y
die Gruppenreise,,,ทัวร์แบบเป็นหมู่คณะ,y
die Größe,Größe,die Größen,ความใหญ่ ขนาด,y
die Gurke,Gurke,die Gurken,แตงกวา,y
die Halle,Halle,die Hallen,โถง,y
die Halsschmerzen,Halsschmerzen,,อาการปวดคอ,y
die Hand,Hand,die Hände,มือ,y
die Handschrift,Handschrift,die Handschriften,ลายมือ,y
die Hausaufgabe,Hausaufgabe,die Hausaufgaben,การบ้าน,y
die Haushaltswaren,Haushaltswaren,,เครื่องใช้ในครัว,y
die Hausnummer,Hausnummer,die Hausnummern,เลขที่บ้าน,y
die Haustür,,,ประตูหน้าบ้าน ประตูบ้าน,y
die Haut,Haut,die Häute,ผิวหนัง,y
die Heimat,Heimat,die Heimaten,บ้านเกิด,y
die Heizung,Heizung,die Heizungen,ฮีตเตอร์,y
die Herren,Herren,,สุภาพบุรุษ (พหูพจน์),y
die Herrenuhr,Herrenuhr,,นาฬิกาผู้ชาย,y
die Hilfe,Hilfe,die Hilfen,ความช่วยเหลือ,y
die Hintertür,,,ประตูหลัง,y
die Hochzeit,Hochzeit,die Hochzeiten,งานแต่งงาน,y
die Hochzeitsreise,,,ฮันนีมูน,y
die Hose,Hose,die Hosen,กางเกง,y
die Hälfte,Hälfte,die Hälften,ครึ่งหนึ่ง (!~b),y
die Idee,Idee,die Ideen,ความคิด ไอเดีย,y
die Importabteilung,,,แผนกนำเข้า,y
die Ingenieurwissenschaft,Ingenieurwissenschaft,,วิศวกรรมศาสตร์,y
die Innenstadt,,,ใจกลางเมือง ดาวน์ทาวน์,y
die Insel,Insel,die Inseln,เกาะ,y
die Jacke,Jacke,die Jacken,เสื้อแจ็กเก็ต,y
die Jahreszeit,Jahreszeit,,ฤดู,y
die Jugendherberge,Jugendherberge,die Jugendherbergen,โฮสเตลวัยรุ่น,y
die Kaki,Kaki,die Kakis,ลูกพลับ,y
die Kaltmiete,,,ค่าเช่าห้อง (ไม่รวมค่าอื่น ๆ),y
die Kamera,Kamera,die Kameras,กล้องถ่ายรูป,y
die Kanne,Kanne,die Kannen,กระป๋อง,y
die Kantine,Kantine,die Kantinen,โรงอาหาร (!M),y
die Kappe,Kappe,die Kappen,หมวกแกป,y
die Karotte,Karotte,die Karotten,แครอท,y
die Karte,Karte,die Karten,บัตร เมนู,y
die Kartei,Kartei,die Karteien,ไฟล์ แฟ้ม,y
die Kartoffel,Kartoffel,die Kartoffeln,มันฝรั่ง,y
die Kasse,Kasse,die Kassen,เคาเตอร์แคชเชียร์,y
die Katze,Katze,die Katzen,แมว,y
die Kenntnis,Kenntnis,die Kenntnisse,ความรู้,y
die Kette,Kette,die Ketten,สร้อยคอ โซ่,y
die Kettensäge,,,เลื่อยไฟฟ้า,y
die Kirche,Kirche,die Kirchen,โบสถ์,y
die Kiste,Kiste,die Kisten,กล่อง ลัง,y
die Klasse,Klasse,die Klassen,ชั้นเรียน วิชาเรียน คาบเรียน (en: class),y
die Kleidung,Kleidung,die Kleidungen,เสื้อผ้า,y
die Kleinigkeit,,,ของเล็ก ๆ น้อย ๆ ของจุกจิก,y
die Klimaanlage,Klimaanlage,die Klimaanlagen,เครื่องปรับอากาศ,y
die Klingel,Klingel,die Klingeln,ออด กระดิ่ง,y
die Klinik,Klinik,die Kliniken,คลินิก,y
die Kneipe,Kneipe,die Kneipen,ผับ,y
die Kohle,Kohle,die Kohlen,ถ่าน คาร์บอน,y
die Kohlensäure,Kohlensäure,die Kohlensäuren,ก๊าซ อัดลม,y
die Kommode,Kommode,die Kommoden,ตู้ลิ้นชัก,y
die Konditorei,Konditorei,die Konditoreien,ร้านขนมเค้ก,y
die Konzentration,,,การจดจ่อ,y
die Kopfhörer,Kopfhörer,,หูฟัง (พหู),y
die Kopfschmerzen,Kopfschmerzen,,อาการปวดหัว,y
die Kosmetik,Kosmetik,,เครื่องสำอาง,y
die Krankenschwester,,,นางพยาบาล,y
die Krankenversicherung,,,ประกันสุขภาพ,y
die Krankheit,,,ความเจ็บป่วย,y
die Krawatte,Krawatte,die Krawatten,เนคไท,y
die Kreditkarte,,,บัตรเครดิต,y
die Kreuzung,,,ทางตัด สี่แยก,y
die Kugel,Kugel,die Kugeln,ลูกบอล ทรงกลม,y
die Kuh,Kuh,die Kühe,วัว (!R),y
die Kultur,Kultur,die Kulturen,วัฒนธรรม,y
die Kundin,Kundin,die Kundinnen,ลูกค้า (ญ),y
die Kunst,Kunst,die Künste,ศิลปะ,y
die Körpergröße,Körpergröße,die Körpergrößen,ส่วนสูง,y
die Küche,Küche,die Küchen,ห้องครัว,y
die Lampe,Lampe,die Lampen,โคมไฟ,y
die Landstraße,,,ถนนชนบท,y
die Last,Last,die Lasten,น้ำหนัก สัมภาระ,y
die Lehrerin,,die Lehrerinnen,ครู (ญ),y
die Leiter,Leiter (Sache),die Leitern,บันไดเกิ๋น,y
die Leitzahl,Leitzahl,,รหัส,y
die Leute,Leute,,ผู้คน,y
die Liebe,Liebe,die Lieben,ความรัก,y
die Lieferung,,die Lieferungen,การส่งพัสดุ การขนส่งสินค้า,y
die Lippe,Lippe,die Lippen,ริมฝีปาก,y
die Luft,Luft,,อากาศ,y
die Lust,Lust,,ความอยาก ความปรารถนา (สนใจทำอะไรสักอย่าง) (!B),y
die Lösung,Lösung,die Lösungen,คำตอบ (L),y
die Lücke,Lücke,die Lücken,ช่องว่าง หลุม,y
die Mahlzeit,Mahlzeit,die Mahlzeiten,มื้ออาหาร (!S),y
die Mailbox,Mailbox,die Mailboxen,กล่องจดหมาย,y
die Mango,Mango,die Mangos,มะม่วง,y
die Mannschaft,Mannschaft,die Mannschaften,ทีม (!T),y
die Marmelade,Marmelade,die Marmeladen,แยม,y
die Maschine,Maschine,die Maschinen,เครื่องจักร,y
die Mathematik,Mathematik,,คณิตศาสตร์,y
die Maus,Maus,die Mäuse,หนู,y
die Meditation,Meditation,die Meditationen,การทำสมาธิ,y
die Meeresfrüchte,Meeresfrüchte,,อาหารทะเล ซีฟูด,y
die Meinung,,,ความคิดเห็น,y
die Melone,Melone,die Melonen,เมลอน,y
die Mensa,Mensa,die Mensen,โรงอาหาร (!K),y
die Miete,Miete,die Mieten,ค่าเช่า,y
die Mikrowelle,Mikrowelle,die Mikrowellen,ไมโครเวฟ,y
die Milch,Milch,die Milch,นม,y
die Milliarde,Milliarde,die Milliarden,พันล้าน,y
die Million,Million,die Millionen,ล้าน,y
die Mittagspause,Mittagspause,die Mittagspausen,พักกลางวัน,y
die Mitte,Mitte,die Mitten,ตรงกลาง,y
die Mitteilung,,,ข้อความ,y
die Mitternacht,Mitternacht,die Mitternächte,ช่วงเที่ยงคืน,y
die Musik,Musik,die Musik,ดนตรี,y
die Mutter,Mutter,die Mütter,แม่,y
die Möglichkeit,Möglichkeit,die Möglichkeiten,ทางเลือก โอกาส,y
die Nacht,Nacht,die Nächte,ตอนกลางคืน,y
die Nase,Nase,die Nasen,จมูก,y
die Natur,Natur,die Naturen,ธรรมชาติ,y
die Nebenkosten,,,ค่าเช่า (ส่วนที่เป็นสาธารณูปโภค),y
die Nichte,Nichte,die Nichten,หลานสาว (ของลุงป้าน้าอา),y
die Nordsee,Nordsee,,ทะเลเหนือ,y
die Not,Not,die Nöte,ความต้องการ,y
die Nudel,Nudel,die Nudeln,ก๋วยเตี๋ยว พาสต้า,y
die Nummer,Nummer,die Nummern,เลข,y
die Nähe,Nähe,,ละแวกใกล้ ๆ บริเวณใกล้ ๆ (คำนาม),y
die Obstdiät,Obstdiät,,การไดเอ็ตโดยทานแต่ผลไม้,y
die Oma,Oma,die Omas,ย่า ยาย (O),y
die Oper,Oper,die Opern,โอเปรา,y
die Operation,Operation,die Operationen,การดำเนินการ การผ่าตัด,y
die Orange,Orange,die Orangen,ส้ม,y
die Ordnung,Ordnung,die Ordnungen,ความเป็นระเบียบ การจัดเรียง,y
die Organisation,Organisation,die Organisationen,องค์กร,y
die Packung,Packung,die Packungen,แพ็ก,y
die Partnerschaft,Partnerschaft,die Partnerschaften,ความเป็นคู่หู ความสัมพันธ์แบบเป็นคู่,y
die Party,Party,die Partys,งานเลี้ยง,y
die Pause,Pause,die Pausen,การพักเบรก,y
die Pension,Pension,die Pensionen,เพนชัน เกสต์เฮาส์,y
die Person,Person,die Personen,บุคคล,y
die Pfanne,Pfanne,die Pfannen,กระทะ,y
die Pflanze,Pflanze,die Pflanzen,พืช,y
die Pflege,Pflege,,การดูแล การเฝ้าไข้ การรักษา,y
die Phase,Phase,die Phasen,ช่วงเวลา (!D!~r),y
die Physik,Physik,,ฟิสิกส์,y
die Pizza,Pizza,die Pizzen,พิซซ่า,y
die Platte,Platte,die Platten,แผ่น ชีท ใบ,y
die Polizei,Polizei,,ตำรวจ (กรม องค์กร),y
die Pommes,Pommes,,มันฝรั่งทอด,y
die Post,Post,,ไปรษณีย์,y
die Postleitzahl,Postleitzahl,,รหัสไปรษณีย์,y
die Praxis,Praxis,die Praxen,การฝึกหัด ที่ทำงานแพทย์ (!Ü),y
die Prinzessin,Prinzessin,die Prinzessinnen,เจ้าหญิง,y
die Prüfung,Prüfung,,การสอบ การทดสอบ (ทั่วไป),y
die Puppe,Puppe,die Puppen,ตุ๊กตา,y
die Pute,Pute,die Puten,ไก่งวง,y
die Rechnung,Rechnung,die Rechnungen,บิล ใบแจ้งหนี้,y
die Regel,Regel,die Regeln,กฎหมาย,y
die Regierung,Regierung,die Regierungen,รัฐบาล,y
die Region,Region,die Regionen,ภูมิภาค,y
die Reinigung,Reinigung,,การทำความสะอาด,y
die Reise,Reise,die Reisen,การเดินทาง (!A!F),y
die Rettung,Rettung,,การกู้ภัย การกู้ชีพ การช่วยชีวิต,y
die Rezeption,,,แผนกต้อนรับ,y
die Rolltreppe,,,บันไดเลื่อน,y
die Rosine,Rosine,die Rosinen,ลูกเกด,y
die Routine,Routine,die Routinen,กิจวัตร,y
die Ruhe,,,ความสงบเสงี่ยม,y
die Rückkehr,Rückkehr,,การกลับ การย้อนกลับ,y
die Rückseite,Rückseite,die Rückseiten,ด้านหลัง (ตำแหน่ง),y
die Sache,Sache,die Sachen,ของ สิ่งของ,y
die Sahne,Sahne,die Sahnen,ครีม,y
die Saison,Saison,die Saisons,ช่วงเวลา ฤดู,y
die Schlange,Schlange,die Schlangen,งู คิว แถว,y
die Schokolade,Schokolade,die Schokoladen,ช็อกโกแลต,y
die Schraube,Schraube,die Schrauben,น็อต สกรู,y
die Schreibwaren,Schreibwaren,,เครื่องเขียน,y
die Schrift,Schrift,die Schriften,อักษร ข้อความ ตัวหนังสือ (!B),y
die Schule,Schule,die Schulen,โรงเรียน,y
die Schulter,Schulter,die Schultern,หัวไหล่,y
die Schweinebraten,Schweinebraten,,หมูย่าง,y
die Schwester,Schwester,die Schwestern,พี่สาว น้องสาว,y
die Schwägerin,Schwägerin,die Schwägerinnen,พี่สะใภ้ น้องสะใภ้,y
die Schürze,Schürze,die Schürzen,ผ้ากันเปื้อน,y
die Schüssel,Schüssel,die Schüsseln,ถ้วย,y
die Sehenswürdigkeit,Sehenswürdigkeit,die Sehenswürdigkeiten,สถานที่ท่องเที่ยว,y
die Seife,Seife,die Seifen,สบู่,y
die Sekretärin,,die Sekretärinnen,เลขา (ญ),y
die Sekunde,Sekunde,die Sekunden,วินาที<br>,y
die Serviette,Serviette,die Servietten,ผ้าเช็ดหน้า ทิชชู่,y
die Sicherheit,Sicherheit,,ความปลอดภัย,y
die Socke,Socke,die Socken,ถุงเท้า,y
die Sonne,Sonne,die Sonnen,ดวงอาทิตย์,y
die Sonnenbrille,,,แว่นตากันแดด,y
die Sonnenuhr,,,นาฬิกาแดด,y
die Sorge,Sorge,die Sorgen,ความกังวล,y
die Speise,Speise,die Speisen,มื้ออาหาร (!M),y
die Speisekarte,Speisekarte,die Speisekarten,เมนูอาหาร,y
die Spielsachen,Spielsachen,,ของเล่น (ของ),y
die Spielwaren,Spielwaren,,ของเล่น (ผลิตภัณฑ์),y
die Sprache,Sprache,die Sprachen,ภาษา,y
die Sprachschule,,,โรงเรียนสอนภาษา,y
die Spülmaschine,,,เครื่องล้างจาน,y
die Staatsangehörigkeit,Staatsangehörigkeit,,สัญชาติ,y
die Stadt,Stadt,die Städte,เมือง (s),y
die Station,Station,die Stationen,สถานี,y
die Steckdose,Steckdose,die Steckdosen,ปลั๊กไฟเต้ารับ,y
die Stelle,Stelle,die Stellen,ตำแหน่งงาน,y
die Stille,,,ความเงียบ,y
die Strategie,Strategie,die Strategien,กลยุทธ์ ยุทธศาสตร์,y
die Straße,Straße,die Straßen,ถนน,y
die Straßenseite,Straßenseite,die Straßenseiten,ฟากถนน,y
die Stunde,Stunde,die Stunden,ชั่วโมง คาบ,y
die Sucht,Sucht,,การเสพติด,y
die Summe,Summe,die Summen,ผลรวม,y
die Suppe,Suppe,die Suppen,ซุป,y
die Säge,Säge,die Sägen,เลื่อย,y
die Säure,Säure,die Säuren,กรด ความเปรี้ยว,y
die Süßigkeit,,,ขนม ของหวาน ขนมหวาน,y
die Tablette,Tablette,die Tabletten,เม็ดยา แคปซูล (T),y
die Tafel,Tafel,die Tafeln,กระดานดำ,y
die Tante,Tante,die Tanten,ป้า,y
die Tasche,Tasche,die Taschen,กระเป๋า,y
die Taschenlampe,Taschenlampe,die Taschenlampen,ไฟฉาย,y
die Tasse,Tasse,die Tassen,แก้ว (taza),y
die Technologie,Technologie,die Technologien,เทคโนโลยี,y
die Telefonnummer,Telefonnummer,die Telefonnummern,หมายเลขโทรศัพท์,y
die Telefonzelle,Telefonzelle,die Telefonzellen,ตู้โทรศัพท์,y
die Terasse,Terasse,die Terassen,ชานบ้าน,y
die Therapie,Therapie,die Therapien,การบำบัด การรักษา,y
die Tierwelt,,,สัตว์ประจำถิ่น,y
die Tochter,Tochter,die Töchter,ลูกสาว,y
die Toilette,Toilette,die Toiletten,ห้องน้ำ,y
die Toilettenbrille,,,ฝารองชักโครก,y
die Tomate,Tomate,die Tomaten,มะเขือเทศ,y
die Torte,Torte,die Torten,เค้ก (แบบหลายชั้น),y
die Traube,Traube,die Trauben,องุ่น,y
die Treppe,Treppe,die Treppen,บันได,y
die Tür,Tür,die Türen,ประตู,y
die Tüte,Tüte,die Tüten,ถุง,y
die Uhrzeit,Uhrzeit,die Uhrzeiten,เวลา (時刻),y
die Umgebung,,,บริเวณรอบ ๆ บริเวณที่แวดล้อม,y
die Umwelt,Umwelt,die Umwelten,สภาพแวดล้อม สิ่งแวดล้อม,y
die Universität,Universität,die Universitäten,มหาวิทยาลัย,y
die Unterkunft,Unterkunft,die Unterkünfte,ที่อยู่อาศัย,y
die Untersuchung,Untersuchung,die Untersuchungen,การสอบ,
die Vase,Vase,die Vasen,แจกัน,y
die Veranstaltung,Veranstaltung,die Veranstaltungen,งาน อีเวนต์,y
die Verbindung,,,การเชื่อมต่อ,y
die Vergangenheit,Vergangenheit,,อดีต,y
die Versicherung,Versicherung,die Versicherungen,ประกัน,y
die Verspätung,Verspätung,,ความล่าช้า,y
die Vokabel,Vokabel,die Vokabeln,คำศัพท์,y
die Vorlesung,Vorlesung,die Vorlesungen,คาบเรียน คาบบรรยาย (en: lecture),y
die Wachtel,Wachtel,die Wachteln,นกกระทา,y
die Wahrheit,,,ความจริง,y
die Wand,Wand,die Wände,ผนัง,y
die Wanderung,,,การเดินป่า,y
die Ware,Ware,die Waren,สินค้า ผลิตภัณฑ์,y
die Warmmiete,,,ค่าเช่ารวม,y
die Waschmaschine,Waschmaschine,die Waschmaschinen,เครื่องซักผ้า,y
die Weihnacht,Weihnacht,die Weihnachten,คริสต์มาส,y
die Welle,Welle,die Wellen,คลื่น,y
die Welt,Welt,die Welten,โลก,y
die Werkstatt,Werkstatt,die Werkstätten,อู่ซ่อมรถ,y
die Wiese,Wiese,die Wiesen,สนามหญ้า,y
die Wissenschaft,Wissenschaft,die Wissenschaften,วิทยาศาสตร์,y
die Woche,Woche,die Wochen,สัปดาห์,y
die Wohngemeinschaft,,,อพาร์ตเมนต์แบบแชร์,y
die Wohnung,Wohnung,die Wohnungen,บ้าน อพาร์ตเมนต์,y
die Wolke,Wolke,die Wolken,ก้อนเมฆ,y
die Wurst,Wurst,die Würste,ไส้กรอก,y
die Wärme,Wärme,,ความอบอุ่น,y
die Wäsche,Wäsche,die Wäschen,การล้าง การซักผ้า,y
die Zahl,Zahl,die Zahlen,ตัวเลข รหัส,y
die Zahnbürste,Zahnbürste,die Zahnbürsten,แปรงสีฟัน,y
die Zahnpasta,Zahnpasta,die Zahnpastas,ยาสีฟัน,y
die Zahnschmerzen,,,ปวดฟัน,y
die Zeit,Zeit,die Zeiten,เวลา,y
die Zeitschrift,Zeitschrift,die Zeitschriften,นิตยสาร,y
die Zeitung,Zeitung,die Zeitungen,หนังสือพิมพ์,y
die Zentrale,Zentrale,die Zentralen,สำนักงานใหญ่,y
die Zigarette,Zigarette,die Zigaretten,บุหรี่ (!R),y
die Zitrone,Zitrone,die Zitronen,เลมอน,y
die Zukunft,Zukunft,,อนาคต,y
die Übernachtung,Übernachtung,,การนอนค้างคืน,y
die Überraschung,,,การเซอร์ไพรส์,y
die Überwachung,,,การสำรวจ การเฝ้าระวัง การจับตาดู การควบคุม,y
die Überwachungskamera,,,กล้องวงจรปิด,y
festkochende Kartoffeln,,,มันฝรั่งสำหรับทำสลัดมันฝรั่ง,y
