Thailändisch,Deutsch,หมายเหตุ
ตั้งแต่พรุ่งนี้ฉันจะไม่สูบบุหรี่อีก,Ab morgen rauche ich nicht mehr.,
ตอนเย็นผมดูทีวี,Abends sehe ich fern.,
Alex ไปนอนตอน 21:00น. เขาหลับลงไปในทันที,"Alex geht um einundzwanzig Uhr ins Bett, er schläft sofort ein.",präsen / offiziel
เครื่องมือช่างทั้งหมดนี้เป็นของฉัน,All diese Werkzeuge gehören mir.,"- กริยา ""เป็นของ"""
ทุกคนหัวเราะ และฉันก็(หัวเราะตาม)ในที่สุด,"Alle lachen, und ich am Ende auch.",
ทุกคนชอบ(m)สถานที่แห่งนี้,Alle mögen diesen Ort.,
โอเคล่ะ (en: All right!),Alles klar!,
ตอนเย็นฉันอ่านหนังสือบนเตียง และเข้านอนตอนสี่ทุ่มครึ่ง,"Am Abend habe ich im Bett gelesen, und um halb elf bin ich ins Bett gegangen.",- perfekt
ที่สถานีรถไฟฉันเจอกับ Luca,Am Bahnhof habe ich Luca getroffen.,- perfekt
เมื่อวันศุกร์ฉันอยู่บ้าน　ลูก ๆ ทั้งคู่ของฉันไม่สบาย　พวกเขามีไข้,Am Freitag war ich zu Hause. Meine beiden Kinder waren krank. Sie hatten Fieber.,- Präteritum
วันจันทร์เขา(ญ)ไป(g)ว่ายน้ำ,Am Montag geht sie schwimmen.,sie
ตอนเช้าฉันกินข้าวเช้ากับครอบครัวของฉันที่บ้าน　แล้วเราก็ไป(f)หาคุณลุง,Am Morgen habe ich mit meiner Familie zu Hause gefrühstückt. Dann sind wir zum Onkel gefahren.,"- perfekt<br>- กริยา ""ทานอาหารเช้า"""
ตอนบ่ายเราได้ไปเดินเล่นในสวน　หลังจากนั้นถึงห้าโมงเราซื้อของที่ซุปเปอร์,Am Nachmittag sind wir im Park spazieren gegangen. Danach haben wir bis fünf Uhr im Supermarkt eingekauft.,- perfekt<br>- สวน: P
วันเสาร์แดดออก แต่ฝนตกวันอาทิตย์,"Am Samstag scheint die Sonne, aber es regnet am Sonntag.",
ในวันเสาร์ Prinzenbad ที่อยู่ใน Kreuzberg จะปิดทำการและเปิดใหม่อีกครั้งในปีหน้าเดือนพฤษภาคม,Am Samstag schließt das Prinzenbad in Kreuzberg und öffnet wieder nächtest Jahr im Mai.,
<u>เช้า</u>อาทิตย์ฉันนอนยาว,Am Sonntagmorgen schlafe ich lange.,- mit Präposition
ในวันหยุดเสาร์อาทิตย์ฉันเป่าขลุ่ย,Am Wochenende spiele ich Flöte.,
วันอาทิตย์นี้พวกเขาไปโรงภาพยนตร์แทนเพราะว่าอากาศแย่,"Am diesen Sonntag gehen sie ins Kino, denn das Wetter ist schlecht.",- เพราะว่า: denn
วันที่ ๒๕ ธันวาคมครอบครัวมักจะไปเยี่ยมปู่ย่าตายาย,Am fünfundzwanzigsten Dezember besucht die Familie oft die Großeltern.,
เสาร์อาทิตย์ที่แล้ว Ana ไป(f→n)เบอร์ลิน,Am letzten Wochenende ist Ana nach Berlin gefahren.,- perfekt
สำคัญที่สุดสำหรับ(f)ฉันคือลูกของฉัน(K),Am wichtigsten ist für mich mein Kind.,
คอนเสิร์ตมีวันที่เท่าไหร่,Am wievielten ist das Konzert?,
ที่สะพาน Hobrecht พวกเขาเดินข้ามคลอง,An der Hobrechtbrücke überqueren sie den Kanal.,
ที่กระเป๋ามีผีเสื้อตัวหนึ่งเกาะอยู่,An der Tasche sitzt ein Schmetterling.,- ขึ้นประโยคด้วยบุพบท
Ana เคยเล่าให้ Max ฟังเกี่ยวกับ Pablo,Ana hat Max von Pablo erzählt.,Perfekt
Ana เหนื่อย　คอร์สเรียนภาษาเยอรมันของเธอจบแล้วและเธอก็กลับ(n)บ้านด้วยจักรยาน,Ana ist müde. Ihr Deutschkurs ist zu Ende und sie fährt mit dem Fahrrad nach Hause.,
Ana หน้าแดง,Anas Gesicht wird rot.,
อย่าทำงานหนักจนเกินไปนะ,Arbeite nicht so viel.,- du
ระหว่างทางไปสนามบิน Julia ตื่นเต้น,Auf dem Weg zum Flughafen ist Julia nervös.,
ระหว่างทางไปกินอาหารเช้าฉันเห็นเวลาจากนาฬิกา<u>เรือนหนึ่ง</u>ในโถงทางเดิน　มันเป็นเวลา 10 โมง,Auf dem Weg zum Frühstück sehe ich die Uhrzeit auf einer Uhr im Flur. Es ist zehn Uhr.,
เธอรอใคร,Auf wen wartest du?,
แสงมาจากทางตะวันออก,Aus dem Osten kommt das Licht.,"เริ่มประโยคที่ ""จากทางตะวันออก"""
ระหว่างทำงานฉันไม่สามารถโทรศัพท์ได้,Bei der Arbeit kann ich nicht telefonieren.,
ด้านข้าง(!n)ถ้วยมีช้อนคันหนึ่งวางอยู่,Bei der Schüssel liegt ein Löffel.,
ทั้งสองเพศต่างร้องเพลง,Beide Geschlechter singen.,
กรุณาใช้ทางเข้าด้านข้าง,Benutzen Sie bitte den Nebeneingang.,- Sie<br>- bitte
เบอร์ลินเป็นเมืองหลวง　ที่นั่นจึงมีสิ่งอำนวยความสะดวกมากมาย　มีอะไรทำอยู่ตลอด,Berlin ist die Hauptstadt. Da gibt es viele Angebote. Es ist immer viel los.,
แล้วพบกันอีก,Bis bald!,
เจอกันวันพรุ่งนี้,Bis morgen!,
เธอพร้อมที่จะออกบ้านแล้วหรือยัง,Bist du bereit aus dem Haus zu gehen?,
<b><i><u>โปรด</u></i></b>ตอบกลับถึงฉันภายในวันพุธหรือไม่ก็โทรหาฉัน,Bitte antworte mir bis Mittwoch oder ruf mich an.,- du
กรุณาพูดช้า ๆ หน่อยครับ,Bitte sprechen Sie langsam.,- Sie<br>- bitte~
กรุณา(Sie)นำถังขยะ(พหู)ไปวางที่ริมถนนก่อนหกโมงเช้า,Bitte stellen Sie die Mülleimer vor sechs Uhr an den Straßenrand.,
เอาเก้าอี้(พหู)ไปไว้ตรงระเบียงให้หน่อย,Bring die Stühle bitte auf den Balkon.,"- du, bitte"
Bärlin กับ Franka อยู่ที่งานเลี้ยง,Bärlin und Franka sind auf der Party.,
วิชาเคมีสนุก,Chemie macht Spaß.,
มีก้อนหินอยู่ก้อนหนึ่งในรองเท้า(ข้างหนึ่ง)ของฉัน,Da ist ein Stein in meinem Schuh.,- Da
ที่นั่นสามารถว่ายน้ำไป ๆ มา ๆ ได้,Da kann man hin und her schwimmen.,
ขอบคุณสำหรับคำเชิญของเธอวันเสาร์อาทิตย์นี้ที่แฮมบวร์ก,Danke für deine Einladung zum Wochenende nach Hamburg.,
ขอฉันแนะนำน้องสาวของฉัน Julia ให้เธอรู้จัก,Darf ich dir meine Schwester Julia vorstellen?,- คำถาม
ตรงนั้นสามารถถ่ายรูปได้ไหม,Darf man da fotografieren?,- อนุญาต
จักรวาลไม่ได้เป็นสีดำ,Das All ist nicht schwarz.,
รถยนต์ลอดอุโมงค์ไป(f),Das Auto fährt durch den Tunnel.,
รถยนต์ขับมุ่งหน้าไปทางต้นไม้,Das Auto fährt gegen den Baum.,
รถยนต์ขับรอบ ๆ ต้นไม้,Das Auto fährt um den Baum.,
เด็กทารกนอนหลับ แต่ยังดูเหมือนมีชีวิตชีวา(กระตือรือร้น)อยู่,"Das Baby schläft, doch scheint es aktiv.",
เบียร์จากเยอรมันนั้นดี,Das Bier aus Deutschland ist gut.,
รูป(B)อยู่ที่ข้างฝาผนัง,Das Bild ist an der Wand.,
เลือดวิ่งไปยังหัวใจ,Das Blut läuft zum Herz.,
อาหารไม่ได้เรื่อง,Das Essen ist schlecht.,
อาหารอร่อยมาก　อาหารทะเลก็สดมาก,Das Essen schmeckt sehr gut. Die Meeresfrüchte sind so frisch.,
เครื่องบินออกบินตอน 12:00 น.,Das Flugzeug fliegt um zwölf Uhr ab.,- Präsent
เครื่องบินออกบินเริ่มที่แฟรงก์ฟวร์ตเวลา 8 โมง,Das Flugzeug ist um acht Uhr in Frankfurt gestartet.,- Perfekt
ของขวัญ(นี้)เพื่อเธอ,Das Geschenk ist für dich.,
โทรศัพท์(มือถือ)ดัง(รอสาย)สามครั้งและ Julia ก็รับสาย,Das Handy klingelt drei Mal und Julia antwortet.,
โรงแรมสะอาดและใหญ่ ห้องของพวกเราแพงแต่มันมีระเบียงพร้อมกับวิวทะเล,"Das Hotel ist sauber und groß. Unser Zimmer ist teuer, aber es hat einen Balkon mit Meerblick.",
ไก่ยังไม่สุกดี,Das Hähnchen ist noch nicht gar.,
ภายในของปราสาทนั้นใหญ่มาก,Das Innere des Schlosses ist sehr groß.,
ฉันชอบ(g)ชุดเดรสตัวนี้นะ　แต่<u><b>ฉันคิด</b></u>ว่ามันแพงเกินไป,Das Kleid gefällt mir ganz gut. Aber ich finde es zu teuer.,
ชุดเดรสตัวเล็ก,Das Kleid ist klein.,
ฉันไม่ชอบชุดเดรสนี้　มันแพงเกินไปสำหรับฉัน,Das Kleid mag ich nicht. Es ist mir zu teuer.,
คอนเสิร์ตเริ่มเวลา 7:30 น.,Das Konzert fängt um halb acht an.,umgangsprachlich
ชีวิตที่ชานเมืองนั้นเรียบง่ายกว่า,Das Leben auf dem Land ist einfacher.,
ผู้คนต่างตื่นเต้น,Das Publikum ist begeistert.,
ห้องนอนอยู่ข้างห้องครัว,Das Schlafzimmer ist neben der Küche.,
"ค่าแท็กซีจากสนามบินไปยังใจกลางเมืองราคา 32,5 ยูโร",Das Taxi vom Flughafen bis zum Zentrum kostet zweiunddreißig Euro fünfzig.,
สัตว์นอนหลับวันละครั้ง,Das Tier schläft einmal am Tag.,
พจนานุกรมมีประโยชน์,Das Wörterbuch ist praktisch.,
นั่นไม่ได้ผลในระยะยาว,Das geht auf Dauer nicht.,
สิ่งนั้น(ก)ฉันไม่ได้กินมาเป็นเดือน<b><u><i>แล้ว</i></u></b>,Das habe ich schon seit Monaten nicht gegessen.,- Perfekt
นั่นเป็นบ้านที่หลังคามีสีแดง,"Das ist das Haus, dessen Dach rot ist.",
นั่นคือผู้ชายที่น้องชายของเขามีลูกสองคน,"Das ist der Mann, dessen Bruder zwei Kinder hat.",
นั่นเป็นคำปรารถนาของคุณยายของเธอ,Das ist der Wunsch deiner Großmutter.,
นี่คือคุณผู้หญิงของบ้าน,Das ist die Dame des Hauses.,
นั่นเป็นผู้หญิงที่สามีเขาเป็นหมอ,"Das ist die Frau, deren Mann Arzt ist.",
นี่คือชั่วโมงสุดท้ายของวัน,Das ist die letzte Stunde des Tages.,
นี่คือปราสาท　ปราสาทชื่อว่า Neuschwanstein　มันสวยมากและมีชื่อเสียงมาก,Das ist ein Schloss. Das Schloss heißt Neuschwanstein. Es ist sehr schön und sehr bekannt.,
นั่นเป็นก้อนหินสีเหลือง,Das ist ein gelber Stein.,
นั่นเป็นเพื่อนอีกคนหนึ่งของ(v)ฉัน,Das ist ein weiterer Freund von mir.,
นี่เป็นช่วงเวลาที่บังเอิญ,Das ist ein zufälliger Moment.,
(เห็นได้ชัด)นั่นไม่ใช่ส้มแน่ ๆ อยู่แล้ว,Das ist eindeutig keine Orange.,
นี่คือห้องน้ำสาธารณะ(แห่งหนึ่ง),Das ist eine öffentliche Toilette.,
มันคุ้มค่า,Das ist es wert.,
นั่นแพง(t)สุดขีด,Das ist extrem teuer.,
นี่ไม่ใช่หมา นี่คือแมว,"Das ist kein Hund, das ist eine Katze.",
นี่เป็นสถานีสุดท้ายของฉัน,Das ist meine letzte Station.,
นี่ไม่ใช่บ้าน(!H)ของฉันคนเดียว แต่เป็นบ้านของพวกเรานะ,"Das ist nicht meine Wohnung, sondern unsere Wohnung.",
นี่เป็นส่วนสำคัญ(๓)สำหรับความสำเร็จของพวกเรา,Das ist wesentlich für unseren Erfolg.,
"นี่ทั้งหมดราคารวมเป็น 11,50 ยูโร",Das kostet zusammen elf Euro fünfzig.,
นั่นดูน่าสนใจสำหรับฉัน,Das scheint mir interessant.,
นั่นเป็นเด็ก ๆ ที่พ่อแม่เขาเป็นครู,"Das sind die Kinder, deren Eltern Lehrer sind.",
นั่นเป็น(อดีต)ความโชคร้ายสำหรับคุณ,Das war Pech für dich.,Präteritum
สิ่งนั้นไม่เปลี่ยนอะไรระหว่างเรา,Das ändert nichts zwischen uns.,
เพื่อสิ่งนั้นแล้วพวกเขามีเวลาสามวัน,Dazu haben sie drei Tage.,
ฉันคิดว่ากระโปรงตัวนี้สวยกว่า,Den Rock finde ich schöner.,- นำประโยคด้วยกระโปรง
ตัวนั้น(Artikel ช)ฉันก็ว่าสวย แต่ว่ามันยาวเกินไปสำหรับฉัน,"Den finde ich ganz schön, aber er ist mir zu lang.",
ไม่ว่าอย่างไรก็ตามเธอก็เป็นมนุษย์คนหนึ่ง,Dennoch bist du ein Mensch.,
ภูเขาลูกเล็ก,Der Berg ist klein.,
ย่าน(นี้)ตั้ง(l)อยู่ทางทิศตะวันตกของเมือง,Der Bezirk liegt im Westen der Stadt.,
พี่ชายส่งเงินมาให้คุณแม่ทุกเดือน,Der Bruder schenkt der Mutter Geld jeden Monat.,
รถบัสอยู่ตรงข้ามบ้าน,Der Bus ist gegenüber dem Haus.,
หมีไม่ใช่ของแท้,Der Bär ist nicht echt.,
คนขับรถปิด(s)ประตูหลังแล้วกลับเข้าไปที่พวงมาลัย,Der Fahrer schließt die Hintertür und geht zurück ans Lenkrad.,
คนขับรถดับเครื่องและเราก็ลงจากรถ,Der Fahrer stellt den Motor aus und wir steigen aus.,
โทรทัศน์<b><u><i>เปิด</i></u></b>อยู่,Der Fernseher ist an.,
ปลา(เอก)กินพืช(พหู+a),Der Fisch isst die Pflanzen.,
สนามบินตั้งอยู่ทางทิศใต้ของแฟรงก์เฟิร์ต,Der Flughafen liegt südlich von Frankfurt.,
คุณตาพูดถึงเวลา(พหู)ในอดีต,Der Großvater spricht von den vergangenen Zeiten.,
ท้องฟ้าเต็มไปด้วยดวงดาว,Der Himmel ist voll mit Sternen.,
หมากิน(f)เนื้อ,Der Hund frisst Fleisch.,
เด็กผู้ชายนอนหลับตลอดเที่ยวบิน,Der Junge schläft während des Fluges.,
กระเป๋าเดินทางเป็นของเพื่อน(ญ)ของฉัน Ute พรุ่งนี้พวกเราจะไปปราก คืนนี้ Ute จะพักที่นี่,Der Koffer gehört meiner Freundin Ute. Wir fahren morgen nach Prag. Ute übernachtet heute hier.,
เพื่อนร่วมงานได้ตกบันได　พวกเรา<b><i><u>จึง</u></i></b>ไป(f)โรงพยาบาลทันทีด้วยรถแท็กซี่อีกครั้ง,Der Kollege ist auf der Treppe gefallen. Wir sind dann gleich mit dem Taxi weiter ins Krankenhaus gefahren.,- Perfekt
ส่วนหัวไม่สามารถมองเห็นได้จากด้านบน,Der Kopf ist von oben nicht sichtbar.,
ชีสนั้นดี แม้ว่ามันจะเก่า,"Der Käse ist gut, obwohl er alt ist.",
ครูแก้ไขข้อที่ผิดของผม,Der Lehrer korrigiert meine Fehler.,
ผู้ชายได้หลบอยู่ระหว่างกล่อง,Der Mann hat sich zwischen den Kisten versteckt.,- perfekt
คนกินปลา(+a),Der Mensch isst den Fisch.,
คนไข้พูดกับแพทย์ส่วนตัว(-a/พหู),Der Patient spricht mit privaten Ärzten.,
ยางรถเสีย (อดีต),Der Reifen war kaputt.,<i><b><u>- Prätaritum</u></b></i>
กระโปรงตัวซ้ายราคาถูกกว่า,Der Rock da links ist billiger.,
กระโปรงราคาถูกที่สุด,Der Rock ist am billigsten.,
กระโปรงราคาถูกกว่าเสื้อเชิตผู้หญิง,Der Rock ist billiger als die Bluse.,
สลัดไม่ค่อยอร่อยเท่าไหร่　มันไม่สด,Der Salat schmeckt nicht so gut. Er ist nicht frisch.,
ตู้มีห้าชั้น,Der Schrank hat fünf Regale.,
ลูกชายของผู้ชายคนนั้นชื่อ Michael,Der Sohn des Mannes heißt Michael.,- ใช้ Genitiv
นักศึกษาวางหนังสือไว้บนชั้น,Der Student stellt das Buch ins Regal.,
เก้าอี้ทำมาจากโลหะ,Der Stuhl ist aus Metall.,
การประชุมมีทุกปี(jJ)ในเดือนกรกฎาคม,Der Termin ist jedes Jahr im Juli.,
โต๊ะอยู่ตรงกลางของห้อง,Der Tisch ist in der Mitte des Zimmers.,
การย้ายบ้านเป็นไปอย่างรวดเร็ว,Der Umzug ist schnell.,
รถไฟแล่นตรงจากสนามบินไปยัง(!z)ลาน Alexander,Der Zug fährt direkt vom Flughafen an den Alexanderplatz.,
รถไฟใกล้จะออกแล้ว,Der Zug fährt gleich ab.,
ทั้งหัวเป็นสีฟ้า,Der gesamte Kopf ist blau.,
วันนี้วันที่เท่าไหร่,Der wievielte ist heute?,wieviel
เยอรมันเล่น(แมทช์)แข่งกับบราซิล,Deutschland spielt gegen Brasilien.,
รถ(พหู)จอดเลียบไปกับถนน,Die Autos stehen entlang der Straße.,
แบต(B)หมด,Die Batterie ist alle.,
ผึ้งชอบดอกไม้(พหู+Artikel)ที่บาน,Die Biene mag die offenen Blumen.,
เสื้อเชิตผู้หญิงแพงพอ ๆ กันกับกางเกง,Die Bluse ist so teuer wie die Hose.,
เสื้อเชิตผู้หญิงแพงเกินไป,Die Bluse ist zu teuer.,
ร้านเบเกอรีอยู่ไม่ไกล มันอยู่ตรงหัวมุมนี้เอง,"Die Bäckerei ist nicht weit, sie liegt gleich um die Ecke.",
การเดินทางใช้เวลา 45 นาที,Die Fahrt dauert fünfundvierzig Minuten.,
"สีของกระโปรงตัว<u style=""font-weight: bold;"">นี้</u>(!Artikel)ไม่ใช้สีเหลือง",Die Farbe dieses Rocks ist nicht gelb.,
ฉันคิดว่าปลา(พหู)น่าเบื่อ,Die Fische finde ich langweilig.,
คำถามนั้นอย่างไรก็ตามไม่มีคำตอบ,Die Frage hat jedoch keine Antwort.,
ยินดีรับคำถามทั้งหลาย,Die Fragen sind willkommen.,
พวกผู้หญิงพลาดมื้ออาหาร,Die Frauen verpassen das Essen.,
คุณยายทำอาหารดี ๆ,Die Großmutter kocht ein gutes Essen.,
แม่ไก่(พหู)กิน(!f)ข้าวโพด(พหู),Die Hühner essen die Körner.,
เสื้อแจ็กเก็ตตัวใหญ่เกินไปสำหรับ(f)ฉัน,Die Jacke ist zu groß für mich.,
แมวอยากกินปลา(พหู)ตลอดเวลา,Die Katze möchte immer die Fische fressen.,
เนคไท(นี้)สำหรับน้องชายของฉัน,Die Krawatte ist für meinen Bruder.,
วัวกินหญ้า,Die Kuh isst das Gras.,
โคมไฟมีหลอดไฟสองดวง,Die Lampe hat zwei Glühbirnen.,
เจ้านาย(ญ)ทดสอบพวกเรา,Die Leiterin prüft uns.,
ดนตรีถูกใจฉันมาก,Die Musik gefällt mir gut.,
ภูมิภาคนี้มีภูเขาเยอะ,Die Region hat viele Berge.,
หมดฤดูกาล,Die Saison ist zu Ende.,
พี่สาวของเพื่อน(ญ)ของฉันแต่งงานแล้ว,Die Schwester von meiner Freundin ist schon verheiratet.,
สบู่มีสีขาว,Die Seife ist weiß.,
เก้าอี้นวม<sub>(พหู)</sub>นั่งสบาย<b><u><i>มาก</i></u></b>และมันมีราคาถูก<sub>(คุ้มค่า)</sub>,Die Sessel sind sehr bequem und sie sind günstig.,
แม่น้ำ Spree สะท้อนแสงอาทิตย์(เป็นประกายระยิบระยับ),Die Spree funkelt in der Sonne.,
เก้าอี้ดูทันสมัยและสวย,Die Stühle sind modern und schön.,พหูพจน์
ค่าเช่ารวมทั้งหมด 450 ยูโรต่อเดือน,Die Warmmiete ist vierhundertfünfzig Euro pro Monat.,
บ้านอยู่ในอาคารสูง<sub>(แห่งหนึ่ง)</sub>ที่มีนักศึกษาหลายคนอาศัยอยู่,"Die Wohnung ist in einem Hochhaus, wo viele Studenten wohnen.",
งานก่อสร้าง(พหู)ของยุโรปนั้นสมบูรณ์แบบ,Die europäischen Bauten sind perfekt.,
ดอกไม้ที่ใหญ่ที่สุดมีสีเหลือง,Die größte Blume ist gelb.,
หนังสือพิมพ์นานาชาติ(พหู)นั้นฟรี,Die internationalen Zeitungen sind kostenlos.,
ขวดสุดท้ายสำหรับพวกเธอ,Die letzte Flasche ist für euch.,
ดอกไม้สีแดงไม่ได้อยู่ที่นั่น,Die rote Blume ist nicht da.,
แมวสีดำนั้นเงียบสงบ,Die schwarze Katze ist ruhig.,
นี่(!das)คือธรรมชาติ,Dies ist Natur.,
รถบัส(สาย)นี้ปกติแล้วคนจะแน่นมากเลยนะ,Dieser Bus ist normalerweise sehr voll.,
เมือง(!S)นี้ทำให้ฉันนึกถึงสถานที่เกิด,Dieses Dorf erinnert mich an meinen Geburtsort.,
หมาสามตัวตามแมวสี่ตัวจนถึงที่ประตู,Drei Hunde folgen vier Katzen bis zum Tor.,
ตาเธอแล้ว,Du bist dran.,
เธอเหมือนหนูตัวหนึ่งเลย,Du bist einer Maus ähnlich.,
เธอ(๒)ไม่ต้องการ(b)ไป,Du brauchst nicht zu gehen.,
เธอห้ามยอมแพ้เด็ดขาด,Du darfst nie aufgeben.,
คุณ(d)สามารถมองเห็นม้า(พหู)ได้จากในรูป(B),Du kannst Pferde auf dem Bild sehen.,
เธอควรภูมิใจในตัวเอง,Du sollst stolz auf dich sein.,
ไม่สำคัญว่าเขาอายุเท่าไหร่,"Egal, wie alt er ist.",
เพื่อนคนหนึ่งได้ลองเปลี่ยนยางรถยนต์ดู,Ein Freund hat probiert den Reifen zu wechseln.,- Perfekt
ก้อนหิน(ก้อนหนึ่ง)ไม่ลอยน้ำ,Ein Stein schwimmt nicht.,
สัตว์สองสามตัวเล่นกันอยู่บนสนามหญ้า,Ein paar Tiere spielen auf der Wiese.,
อีกแค่หนึ่งเดือนแล้วฉันจะเป็นอิสระเหมือนดั่งสายลม,Ein weiterer Monat und ich bin frei wie der Wind.,
(ขอ)น้ำแร่ไม่อัดก๊าซ 1 ขวด,"Eine Flasche Mineralwasser ohne Kohlensäure, bitte.",
แมวตัวหนึ่งเคยอยู่บนโต๊ะ,Eine Katze ist auf dem Tisch gewesen.,Perfekt
ขอให้เป็นวันที่ดี,Einen schönen Tag noch.,
เช้าวันหนึ่งมีพายุ(G),Eines Morgens gibt es ein Gewitter.,
หนึ่งมีค่าน้อยกว่าสอง,Eins ist weniger als zwei.,
ขอโทษนะคะ รถไฟขบวนถัดไปที่จะไป Dessau ออกเมื่อไหร่,"Entschuldigung, wann fährt der nächste Zug nach Dessau ab?",
ถ้าเราไม่จมเราก็ว่ายน้ำ,Entweder gehen wir unter oder schwimmen.,
ไม่เธอไปก็ฉันไป,Entweder gehst du oder ich gehe.,
เขาทำงานในบริษัท(!F)แห่งหนึ่งเป็นโปรแกรมเมอร์,Er arbeitet in einem Büro als Programmierer.,
เขาทำงานในมหาวิทยาลัยตั้งแต่ปี 1984,Er arbeitet seit neunzehn-vierundachtzig an der Universität.,
เขาอยู่อย่างช้าสุดถึงแปดโมง,Er bleibt spätestens bis acht.,
เขาแทนที่เธอ(๒),Er ersetzt dich.,
เขาขึ้นไปบนหลังคา,Er geht aufs Dach.,
เขา(ช)ไป(g)งานแต่งงานวันนี้,Er geht heute auf die Hochzeit.,
เขาเอามัน(ช)ให้เธอ(๓),Er gibt ihn ihr.,
เขาใช้เงินมากเกินไป,Er gibt zu viel Geld aus.,er
เขาจ่ายหมดเลย,Er hat alles bezahlt.,- Perfekt
วันนี้เขาไม่ได้มีโทรศัพท์มือถือ<b><i><u>ของเขา</u></i></b>อยู่กับตัว　มันวางอยู่บนโต๊ะตรงนี้,Er hat heute sein Handy nicht dabei. Es liegt hier auf dem Tisch.,
เขาลงมืออบมัน(ช)ด้วยตัวเอง,Er hat ihn selber gebacken.,- perfekt
เขาโชคร้ายตลอดเวลา,Er hat immer Pech.,
เขาเรียน(!s)ภาษาอังกฤษและสเปนมาจากในโรงเรียน,Er hat in der Schule Englisch und Spanisch gelernt.,- Perfekt
เขาไม่มีเวลา,Er hat keine Zeit.,er
เขาไม่ได้เลี้ยงสุนัข แต่เลี้ยงแมวต่างหาก,"Er hat keinen Hund, sondern eine Katze.",
เขาไม่มีเพื่อนเลยแม้แต่คนเดียว,Er hat keinerlei Freunde.,
เขา(ช)มีความสัมพันธ์(ความเชื่อมโยง)บางอย่างกับเพื่อน ๆ ของเธอ(๓)(พหู),Er hat manche Verbindungen zu ihren Freunden.,
เขาเคยเล่าเรื่องเขา(คนนั้น)กับฉัน แต่แทบจะไม่บ่อยเลย,"Er hat mir von ihm erzählt, aber ganz selten.",- Perfekt
เขา(ช)คุยโทรศัพท์กับเธอ(ญ),Er hat mit ihr telefoniert.,- perfekt<br>- โทรศัพท์: t
เขา(ช)ได้ถอดรองเท้าของเขาออก,Er hat seine Schuhe ausgezogen.,perfekt
เขาทำกระเป๋าของเขาหาย,Er hat seine Tasche verloren.,Perfekt
เขามักจะฟังเพลงเป็นเวลาหลาย ๆ ชั่วโมง,Er hört oft stundenlang Musik.,
เขากินมากกว่า Pameda,Er isst mehr als Pameda.,
เขากินเยอะไม่เท่า Pameda,Er isst nicht so viel wie Pameda.,
เขาไม่กินอะไรนอกจากผลไม้,Er isst nichts außer Obst.,
เขากินน้อยกว่า Pameda,Er isst weniger als Pameda.,
เขาอยู่ตรงประตู,Er ist an der Tür.,
เขาไม่ได้โง่เลยอย่างที่เขาดูเหมือน,"Er ist gar nicht so dumm, wie er aussieht.",
เขากลับมาจากพักร้อน<b>เมื่อวาน<u><i>ตอนเย็น</i></u></b>,Er ist gestern Abend aus dem Urlaub zurückgekommen.,- Perfekt
เขาร้อน ๆ หนาว ๆ,Er ist heiß und kalt.,
มัน(ช)อยู่ในห้องของฉัน　เมื่อวานฉันเอา<u><i><b>มัน</b></i></u>ไปไว้ในห้องของฉันเอง,Er ist in meinem Zimmer. Gestern habe ich ihn in mein Zimmer gebracht.,- präsen / perfekt
เขา(อายุ)อ่อนกว่า Franka,Er ist jünger als Franka.,
เขาไม่ได้อยู่ในห้องครัว แต่อยู่ในห้องนั่งเล่น,"Er ist nicht in der Küche, sondern im Wohnzimmer.",er
เขาไม่แก่เท่า Franka,Er ist nicht so alt wie Franka.,
เขาเป็นมิตรต่อฉันอยู่เสมอ,Er ist stets freundlich zu mir.,
เขาอายุ 24 ปี,Er ist vierundzwanzig Jahre alt.,
เขามาแฟรงก์เฟิร์ตได้สองเดือนแล้วละยังไม่รู้จักใครที่นี่เลย,Er ist vor zwei Monaten nach Frankfurt gekommen und kennt hier noch keinen Menschen.,
เขาไม่ทั้งสูงหรือเตี้ย,Er ist weder groß noch klein.,
เขาพอใจกับการรักษา,Er ist zufrieden mit der Pflege.,
เขาอ่านหนังสือหนึ่งเล่มทุก ๆ ปี,Er liest ein Buch jährlich.,
เขาวิ่งช้ากว่า,Er läuft langsamer.,
เขาไม่ชอบกีฬา,Er mag keinen Sport.,er
เขาอยากได้นาฬิกา(จาก)อังกฤษเรือนหนึ่ง,Er möchte eine englische Uhr.,
เขาหลับทันทีที่เขาไปที่เตียง,Er schläft sobald er ins Bett geht.,
เขาหลับในขณะที่เพื่อนของเขาพูดอยู่,Er schläft während sein Freund spricht.,
มัน(ช)ถูกปากฉัน<b><u><i>มาก ๆ</i></u></b>,Er schmeckt mir sehr gut.,
เขานั่งอยู่ในห้องนั่งเล่น,Er sitzt im Wohnzimmer.,
เขาพูดไม่ช้า,Er spricht nicht langsam.,
เขาพูดเร็วพอ ๆ กันกับ Franka,Er spricht so schnell wie Franka.,
เขาพูดเร็วเกินไป,Er spricht zu schnell.,
เขาหาเพลงจากในโทรศัพท์,Er sucht das Lied auf dem Handy.,
เขาเข้าใจ　Ana มีหลายอย่างต้องทำ(t),Er versteht. Ana hat viel zu tun.,
เมื่อกี้เขาคุยโทรศัพท์แปปนึง　โทรคุยกับ Pameda,Er war kurz am Telefon. Er hat Pameda angerufen.,- präteritum. perfekt<br>- โทรคุย: ar
เขาไม่รู้ว่าฉันรู้จัก Michael และว่าเขาเป็นเพื่อนของฉัน,"Er weiß nicht, dass ich Michael kenne und dass er mein Freund ist.",
เขา (er) ตั้งใจจะไปเรียนที่ประเทศเยอรมนี,Er will in Deutschland studieren.,
เขาแสดงให้ดูว่าไข่เอาไปทำอาหารอย่างไร,Er zeigt wie man Eier kocht.,
เขาลังเลอยู่นาน จนกระทั่งตอบฉันในที่สุด,"Er zögert lange, bis er mir endlich antwortet.",
เขาเปิด(!m)ประตู　ตอนนี้มันเปิดอยู่,Er öffnet die Tür. Jetzt ist sie auf.,
เขาพูดกับ(z)น้องชายของเขาอีกครั้ง,Erneut spricht er zu seinem Bruder.,เริ่มด้วยประโยคด้วยคำว่าอีกครั้ง
ฉันชอบมัน(ก)มากกว่า,Es gefällt mir besser.,- ทำให้ชอบ
มีสุนัขอยู่หนึ่งตัวในบ้านหลังนี้,Es gibt einen Hund in diesem Haus.,
มีดอกไม้สวย ๆ อยู่ในสวน,Es gibt schöne Blumen im Garten.,
มีกลุ่มเป็นจำนวนมาก(!v),Es gibt zahlreiche Gruppen.,
มันเป็นคืน(!N)สุดท้ายของเธอ,Es ist dein letzter Abend.,
มัน(ก)อยู่ตรงแม่น้ำไรน์พอดีเลย,Es ist direkt am Rhein.,
มันคือสวนที่ไม่มีดอกไม้,Es ist ein Garten ohne Blumen.,
เกือบเที่ยง,Es ist gleich zwölf.,gleich
มันอยู่หลังโซฟา,Es ist hinter dem Sofa.,es
มัน(ก)อยู่(s)ทางทิศตะวันตกของตำบล,Es ist im Westen des Landkreises.,
เกือบเที่ยงครึ่ง,Es ist kurz vor halb eins.,kurz
มันเป็นเวลา 17 นาฬิกาและ<b><u><i>ยัง</i></u></b>เร็วเกินไปสำหรับอาหารเย็น,Es ist siebzehn Uhr und noch zu früh zum Abendessen.,
มัน(ก)เป็นสีฟ้าทั้งอัน,Es ist völlig blau.,y
มันมืดเกินไป　ไฟปิดอยู่　เปิดให้หน่อยสิ,Es ist zu dunkel. Das Licht ist aus. Mach es doch bitte an.,
มีก้อนเมฆ(พหู)อยู่บนท้องฟ้า,Es sind Wolken am Himmel.,
มีผู้คนส่งเสียงดังบนถนน,Es sind laute Leute auf der Straße.,
มันเป็นสองโรงแรมที่ต่าง(u)กัน,Es sind zwei unterschiedliche Hotels.,
มีบางอย่างเคลื่อนไหว,Etwas bewegt sich.,
หนังสือ<sub>(พหู)</sub>ของพวกเธออยู่ในชั้นหนังสือ<sub>(พหู)</sub>ของพวกเธอ,Eure Bücher sind in euren Regalen.,
ขับช้า ๆ หน่อย,Fahr bitte langsam!,- du!<br>- bitte
คุณขี่จักรยานไหม,Fahren Sie Rad?,Sie
ตรงนี้ถ่ายรูปไม่ได้นะ,Fotografiert hier nicht!,- ihr!
Franka แก่ที่สุด,Franka ist am ältesten.,
แฟรงก์เฟิร์ตไม่ใหญ่เท่าเบอร์ลิน แต่แฟรงก์เฟิร์ตมีสนามบินขนาดใหญ่อยู่แห่งหนึ่ง,"Frankfurt ist nicht so groß wie Berlin, aber Frankfurt hat einen großen Flughafen.",
แฟรงก์เฟิร์ตอยู่ไกลออกไป,Frankfurt ist weit weg.,
คุณ Schmidt (ญ) อยู่เมืองไทยมา 30 ปีและรักเมืองไทยมาก,Frau Schmidt lebt seit dreißig Jahren in Thailand und liebt Thailand sehr.,
ตอนเช้าตรู่ฉันวิ่งออกกำลัง,Frühmorgens jogge ich.,
ห้าน้อยกว่าแปด,Fünf ist kleiner als acht.,
เธอชอบเชื้อเชิตไหม,Gefällt dir das Hemd?,
ไปเดินเล่นสิ,Geh doch spazieren!,- du!<br>- doch
เธอจะเข้าเมืองไป(g)กับพวกเราไหม,Gehst du mit uns in die Stadt?,du
อยู่ด้วยกัน(!z)พวกเราแข็งแกร่งยิ่งขึ้น,Gemeinsam sind wir stärker.,
เมื่อวานพวกเราได้ไปเดินเล่นสนุก ๆ กัน<u>รอบ ๆ ทะเลสาบ</u>,Gestern haben wir einen schönen Spaziergang um den See gemacht.,- Perfekt<br>- การเดินเล่นที่งดงาม
<u>เมื่อวาน</u>เธอ(๓)อยู่(b→z)แค่ที่บ้าน,Gestern ist sie nur zu Hause geblieben.,- perfekt<br>- เธอ บุรุษที่ ๓
เอาโทรศัพท์เธอมาซิ,Gib mir dein Handy!,- du!<br>- ให้: geben
เอากระเป๋าเธอมาให้ฉัน,Gib mir deine Tasche.,
ที่นี่มีอ่างอาบน้ำไหม,Gibt es hier eine Badewanne?,
ดูนั่นสิ　ผู้ชายใส่เสื้อเชิตสีขาว　เราไปถามเขากัน,Guck mal den da. Den Mann im weißen Hemd. Wir gehen ihn fragen.,
เป็นความคิดที่ดี　ฉันอยากซื้อเค้กให้เขา,Gute Idee. Ich möchte ihm einen Kuchen kaufen.,
คุณ(Sie)มีเอกสารอยู่กับตัวหรือไม่,Haben Sie die Dokumente dabei?,
พวกเธอได้อ่านหนังสือพิมพ์กัน<b><u><i>แล้ว</i></u></b>หรือยัง,Habt ihr schon die Zeitung gelesen?,- Perfekt
Hans ตอบคำถามครู,Hans antwortet dem Lehrer.,
เธอมียา/วิธีแก้ปวดหัวไหม,Hast du ein Medikament gegen Kopfschmerzen?,
เธอมีเวลาตอน<u>ประมาณ</u>บ่ายสองโมงไหม,Hast du gegen vierzehn Uhr Zeit?,du / offiziell
มีแผนทำอะไรวันนี้ช่วงบ่าย<u>แล้ว</u>หรือยัง,Hast du heute Nachmittag schon was vor?,du
คุณมีจักรยานแล้วหรอ　หรือว่าจักรยานตรงนี้เป็นของใคร,Hast du jetzt ein Fahrrad? Oder wem gehört das Fahrrad hier?,
เธอได้รับโปสการ์ดของฉันหรือยัง,Hast du meine Postkarte bekommen?,perfekt<br>โปรการ์ด - P
เธอเห็นไฟฉายของฉันไหม,Hast du meine Taschenlampe gesehen?,- perfekt
เธอยังหิวอยู่ไหม / ไม่ฉันไม่หิวแล้ว,"Hast du noch Hunger? / Nein, ich habe keinen Hunger mehr.",
เมื่อวันศุกร์พวกเธอมีงานเยอะกันไหมที่สำนักงาน,Hattet ihr am Freitag viele Arbeit im Büro?,- Präteritum
คุณ Hansen (ช) ไม่อยู่　เขาจะกลับมาในอีก 3 วัน,Herr Hansen ist verreist. Er kommt in drei Tagen zurück.,
วันนี้ตอนเย็นหรอ ไม่ได้ ตอนนั้นฉันจะไป(g)กับ Hans ที่มหาวิทยาลัย,Heute Abend? Das geht nicht. Da gehe ich mit Hans in die Universität.,
วันนี้อนุญาตให้ลูก ๆ ของฉันดูทีวีได้,Heute dürfen meine Kinder fernsehen.,
ที่นี่ห้ามสูบบุหรี่,Hier darf man nicht rauchen.,man
ตรงนี้คือเก้าอี้นวม　มันเก่าเกินไป　เธอไม่อยากได้มันหรอก,Hier ist der Sessel. Er ist zu alt. Du brauchst ihn nicht.,
ตรงนี้คือวิทยุของฉัน มันใช้งานได้ดี เธอเอาไปก็ได้นะ,Hier ist mein Radio. Es funktioniert gut. Du kannst es haben.,du
ตรงนี้คือเครื่องซักผ้าของพวกเรา มันใหม่มาก เธอต้องอยากได้แน่ ๆ,Hier ist unsere Waschmaschine. Sie ist sehr neu. Du brauchst sie bestimmt.,
ตรงนี้ เราต้องขึ้น(n)รถไฟขบวนนี้,"Hier, diesen Zug müssen wir nehmen.",
หลังเธอ(๓)มีสิงโตตัวหนึ่งยืนอยู่,Hinter ihr steht ein Löwe.,- ขึ้นประโยคด้วยบุพบท
หวังเป็นอย่างยิ่งว่าพรุ่งนี้จะงดงามเหมือนเดิม,Hoffentlich ist es morgen auch genauso schön.,
หวังเป็นอย่างยิ่งว่ารถไฟจะมาถึงตรงเวลานะ,Hoffentlich kommt der Zug pünktlich an.,
พรุ่งนี้เธอเอาขนมปังก้อนมา<u>หน่อยนะ</u>,Holst du bitte morgen Brötchen?,- du<br>- fragen
รถบัสคันนี้หยุดที่ Marburg ไหม,Hält dieser Bus in Marburg?,
แขวนรูปไว้ที่ผนังให้หน่อย,Häng das Bild bitte an die Wand.,"- du, bitte"
ฉัน<u>ทำงานเป็น</u>คนขับรถและทุก ๆ สัปดาห์จะขนมันฝรั่งทอดไปที่นั่น(dh),Ich arbeite als Fahrer und bringe jede Woche Pommes dorthin.,
ฉันทำงานอย่างเร็ว เพราะการประชุม(M)จะเริ่มตอน 11 โมง,"Ich arbeite schnell, weil das Meeting um elf Uhr anfängt.",
ฉันจะอบขนมเค้กวันนี้　ฉันอยากได้แป้งหนึ่งกิโล แอปเปิลสามลูก อพริคอตสี่แล้วก็ไข่อีกหก,"Ich backe heute einen Kuchen. Ich brauche ein Kilo Mehl, drei Äpfen, vier Aprikosen und sechs Eier.",
ฉันได้รับของขวัญมากมายจากพี่น้องของฉันอยู่เสมอ,Ich bekomme von meinen Geschwistern immer viele Geschenke.,
ฉันใช้สบู่สีขาว,Ich benutze die weiße Seife.,
ฉันจ่ายค่าไวน์ ค่าอาหารเธอจ่าย,"Ich bezahle den Wein, das Essen bezahlst du.",
ฉันจ่ายค่าสอบ(!K),Ich bezahle für die Untersuchungen.,
ฉันมีอาชีพเป็นครู(ญ),Ich bin Lehrerin von Beruf.,
ฉันไปไปรษณีย์คนเดียว,Ich bin allein zur Post gegangen.,- perfekt<br>- บุพบท: z
ฉันกำลังพบแพทย์,Ich bin beim Arzt.,
"ฉันสูง 1,87 เมตรและมีผมสีน้ำตาล ยาวกว่านิดหน่อย","Ich bin ein Meter siebenundachtzig groß und habe braunes, etwas längeres Haar.",
ฉันเห็นด้วยกับความคิดเห็นของเธอทุกประการ,Ich bin ganz und gar deiner Meinung.,
ฉันไม่เห็นด้วยกับไวน์ในมื้อเช้า,Ich bin gegen Wein zum Frühstück.,
ฉันเหนื่อยพอ ๆ (g)กับเธอ,Ich bin genauso müde wie du.,
ฉันเพิ่งตื่นนอน　ฉันอาบน้ำเสร็จเมื่อ 5 นาทีที่แล้วและตัว<u>ยัง</u>ไม่แห้งเลย,Ich bin gerade aufgestanden. Ich habe vor fünf Minuten geduscht und bin noch nicht trocken.,
ฉันอยู่ที่ประเทศสวิสฯ,Ich bin in der Schweiz.,
ฉันเคยตื่น<b><i><u>เช้า</u></i></b>ทุก<b><i><u>วัน</u></i></b>,Ich bin jeden Tag früh aufgestanden.,- Perfekt
ฉันลืมกุญแจของฉันไว้ในบ้าน,Ich bin meinen Schlüssel im Haus vergessen.,- Perfekt
ฉันไม่แน่ใจว่าฉันควรบอกผู้ชายคนนั้นไหม,"Ich bin mir nicht sicher, ob ich dem Mann sagen soll.",
ฉัน<u>ไป</u>หาหมอมา<u>แล้ว</u>　เขาบอก ฉันเล่นกีฬามากเกินไปและดื่มกาแฟมากเกินไป,"Ich bin schon zum Arzt gegangen. Er hat gesagt, ich habe zu viel Sport getrieben und habe zu viel Kaffee getrunken.",- perfekt
ฉันภูมิใจในตัวเอง,Ich bin stolz auf mich.,
ฉันตื่นนอนตอนเจ็ดโมง<b><u>ครึ่ง</u></b> แล้วฉันก็ไปขี่จักรยาน,"Ich bin um halb acht aufgestanden, dann bin ich Rad gefahren.",perfekt
ฉันออก<b><i><u>จากบ้าน</u></i></b>ตอนเก้าโมง,Ich bin um neun Uhr von zu Hause weggefahren.,- perfekt<br>- ออกเดินทาง: wf
ฉันมาที่(k→n)เยอรมนีเมื่อสามปีก่อน,Ich bin vor drei Jahren nach Deutschland gekommen.,- perfekt
ฉันอยู่ถึงพรุ่งนี้,Ich bleibe bis morgen.,
ฉันต้องการชุดเดรสกลางคืนสำหรับงานแต่งงานของเพื่อน(ญ)ฉัน,Ich brauche ein Abendkleid für die Hochzeit von meiner Freundin.,
ฉันเอาจานชามมาใส่เครื่องล้างจาน,Ich bringe das Geschirr in die Spülmaschine.,
ฉันขอขอบคุณพวกเธอมาก,Ich danke euch sehr.,
ฉันกดออด แต่ก็ไม่มีใครมาเปิดให้,"Ich drücke auf die Klingel, aber keiner macht auf.",
ฉันจะเล่าเรื่องสั้น ๆ ให้เธอฟัง,Ich erzähle dir eine kleine Geschichte.,
ฉันไม่กินอะไรเลยตอนเย็น ส่วนเขากินแค่ของจุกจิกเล็กน้อย,Ich esse abends nichts und er isst nur eine Kleinigkeit.,
ฉันชอบกินไส้กรอกกับพิซซ่า,Ich esse gern Wurst und Pizza.,
ฉันไม่เคยกินข้าวตอนกลางวันเลย,Ich esse nie zu Mittag.,
ผมชอบขี่จักรยาน,Ich fahre gern Rad.,
ฉันนั่งรถบัสไป(f→z)มหาวิทยาลัย,Ich fahre mit dem Bus zur Universität.,
ฉันว่ามันอันตรายเกินไป ฉันไม่เห็นด้วย,"Ich finde das zu gefährlich, ich bin dagegen.",
ฉันว่าเสื้อเชิตผู้หญิงตัวนี้สวยที่สุด,Ich finde die Bluse am schönsten.,
ฉันไม่ได้บินไป(n)ประเทศเยอรมัน แต่ไปอังกฤษต่างหาก,"Ich fliege nicht nach Deutschland, sondern nach England.",
ฉันจะเอามัน(ก)ให้เธอวันพรุ่งนี้,Ich gebe es dir morgen.,
ฉันจะไป(g)โรงละครวันนี้ อยากไปไหม,"Ich gehe heute ins Theater, hast du Lust?",
ฉันเข้าไปในห้องของฉันและเปิดกระเป๋าเป้ของฉันออก,Ich gehe in mein Zimmer und mache meinen Rucksack auf.,
ฉันไปเดินเล่นกับ Michael,Ich gehe mit Michael spazieren.,
ฉัน<u><i><b>กลับ</b></i></u>(g→n)บ้านเร็วเพราะว่าฉันอยากจะออกไปข้างนอกวันนี้,"Ich gehe schnell nach Hause zurück, weil ich heute ausgehen möchte.",
ฉันไปนอนตอนห้าทุ่มสิบห้า,Ich gehe um Viertel nach elf schlafen.,- umgangssprachlich<br>- นอน: กริยา
ฉันเดินไปหา(z)ผู้ชายเหล่านั้น แล้วก็พูด(!s)กับพวกเขา,Ich gehe zu den Männern und rede mit ihnen.,
ฉันจะไปหาหมอก่อน แล้วก็จะมาบ้านของของเธอ และเราเข้า(f)เมืองไปด้วยกัน,"Ich gehe zuerst zum Arzt, dann komme ich zu dir, und wir fahren zusammen in die Stadt.",
ฉันจะไปดูแข่งฟุตบอล,Ich gehe zum Fußballspiel.,
ฉันเชื่อในตัวเธอ,Ich glaube an dich.,
ฉันคิดว่าฉันหนาว,"Ich glaube, mir ist kalt.",
ฉันเคยกลัว,Ich habe Angst gehabt.,- Perfekt
ฉันมีเอกสารทั้งหมดอยู่กับตัว,Ich habe alle Dokumente dabei.,
ฉันเคยทำงานเป็นพนักงานขาย(ญ),Ich habe als Verkäuferin gearbeitet.,
ฉันได้เข้าร่วมคณะทัวร์หนึ่ง,Ich habe an einer Gruppenreise teilgenommen.,- Perfekt
ฉันเจอกุญแจในกระเป๋าเสื้อแจ็กเก็ตของฉัน,Ich habe den Schlüssel in meiner Jackentasche gefunden.,- Perfekt
ฉันไม่เห็น(เจอ)เธอเลย,Ich habe dich nicht gesehen.,- perfekt
ฉันเต้นรำกับเขาทั้งคืน,Ich habe die ganze Nacht mit ihm getanzt.,- Perfekt
ฉันไม่ได้นอนทั้งคืนเลย,Ich habe die ganze Nacht nicht geschlafen.,- Perfekt
ฉันมีสีของตวงตาคล้ายกับแม่ของฉัน,Ich habe die gleiche Augenfarbe wie meine Mutter.,
ผมมีตำแหน่งงานที่บริษัท Bayer,Ich habe eine Stelle bei Bayer.,
ฉันได้สั่ง(จอง)ที่สำหรับสี่คนไว้แล้ว,Ich habe einen Platz für vier Personen bestellt.,Perfekt
ฉันได้รับนัดหมาย(สำหรับ)ตอนสามโมงสิบห้า,Ich habe einen Termin für Viertel nach drei bekommen.,- Perfekt
ฉันมีบางอย่างจะให้คุณ,Ich habe etwas für Sie.,Sie
อื่มแล้ว,Ich habe genug.,ไม่ใช่ satt
เมื่อวานฉันได้รู้จักกับผู้ชายที่วิเศษ(t)คนหนึ่ง　ฉันเจอกับเขาที่โรงอาหาร,Ich habe gestern einen tollen Mann kennengelernt. Ich habe ihn in der Kantine getroffen.,- Perfekt
ฉันไม่มีแก้ว　เธอยกดื่มจากขวดเลยได้ไหม,Ich habe kein Glas. Kannst du aus der Flasche trinken?,
ฉันไม่หิว,Ich habe keinen Hunger.,
ฉันคุยกับตำรวจ(พหู)นานและได้อธิบายสถานการณ์ให้ฟัง,Ich habe lange mit den Polizsten gesprochen und die Situation erklärt.,- Perfekt
ฉันไม่มีพจนานุกรม (น่าเสียดายจัง),Ich habe leider kein Wörterbuch.,
ฉันไม่ได้เจอ(!t)เพื่อน ๆ ของฉันมานาน,Ich habe meine Freunde lange nicht gesehen.,- Perfekt
ฉันไม่ได้ทำอะไรเลย,Ich habe nichts gemacht.,- Perfekt
ฉันมีเวลาน้อยเกินไป ฉันต้องทำงาน,Ich habe zu wenig Zeit. Ich muss arbeiten.,
ฉันเคยเรียนอยู่ที่มึนสเตอร์เป็นเวลาสองปี,Ich habe zwei Jahre in Münster studiert.,
ฉันมีวันหยุดพักร้อนสองเดือน,Ich habe zwei Monate Urlaub.,
ฉันได้ชวนเพื่อนสิบสองคนมางานวันเกิดของฉัน,Ich habe zwölf Freunde zu meinem Geburtstag eingeladen.,- Perfekt
ฉันถือมะเขือเทศลูกหนึ่ง,Ich halte eine Tomate.,
ฉันหยุดเขา(ญ),Ich halte sie an.,
ฉันประสบอุบัติเหตุก็เลยอยู่<sub>(sein→z)</sub>บ้านมาสามวันแล้ว,Ich hatte einen Unfall und war drei Tage zu Hause.,- Präteritum
ฉันมักจะทะเลาะกับพี่สาวคนโตของฉันอยู่บ่อย ๆ,Ich hatte oft Streit mit meiner großen Schwester.,- Präteritum
ผมไม่ได้ชื่อ Mayer แต่ชื่อ Schneider,"Ich heiße nicht Mayer, sondern Schneider.",
ฉันเอากุญแจออกมา,Ich hole den Schlüssel heraus.,
ฉันจะไปรับเธอตอนสี่ทุ่ม,Ich hole dich um zehn Uhr ab.,du / umgangsprachlich
ฉันได้ยินแต่เสียงเครื่องยนต์ของรถบรรทุกและรถราบนถนนชนบท,Ich höre nur den Motor des Lastwagens und die Autos auf der Landstraße.,
ฉันอ่านลายมือเธอไม่ออก,Ich kann deine Handschrift nicht lesen.,
ฉันให้พวกเธอยืมรถของฉันได้นะ,Ich kann euch mein Auto leihen.,
ฉันสามารถเล่นสกีได้<b><u><i>ดี</i></u></b> แต่ว่าที่นี่ไม่มีหิมะเลย　ไม่สามารถเล่นสกีได้,"Ich kann gut Ski fahren, aber es gibt hier keinen Schnee. Man kann nicht Ski fahren.",- ไม่สามารถเล่นได้: ไม่มีใครเล่นได้
ฉันสามารถอธิบายมัน(ช)ให้พวกคุณได้,Ich kann ihn Ihnen erklären.,- Sie
ฉันร้องเพลงไม่เป็น,Ich kann nicht singen.,
ฉันนอนได้ไม่ค่อยหลับ,Ich kann nicht so gut schlafen.,- können
ฉันกินอะไรได้ไม่ค่อยมาก,Ich kann nicht so viel essen.,
ฉันสามารถอ่านหนังสือได้โดยไม่ต้องใส่แว่นตา,Ich kann ohne Brille lesen.,
ฉันซื้อนาฬิกาอันแสนวิเศษ(w)เรือนหนึ่งและจ่ายเงินที่แคชเชียร์,Ich kaufe eine wunderbare Uhr und bezahle sie an der Kasse.,
พรุ่งนี้ช่วงเช้าฉันจะซื้อขนมปังก้อนกับครัวซองต์,Ich kaufe morgen früh Brötchen und Croissants.,- พหูพจน์<br>- เริ่มที่ ich
ฉันไม่ซื้อรองเท้าคู่นี้　อีกคู่สวยกว่า,Ich kaufe nicht diese Schuhe. Die anderen sind schöner.,
ฉันรู้จักเขาผ่านเพื่อนคนหนึ่ง,Ich kenne ihn durch einen Freund.,
ฉันไม่รู้จักใครเลยในงานเลี้ยง,Ich kenne niemanden auf der Party.,
ฉันไม่รู้จักใครเลยในเยอรมนี,Ich kenne niemanden in Deutschland.,
ฉันเป็นคนทำอาหาร เพราะงี้กับข้าวก็เลยแย่,"Ich koche, somit ist das Essen schlecht.",
ฉันเพิ่งมาจากคลินิกทันตแพทย์,Ich komme gerade vom Zahnarzt.,Präsent
ฉัน<b><i><u>ส่วนใหญ่มักจะ</u></i></b>มาสำนักงาน<b><i><u>ประมาณ</u></i></b>แปดโมงและเปิด(es)คอมพิวเตอร์ก่อนเป็นอันดับแรก,Ich komme meistens gegen acht Uhr ins Büro und schalte erst einmal den Computer ein.,
ฉันจะมาถึงพรุ่งนี้ตอน 21:34 น. ที่สถานีรถไฟ　เธอมารับไหม,Ich komme morgen um einundzwanzig Uhr vierunddreißig am Bahnhof an. Holst du mich bitte ab?,offiziel
ฉันชวนเธอมางานวันเกิดของฉัน,Ich lade dich zu meinem Geburtstag ein.,
ฉันอ่านหนังสือ เล่นอินเทอร์เน็ตและบางครั้งก็คุยโทรศัพท์กับเพื่อน(ญ)<u>คนหนึ่ง</u>　แล้วฉันก็เข้านอนตอน<u>ประมาณ</u> 23:00 น.,"Ich lese, surfe im Internet und rufe manchmal eine Freundin an. Ich gehe dann gegen dreiundzwanzig Uhr ins Bett.",offiziel
ฉันเปิดวิทยุ,Ich mache das Radio an.,- Trennbare Verben
ฉันปิดวิทยุ,Ich mache das Radio aus.,- Trennbare Verb
ฉันเปิดประตู,Ich mache die Tür auf.,- Trennbare Verb
ฉันปิดประตู,Ich mache die Tür zu.,- Trennbare Verben
ฉันชอบเดือนธันวาคม,Ich mag den Dezember.,
ฉันชอบเขามาก　ดังนั้นฉันจึงอยากซื้อของขวัญที่ดี(สวยงาม)ให้กับเขา,Ich mag ihn sehr. Deshalb möchte ich ihm ein schönes Geschenk kaufen.,
ฉันชอบผักทุก(!a)อย่างยกเว้นมะเขือเทศ,Ich mag jedes Gemüse außer Tomaten.,
ฉันไม่ชอบหมวกเหล่านี้เลยสักใบ,Ich mag keinen dieser Hüte.,
ผมต้องไปแล้วตอนนี้ มันสาย<u>แล้ว</u>,Ich muss jetzt gehen. Es ist schon spät.,
ฉันต้องกลับบ้านแล้ว<u>ตอนนี้</u>,Ich muss jetzt nach Hause gehen.,"- ไป: g, ยัง: n"
ฉันต้องไปซ่อนตัว,Ich muss mich verstecken.,
ฉันต้องไปซื้อของก่อน,Ich muss zuerst einkaufen gehen.,
ฉันต้องไป(f/z)มหาวิทยาลัยก่อน,Ich muss zuerst zur Universität fahren.,
ฉันไม่เคยต้องช่วยงานบ้านและสามารถกินไอติมมากเท่าไหร่ก็ได้,"Ich musste nie im Haushalt helfen und durfte so viel Eis essen, wie ich wollte.",Präteritum
ฉันอยากจะรู้จักคุณมานาน<u>แล้ว</u>,Ich möchte Sie schon lange kennenlernen.,Sie
ฉันก็อยากกินซูชิกับพวกเธอ,Ich möchte auch mit euch Sushi essen.,
ฉันขอไส้กรอกแกงกะหรี่หนึ่งกับน้ำแร่หนึ่ง,Ich möchte bitte eine Currywurst und ein Mineralwasser.,bitte
ฉันอยากไปร้านอาหารมากกว่า,Ich möchte lieber ins Restaurant gehen.,
ฉันอยากไปโรงภาพยนตร์<b><i><u>วันพรุ่งนี้</u></i></b> เพราะว่ามีหนังที่ดี(g)เรื่องหนึ่งกำลังฉายอยู่,"Ich möchte morgen ins Kino gehen, denn da läuft ein guter Film.",- เพราะว่า: denn
ฉันไม่อยากพูดเกี่ยวกับสภาพอากาศ,Ich möchte nicht über das Wetter sprechen.,
ฉันเข้าร่วมงานสัมมนาสองแห่ง,Ich nehme an zwei Seminaren teil.,
ฉันขึ้นรถเมล์คันถัดไป,Ich nehme den nächsten Bus.,
ฉันบอกผู้ชายคนนั้นว่าฉันต้องไปเอามือถือของฉัน<b><i><u>ก่อน</u></i></b>,"Ich sage dem Mann, dass ich zuerst noch mein Handy holen muss.",
ฉันเปิด(es)วิทยุ ตอนนี้มันเปิดอยู่,Ich schalte das Radio ein. Jetzt ist es an.,
ฉันเขียนหนังสือเล่มนี้เพื่อเธอโดยเฉพาะ,Ich schreibe dieses Buch extra für dich.,
ฉันเขียนจดหมาย(ฉบับหนึ่ง)ให้พ่อแม่ของฉัน,Ich schreibe meinen Eltern einen Brief.,
ฉันเจอ(!t)เขาบ้างเป็นบางครั้ง(!m),Ich sehe ihn ab und zu.,
ฉันเจอเขา(ญ)ไม่ค่อยบ่อย,Ich sehe sie selten.,
ฉันพูดภาษาอิตาลีกับอังกฤษ,Ich spreche Italienisch und Englisch.,
ฉันไม่พูดภาษาเยอรมัน,Ich spreche kein Deutsch.,
ฉันตื่นนอนส่วนมากตอนแปดโมง,Ich stehe meistens um acht auf.,
ฉันตื่นนอนตอนเจ็ดโมง　แล้วก็ทำ(m)อาหารเช้า,Ich stehe um sieben Uhr auf. Dann mache ich Frühstück.,offiziell
ฉันขึ้นรถไฟ,Ich steige in den Zug ein.,
ฉันวางขวดไว้บนโต๊ะ,Ich stelle die Flasche auf den Tisch.,
ฉันกำลังหา(ซื้อ)ชุดเดรสหรือไม่ก็กระโปรงอยู่,Ich suche ein Kleid oder einen Rock.,
ฉันแทบจะไม่ดื่มชา,Ich trinke kaum Tee.,
ฉันฝันถึงม้า,Ich träume von dem Pferd.,
ฉันเป็นห่วงมากเลย (อดีต),Ich war sehr besorgt.,- Präteritum
ฉันเพลียมาก ๆ ก็เลยนอนอยู่แต่บนเตียง　แต่วันนี้แข็งแรงเหมือนเดิมแล้ว,Ich war so müde und blieb nur im Bett. Aber heute bin ich wieder gesund.,- Präteritum &amp; Präsent
ฉันไม่รู้ เราน่า(m)จะถามใครสักคนนะ,Ich weiß nicht. Wir müssen jemanden fragen.,
ฉันไม่รู้อะไรเลยเกี่ยวกับอดีตของเขา,Ich weiß nichts über seine Vergangenheit.,
ฉันตื่นนอน(!as)แล้วก็อาบน้ำ　หลังจากนั้นฉันก็ไปทานอาหารเช้า(ก.)อย่างสงบ,Ich werde wach und dusche. Danach gehe ich in Ruhe frühstücken.,
ฉันไม่อยากสูญเสียเธอไป,Ich will dich nicht verlieren.,
ฉันไม่อยากกินยา<sub>(พหู)</sub>,Ich will keine Tabletten nehmen.,- ยา (t)<br>- อยาก (ปราถนา w)
ฉันอาศัยอยู่ในเมือง(D)เล็ก ๆ แห่งหนึ่ง　ตอนวันเสาร์อาทิตย์<b><i><u>ที่นี่</u></i></b>ไม่มีอะไรทำเลย,Ich wohne in einem kleinen Dorf. Am Wochenende ist hier nichts los.,
ฉันเคยอยากเป็นนักข่าว(ญ) แต่ด้วยความเห็นของพ่อฉันแล้วฉันควรเป็นเภสัชกร(ญ),"Ich wollte Journalistin werden, aber nach Meinung meines Vaters sollte ich Apothekerin werden.",
ฉันอยากไปเที่ยวทุกสถานที่ท่องเที่ยวในและรอบ ๆ ปารีสมาก ๆ แต่ฉันทำมันไม่ได้ เพราะว่ามีเวลาไม่พอ,"Ich wollte gern alle Sehenswürdigkeiten in und um Paris besichtigen, aber das konnte ich nicht, weil ich nicht genug Zeit hatte.",Präteritum
ฉันถอดเสื้อแล้วก็นอนลงบนเตียง　ฉันปิดไฟแล้วก็หลับ,Ich ziehe mich aus und liege mich ins Bett. Ich mache das Licht aus und schlafe.,
ฉันเปิดกล่องจดหมายของฉันและตอบอีเมล(พหู)ของฉัน,Ich öffne meine Mailbox und beantworte meine E-Mails.,
ฉันกำลังคิดเกี่ยวกับของขวัญที่จะเอาให้ Eva,Ich überlege mir ein Geschenk für Eva.,
ฉันรับช่วงต่อโรงซ่อมรถของคุณปู่ของฉัน,Ich übernehme die Werkstatt von meinem Großvater.,
พวกเธอทั้งสองยืนอยู่ใกล้กันมาก,Ihr beide steht euch sehr nahe.,
พวกเธอควรจะเก็บกวาดห้องของตัวเองด้วยบ้างนะ,Ihr sollt auch eure Zimmer aufräumen.,
พวกเธอเข้าใจฉันดีเสมอ,Ihr versteht mich immer gut.,
อาการปวดของคุณ<sub>(Sie)</sub>อาจรุนแรง<sub>(อันตราย)</sub>ขึ้นได้,Ihre Schmerzen können gefährlich sein.,
การเสพติดของเขา(ญ)นั้นไม่ดีต่อสุขภาพ,Ihre Sucht ist nicht gesund.,
ในสนามบินมีผู้คน(M)มากมายที่ต้องการซื้อหรือเปลี่ยนตั๋วเครื่องบินของพวกเขาที่นี่,"Im Flughafen sind viele Menschen, die hier ihre Flugtickets kaufen oder ändern wollen.",
"ในร้านฉันมองหาพนักงานขาย(ญ)และฉันถามเธอว่า ""มีนาฬิกาผู้ชายดี ๆ ไหม""","Im Geschäft suche ich die Verkäuferin und frage sie: ""Haben Sie sehr gute Herrenuhren?""",- ดี ๆ: ดีมาก (ไม่ใช่สวย)
เดือนมิถุนายนเขาจะมาหาฉัน,Im Juni kommt er zu mir.,
ในปากเธอ(๓)มีลูกกวาดอยู่แท่งหนึ่ง,Im Mund hat sie einen Lolly.,- ขึ้นประโยคด้วยบุพบท
ในกระเป๋าเป้<u><b>ฉันมี</b></u>สายชาร์จอันหนึ่งสำหรับโทรศัพท์ของฉัน,Im Rucksack habe ich ein Ladegerät für mein Handy.,
ในฤดูร้อนเธอ(๓)ชอบกินไอศกรีม,Im Sommer isst sie gern Eis.,
ในบ้านทั้งหลังมีหน้าต่างสามบาน,Im gesamten Haus gibt es drei Fenster.,
ในเมืองใหญ่<sub>(พหู!Artikel)</sub>มีรถราเยอะแยะวิ่งไปมา ควันทำลายสุขภาพ,In Großstädten fahren viele Autos. Der Staub schadet der Gesundheit.,
ในช่วง 3 ปีที่ผ่านมาฉันทำงานหนัก,In den letzten drei Jahren habe ich viel gearbeitet.,- perfekt
ในร้านเบเกอรีฉันสามารถซื้อ(รับ)ขนมปังสด ๆ (พหู)ตอนเช้าเจ็ดโมง,In der Bäckerei kann ich schon morgens um sieben Uhr frische Brötchen bekommen.,- ขนมปัง: die Brötchen
ในช่วง<b><i><u>พักเที่ยง</u></i></b> ฉันได้<b><i><u>ไป</u></i></b>ทานอาหารและได้พูดคุยกับเพื่อนร่วมงาน,In der Mittagspause bin ich zum Essen gegangen und habe mit Kollegen gesprochen.,- Perfekt
ในคิวในสนามบินมีนักธุรกิจ(!Km)อยู่สองสามคน,In der Schlange im Flughafen sind einige Geschäftsleute.,
ในปีนี้เราไปพักร้อนที่ประเทศไทย ไม่ใช่ออสเตรเลีย,"In diesem Jahr machen wir Urlaub in Thailand, nicht in Australien.",
ในอีก 1 สัปดาห์เขาจะบินไปจีน,In einer Woche fliegt er nach China.,
ในอีกสี่เดือนเราจะได้ลูกอีกคนหนึ่ง　เป็นเด็กผู้หญิง,In vier Monaten bekommen wir noch ein Baby. Es ist Mädchen.,
เธออาศัยอยู่ที่ชั้นเท่าไหร่,In welchem Stockwerk wohnst du?,- du<br>- ชั้น: Stockwerk
ในอีกสองเดือนจะเป็นการสอบ(p)ภาษาเยอรมันของเธอ(๓),In zwei Monaten ist ihre Deutschprüfung.,
กินอาหารดี(มีสุขภาพ)ไหม,Isst du gesund?,
ปลามีค่ามากกว่าทองคำหรือไม่,Ist der Fisch mehr wert als Gold?,
มีหมอในพวกเราไหม,Ist ein Arzt unter uns?,
เขาพอใจกับชีวิตประจำวันของเขาหรือไม่,Ist er mit seinem Alltag zufrieden?,
มัน(ช)อยู่ใต้โต๊ะหรือเปล่า　หรือว่ามันอยู่หลังโซฟา,Ist er unter dem Tisch? Oder ist er hinter dem Sofa?,
มีอะไรไม่ดีเกิดขึ้นหรอ,Ist etwas Schkimmes passiert?,- perfekt
ยังมีน้ำตาลเหลือไหม,Ist noch Zucker da?,
มัน(ญ)อยู่ในกระเป๋าถือหรือเปล่า หรือว่าในกระเป๋าเป้,Ist sie in der Handtasche? Oder im Rucksack?,
- Gibt es hier ein Telefon?<br>- มี ๆ มีตรงนี้หนึ่งเครื่อง,"Ja, hier ist eins.",
- Gibt es hier zwei Stühle?<br>- มี ๆ มีตรงนี้อยู่หลายตัว,"Ja, hier sind welche.",
ใช่ ฉันเห็นด้วย,"Ja, ich bin dafür.",
<div>- Habt ihr hier Telefon?</div><div>- มี <u>เรามี</u>อยู่เครื่องหนึ่ง</div>,"Ja, wir haben eins.",
ขึ้นอยู่กับเครื่องดื่มว่าฉันจะจ่ายหรือไม่จ่าย,Je nach Getränk bezahle ich oder nicht.,
ทุกวันฉันเตรียมอาหารเช้า,Jeden Tag bereite ich das Frühstück zu.,
<u>ทุกวัน</u>ฉันตื่นนอนตอนหกโมง,Jeden Tag stehe ich um sechs Uhr auf.,offiziell
ผู้เข้าร่วม<sub>(!Artikel)</sub>แต่ละคนต่างก็นำคำถาม(เอก)ของตัวเองมา,Jeder Teilnehmer bringt seine eigene Frage.,
Julia <u>ก็</u>มีผมสีน้ำตาล　แต่มันยาวกว่า<u>ของฉัน</u>,Julia hat auch braunes Haar. Es ist aber länger als meines.,
Julia เป็นน้องสาวของฉัน และเราอาศัยอยู่ในบ้านหลังเดียวกันในลอนดอน,Julia ist meine Schwester und wir leben im selben Haus in London.,
Julia เรียกฉันจากที่<b><u>หน้า</u></b>ประตูบ้าน,Julia ruft mir von der Haustür zu.,
คนหนุ่มสาวเป็นอนาคตของฉัน,Junge Leute sind meine Zukunft.,
รับกาแฟไหมครับ,Kann ich Ihnen einen Kaffee anbieten?,- พูดกับ Sie ในแบบสุภาพ<br>- ขอเสนอกาแฟให้คุณได้ไหมครับ
ฉันช่วยอะไรคุณได้บ้าง,Kann ich Ihnen helfen?,- Sie<br>- ฉันสามารถช่วยได้ไหม
ให้ผมช่วยอะไรไหมครับ,Kann ich Ihnen helfen?,Sie
เธอช่วยอธิบายอันนี้ให้ฉันหน่อยได้ไหม,Kannst du mir das erklären?,
ขอฉันยืมปากกา(ks)สักด้ามหน่อยได้ไหม,Kannst du mir einen Kugelschreiber leihen?,
เธออ่านหนังสือได้เฉพาะตอนใส่แว่นตาใช่ไหม,Kannst du nur mit Brille lesen?,
ไม่มีปัญหา งั้นเราเจอกันหกโมงที่ในเมือง,Kein Problem. Dann sehen wir uns um sechs Uhr in der Stadt.,- เจอ: s
ไม่รู้สิ,Keine Ahnung.,ไม่มีไอเดีย
มา เราจะเดินตัดสวนสาธารณะ มันใกล้กว่า,"Komm, wir gehen durch den Park, das ist kürzer.",
อย่าเข้ามาใกล้ฉันเกินไปนะ,Komme mir nicht zu nahe!,!
คุณ(Sie)จะไม่มา(k→z)งานเลี้ยงหรือ / ไปสิ แต่เดี๋ยวอีกแปป,"Kommen Sie nicht zur Party? / Doch, aber ein bisschen später.",
เขามาจากฝรั่งเศสใช่ไหม,Kommt er aus Frankreich?,er
เมืองเคิล์นตั้งอยู่ริมแม่น้ำไรน์,Köln liegt am Rhein.,
คุณช่วยนำทางไปสถานีรถไฟให้ผมหน่อย<b><u><i>ได้</i></u></b>ไหมครับ,Können Sie mir den Weg zum Bahnhof zeigen?,- Sie / Präsens
คุณช่วยแนะนำ(อะไร)ให้ฉันหน่อยได้ไหม,Können Sie mir welche empfehlen?,Sie
คุณอ่านไม่ออกหรือ　ที่นี่ห้ามจอด　แต่ตรงนู้นจอดได้,Können Sie nicht lesen? Hier ist Parken verboten. Aber da kann man parken.,- Sie
คุณช่วยบอก(s)ทางไปสถานีรถไฟหน่อยได้ไหม,Könnten Sie mir bitte den Weg zum Bahnhof sagen?,- Kt~
อย่ามายุ่งกับฉันเลย,Lass mich in Ruhe.,- ปล่อยฉันอยู่อย่างสงบ ๆ
วิ่งเร็ว ๆ หน่อย,Lauf schnell!,- du!
น่าเสียดายฉันซื้อได้แต่ชุดเดรส(B)หนึ่งตัว เพราะว่า<b><u><i>ตอนนั้น</i></u></b>ฉันไม่มีเงินมาก,"Leider kann ich nur eine Bluse kaufen, denn habe ich nicht so viel Geld dabei.",- เพราะว่า: denn
สัปดาห์ที่แล้วฉันมาที่สำนักงานตอนแปดโมงและฉันก็เริ่มทำงาน,Letzte Woche bin ich um acht Uhr ins Büro gekommen und ich habe mit der Arbeit angefangen.,- Perfekt
ปีที่แล้วฉันอยากทำงานที่แผนกส่งออก แต่ว่าฉันทำไม่ได้ เพราะไม่รู้ภาษาฝรั่งเศส,"Letztes Jahr wollte ich in der Exportabteilung arbeiten, aber ich durfte nicht, weil ich kein Französisch konnte.",Präteritum
เธอยังรัก Thomas อยู่ไหม / ไม่ ฉันไม่รักเขาแล้ว,"Liebst du Thomas noch? / Nein, ich liebe ihn nicht mehr.",
ทางด้านซ้ายของบ้านของฉันเป็นซุปเปอร์มาร์เก็ตแห่งหนึ่งและทางด้านขวาของบ้านของฉันเป็นร้านขายดอกไม้แห่งหนึ่ง,Links neben meinem Haus ist ein Supermarkt und rechts neben meinem Haus ist ein Blumengeschäft.,
Luki กระโดดข้ามหน้าต่าง,Luki springt durch das Fenster.,
เปิดไฟหน่อยได้ไหม,Machst du bitte das Licht an?,- du<br>- คำถาม<br>- bitte
เธอชอบหมาพอ ๆ กับแมวใช่ไหม,Magst du Hunde sowie Katzen?,
เธอชอบเพื่อนร่วมงาน(ญ)คนใหม่ไหม,Magst du die neue Kollegin?,
ได้ยินเสียงอะไรบางอย่างตรงประตูหลังของรถบรรทุก,Man hört Lärm an der Hintertür des Lastwagens.,
คนบางคนก็เป็นแบบนั้น,Manche Menschen sind so.,
บางคนเรียกสิ่งนี้ว่าการทำสมาธิ,Manche nennen das Meditation.,
บางครั้งพวกเขาเอาเพื่อนมาทานอาหารด้วย,Manchmal bringen sie Freunde zum Essen mit.,
บางครั้งฉันดูโทรทัศน์ตอนเย็น,Manchmal sehe ich abends fern.,
มาร์เซลมากับไดอารีสีชมพูเล่มหนึ่ง,Marcel kommt mit einem rosafarbenen Tagebuch.,
น้องชายของฉันเรียนเคมีและขยันมาก　อาจารย์ของเขาชมเขาอยู่เสมอ,Mein Bruder studiert Chemie und ist sehr fleißig. Sein Professor lobt ihn immer.,
เพื่อนของฉัน Michael มารอพวกเราอยู่ที่ทางออกของสนามบิน,Mein Freund Michael erwartet uns am Ausgang des Flughafens.,
วันเกิดของฉันมันสำคัญมาก เธอรู้ไหม,"Mein Geburtstag ist sehr wichtig, weißt du?",
โทรศัพท์ฉันแบตฯ(A)หมด,Mein Handy hat keinen Akku mehr.,
บ้านของฉันใหญ่เป็นพิเศษ(!e),Mein Haus ist besonders groß.,
เสื้อเชิตของฉันมีสี(พหู!artikel)ที่แตกต่าง,Mein Hemd hat verschiedene Farben.,
ฉันคิดถึงประเทศของฉัน,Mein Land fehlt mir.,
ฉันปวดท้อง<sub>(กระเพาะ)</sub>ตลอดเลย,Mein Magen tut immer weh.,
สามีของฉันอยากซื้อรถคันใหญ่,Mein Mann möchte ein großes Auto kaufen.,
"ลูกชายของฉันอายุสิบขวบ　เขากินเยอะ<u style="""">มาก</u>และนอนทุกวันวันละสิบชั่วโมง　เขาโตเอาโตเอา　เขายังชอบเล่นเทนนิสและชอบอ่าน(หนังสือ)ด้วย",Mein Sohn ist zehn Jahre alt. Er isst sehr viel und schläft jeden Tag zehn Stunden. Er wächst und wächst. Er spielt gern Tennis und liest auch gern.,
พ่อของฉันสร้างโรงรถติดกับบ้าน,Mein Vater baut eine Garage neben das Haus.,
พ่อของฉันจะไปเบอร์ลินวันพรุ่งนี้ เขาพบเพื่อนของเขาที่นั้น,Mein Vater fährt morgen nach Berlin. Er trifft dort seine Freunde.,เพื่อนเป็นพหูพจน์
พ่อของฉันออกบ้านตอนเจ็ดโมงครึ่ง พาน้องชายของฉันไปด้วย<u>เสมอ</u>　น้องชายของฉันลงจากรถที่หน้าโรงเรียน,"Mein Vater fährt um halb acht los, er nimmt immer meinen Bruder mit. Mein Bruder steigt vor der Schule aus.",
พ่อฉันไปเดินเล่นกับหมาของเรา ส่วนแม่ฉันเตรียมอาหารเช้า,"Mein Vater geht mit unserem Hund spazieren, und meine Mutter bereitet das Frühstück zu.",
พ่อของฉันเป็นช่างไฟฟ้าและเขาทำงานใน(i)บริษัทใหญ่แห่งหนึ่ง,Mein Vater ist Elektriker und arbeitet in einer großen Firma.,
พ่อฉันอ่านหนังสือพิมพ์เป็นประจำ(!i),Mein Vater liest häufig die Zeitung.,
พ่อเห็นว่าฉันยังแต่งตัวไม่เสร็จอีก,"Mein Vater sieht, dass ich noch nicht angezogen bin.","präsens, perfekt"
พ่อของฉันอยากเรียนก่อนหน้านี้ แต่เขาเรียนไม่ได้เพราะพ่อแม่ของเขามีเงินไม่พอ,"Mein Vater wollte früher studieren, aber er durfte nicht, weil seine Eltern nicht genug Geld hatten.",Präteritum
ฉันเจ็บฟัน,Mein Zahn tut weh.,- เอกพจน์
รถไฟของฉันจะออกเดินทางในอีก 10 นาที,Mein Zug fährt in zehn Minuten ab.,
หมาของฉันเองตัวใหญ่กว่าฉันอีก,Mein eigener Hund ist größer als ich.,
ขาของฉันยาวแล้ว<u>ก็</u>ค่อนข้างแข็งแรง เพราะฉันออกไปวิ่งทุกเช้า,"Meine Beine sind lang und auch ziemlich kräftig, weil ich jeden Morgen laufen gehe.",- เพราะ: weil
พ่อแม่ของฉันทำงานที่ร้านอาหารแห่งหนึ่งถัดกับสถานีรถไฟ,Meine Eltern arbeiten in einem Restaurant neben dem Bahnhof.,
พ่อแม่ของฉันมีรถสองคัน　และเขามีบ้านหนึ่งหลังในมิวนิก　บ้านเขามีห้องห้าห้อง สามห้องส้วมและสองห้องอาบน้ำ　เขายังอยากได้บ้านอีกหลังในสวิตเซอร์แลนด์,"Meine Eltern haben zwei Autos. Und sie haben ein Haus in München. Ihr Haus hat fünf Zimmer, drei Toiletten und zwei Bäder. Sie möchten noch ein Haus in der Schweiz.",
แม่ของฉันชอบเล่าเรื่องต่าง ๆ ให้พวกเราฟัง,Meine Mutter erzählt uns gern Geschichten.,
แม่ฉัน<u>เดิน</u>ไปทำงาน　เธอสอนภาษาเยอรมันในโรงเรียนสอนภาษาแห่งหนึ่ง,Meine Mutter geht zu Fuß zur Arbeit. Sie unterrichtet Deutsch in einer Sprachschule.,
พี่สาวของฉันไปส่งคุณพ่อของฉันที่ร้านอาหารด้วยรถยนต์,Meine Schwester bringt meinen Vater mit dem Auto ins Restaurant.,
พี่สาวของฉันเอารูปที่สวยที่สุดของเธอให้(g)คุณพ่อของฉัน,Meine Schwester gibt meinem Vater ihr schönstes Foto.,
น้องสาวของฉันมีตา(-Artikel)สีน้ำตาล เหมือนพ่อของฉันเลย,"Meine Schwester hat braune Augen, genau wie mein Vater.",- ใช้คำว่าตา ไม่ใช่ สีตา
น้องสาวของฉันขี้อายเล็กน้อย　โดยเฉพาะอย่างยิ่ง<sub>(va)</sub>เวลาที่เขารู้จักคนใหม่ ๆ,"Meine Schwester ist etwas schüchtern. Vor allem, wenn sie neue Leute kennenlernt.",
พี่สาวของฉันแต่งงาน(แล้ว)และอาศัย(!w)อยู่ในประเทศสหรัฐอเมริกา,Meine Schwester ist verheiratet und lebt in den USA.,
พี่สาวของฉันอายุมากกว่าฉัน เธออายุ 27 ปี,"Meine Schwester ist älter als ich, sie ist siebenundzwanzig Jahre alt.",
กระเป๋าฉันไม่อยู่ มันน่าหงุดหงิด เอกสารทั้งหมดของฉันอยู่ในกระเป๋าใบนั้น,Meine Tasche ist weg. Das ist ärgerlich. Alle meine Dokumente sind in der Tasche.,
หมายเลขโทรศัพท์ของฉันคือ 77 23 69,Meine Telefonnummer ist siebenundsiebzig dreiundzwanzig neunundsechzig.,
บ้านฉันสวยและสว่าง ห้องนอนของฉันค่อนข้างใหญ่,Meine Wohnung ist schön und hell. Mein Schlafzimmer ist ziemlich groß.,บ้าน - W~
Michael อยู่ในห้อง<sub>(บ้าน)</sub>　เขาต้องอ่านหนังสือเรียน　Julia กับฉันเดินทางมุ่งหน้าไปยังร้านอาหาร,Michael bleibt in der Wohnung. Er muss lernen. Julia und ich gehen in Richtung Restaurant.,
Michael มองดูน้องสาวของฉัน Julia อย่างสงสัย,Michael guckt meine Schwester Julia neugierig an.,
Michael ช่วยเรายกกระเป๋า(เป้)<sub>พหู</sub>,Michael hilft uns mit den Rucksäcken.,
Michael ตกใจ(ประหลาดใจ/surprised)มาก,Michael ist sehr überrascht.,
Michael จ้องมองไปที่ผู้ชายคนนั้น,Michael starrt den Mann an.,
ไม่กี่นาทีหลังจากนั้นเราก็อยู่ระหว่างทางไปยังบ้านของ Michael,Minuten später sind wir auf dem Weg zu Michaels Wohnung.,
ฉันชอบอันนี้ที่สุด,Mir gefällt das am besten.,
ฉันสบายดี,Mir geht es gut.,
(สำหรับฉัน)อากาศหนาวจัง,Mir ist es kalt.,
(สำหรับฉัน)คอมพิวเตอร์ของฉันสำคัญที่สุด,Mir ist mein Computer am wichtigsten.,
มัน(ก)เพียงพอกับฉันแหละ,Mir reicht es jedenfalls.,
ด้วยอายุเจ็ดขวบฉันสามารถอ่านและเขียนได้ และหลังจากนั้น(v๓)ฉันก็อ่าน(หนังสือ)อย่างมากมาโดยตลอด,"Mit sieben Jahren konnte ich lesen und schreiben, und von da an habe ich immer viel gelesen.",- Vergangenheit
เธอ(ญ)คุยโทรศัพท์กับใคร,Mit wem hat sie telefoniert?,- perfekt<br>- telefonieren
แปป แปป อย่าเพิ่งใจร้อน,"Moment, Moment! Nicht so hektisch!",
พรุ่งนี้เราจะไป(f)ทะเลกัน,Morgen fahren wir ans Meer.,
เจ็ดโมงเช้าเกือบจะมีฉันแค่คนเดียวที่นี่,Morgens um sieben bin ich fast alleine hier.,
เอาเฟรนช์ฟรายเพิ่มไหม,Möchtest du noch Pommes?,- du<br>- อยาก
พวกเธอชอบพวกเราไหม / เรารักพวกเธอเลยแหละ!,Mögt ihr uns? / Wir lieben euch!,
หลังอาหารฉันทำงานได้ไม่ค่อยดี,Nach dem Essen kann ich nicht gut arbeiten.,- ไม่สามารถทำงานได้ดี
หลังเล่นกีฬาเขาไปอาบน้ำ,Nach dem Sport geht er duschen.,
หลังจากเงียบไปสองสามนาทีฉันก็ได้ถามชายคนนั้นอีกหนึ่งคำถาม,Nach einigen Minuten Stille habe ich noch eine Frage an den Mann.,- ถาม: Frage haben
หลังจากเขาวิ่ง(!l) เขาก็หลับ,"Nachdem er rennt, schläft er.",
ไม่เป็นไร ขอบคุณ ฉันอิ่มแล้ว,"Nein, danke. Ich bin satt.",อิ่ม - s~
ไม่ ขอบคุณ ฉันไม่ชอบดื่มไวน์ขาว ฉัน<u>ชอบ</u>ไวน์แดงมากกว่า,"Nein, danke. Ich trinke nicht gern Weißwein. Ich möchte lieber Rotwein.",
- Kommst du später?<br>- ไม่ ไม่ได้　เดี๋ยวฉันทำการบ้าน(พหู),"Nein, das geht nicht. Später mache ich Hausaufgaben.",
- Gibt es hier ein Telefon?<br>- ไม่ ที่นี่ไม่มีเลย,"Nein, hier gibt es keins.",
ไม่ เธอ(๓)ไม่อยู่(z)บ้าน　เธอไป(f→n)ฝรั่งเศส,"Nein, sie ist nicht zu Hause. Sie fährt nach Frankreich.",
ไม่มีใครรู้(k)คำตอบ,Niemand kennt die Antwort.,
ไม่มีใครรู้ว่าเขาจะมาวันนี้ไหม,"Niemand weiß, ob er heute kommt.",
พกร่มไปด้วยสิ ไม่งั้นเดี๋ยวเปียกนะ,"Nimm den Regenschirm mit, sonst wirst du nass.",
สัปดาห์หน้าเป็นวันเกิดของ Franka,Nächste Woche hat Franka Geburtstag.,
สัปดาห์หน้าฉันจะอายุ 29 ปี,Nächste Woche werde ich neunundzwanzig.,
เดือนหน้าฉันมีสอบ(K-พหู)และฉันต้องอ่านหนังสือสอบเยอะ,Nächsten Monat schreibe ich Klausuren und ich muss viel lernen.,
เขามักจะเอาของเล่นให้(s)เด็ก ๆ ส่วนพ่อจะเป็นเนคไทและแม่จะเป็นขวดน้ำหอม,"Oft schenkt er den Kindern Spielsachen, dem Vater eine Krawatte und der Mutter eine Flasche Parfüm.",- ขึ้นประโยคด้วย Oft
ฉันมักจะเล่นฟุตบอลช่วงบ่ายวันพุธ,Oft spiele ich am Mittwochnachmittag Fußball.,
โอ้ ไม่นะ　เป็นไปได้อย่างไรกัน,"Oh, nein! Wie ist das möglich?",
โอ้ บังเอิญจังเลย พี่สาวของฉันก็เป็นครูสอนภาษาอังกฤษ,"Oh, so ein Zufall! Meine Schwester ist auch Englischlehrerin.",
Pablo เป็นเพื่อนของ Ana　เขาเป็นลูกชายของลูกพี่ลูกน้อง Raúl,Pablo ist Anas Freund. Er ist der Sohn von Raúls Cousin.,
Pameda อาศัยอยู่กับพ่อแม่,Pameda wohnt bei den Eltern.,- ไม่ใช่ mit
ระวัง ไม่งั้นเธอจะวิ่งชนป้ายนะ,"Pass auf, sonst läufst du gegen das Schild.",
Peter อายุสิบสี่ปีและอยากไปเที่ยวดิสโก<i><u><b>แล้ว</b></u></i>　แต่พ่อแม่เขาไม่อยากเช่นนั้น,Peter ist vierzehn Jahre alt und will schon in die Disko gehen. Aber seine Eltern wollen das nicht.,
Peter โทรศัพท์หาเพื่อน(ญ)ของเขา,Peter ruft seine Freundin an.,- โทรศัพท์: ar
คุณเดินทางไป<u>เที่ยว</u>ต่างประเทศบ่อยไหม,Reist du oft ins Ausland?,
จัดบ้านกันหน่อยสิ,Räumt doch die Wohnung auf!,- ihr!<br>- doch
บอกหน่อย เราจะทำอะไรหลังกินข้าวหรอ (ควร)ไปเดินเล่นกันดีไหม,"Sag mal, was machen wir nach dem Essen? Sollen wir spazieren gehen?",
วันเสาร์เป็นวันสุดท้ายของสัปดาห์,Samstag ist der letzte Tag der Woche.,
เธอไม่ส่งอีเมล<sub>(พหู)</sub>ให้พวกเขาหรอ,Schenkst du ihnen keine E-Mails?,
นอน<u>สักหน่อย</u>สิ,Schlaf doch ein bisschen!,- du!<br>- doch
การนอนหลับนั้นน่าสนใจ,Schlaf ist interessant.,
เธอหลับดีไหม,Schläfst du gut?,
อาหารถูกปากแขกไหม,Schmeckt das Essen den Gästen?,แขกเป็นพหูพจน์
ขนมเค้กถูกปากเธอไหม　บอกหน่อย,Schmeckt dir der Kuchen? Sag mal!,?!
กรุณาอย่าดูโทรทัศน์มากไปเลยครับ,Sehen Sie bitte nicht so viel fern!,- Sie!<br>- bitte
อย่าขี้เกียจหน่อยเลยน่า,Sei doch nicht so faul!,- du!<br>- doch
คิดในแง่ดีหน่อย!,Sei positiv!,- du!
คิดในแง่ดีกันหน่อย,Seid positiv!,- ihr!
คิดในแง่ดีเถอะครับ,Seien Sie positiv!,- Sie!
เครื่องบินของเขาลงจอดเวลา 16 นาฬิกาและฉันก็ไปอยู่ที่นั่นตรงเวลา,Sein Flugzeug ist um sechzehn Uhr gelanden und ich bin pünktlich da gewesen.,- Perfekt
คุณพ่อ<u>ของเขา</u>ไม่สบาย ตอนนี้เขาอยู่ในโรงพยาบาล,Sein Vater ist krank. Er liegt jetzt im Krankenhaus.,อยู่ - liegen
เสื้อแจ็กเก็ตของเขาเคยอยู่ตรงหน้าต่าง,Seine Jacke war am Fenster.,präteritum
ญาติ ๆ และเพื่อน ๆ ของเขาอาศัยอยู่ใกล้ ๆ มิวนิก,Seine Verwandten und Freunde wohnen in der Nähe von München.,
เป็นเวลาหนึ่งปีแล้วที่ฉันอาศัยอยู่ที่ฮัมบวร์ก,Seit einem Jahr wohne ich in Hamburg.,
เขาดื่มชาตั้งแต่เมื่อไหร่,Seit wann trinkt er Tee?,
เธออาศัยอยู่ที่ฮัมบวร์กตั้งแต่เมื่อไหร่,Seit wann wohnst du in Hamburg?,
แม้แต่ฉันก็ยังดื่มนม,Selbst ich trinke Milch.,
เธอ(๓)ตกลงรับช็อกโกแลต(พหู)ฟรี<sub>(mit Artikel)</sub>,Sie akzeptiert die kostenlose Schokolade.,
เขา(ญ)ทำงานวันพฤหัสตอนเย็นตั้งแต่หกโมงถึงสี่ทุ่ม,Sie arbeitet Donnerstagabend von sechs bis zehn Uhr.,sie / umgangssprachlich
เธอ(๓)ทำงานทั้งวันและตอนเย็น(-präp)เธอไป(g→z)เรียนคอร์สเยอรมัน,Sie arbeitet den ganzen Tag und abends geht sie zum Deutschkurs.,- ไปเรียน = ไปคอร์สเรียนเยอรมัน
เธอ(๓ญ)ใช้ชื่อของฉัน,Sie benutzt meinen Namen.,
พวกเขาเยี่ยมคุณลุง,Sie besuchen den Onkel.,
เธอ(๓)เลี้ยวขวาเข้าไปยังถนน Prinzen,Sie biegt rechts ab in die Prinzenstraße.,
คุณ(Sie)ต้อง(d)งดดื่มกาแฟและชา,Sie dürfen keinen Kaffee und keinen Tee trinken.,Sie
เธอ(๓)แนะนำร้านอาหารให้กับพวกเรา,Sie empfiehlt uns das Restaurant.,
พวกเขาขับ(รถ)ตัดเมือง,Sie fahren durch die Stadt.,
พวกเขาขับ(รถ)รอบ ๆ เมือง,Sie fahren um die Stadt.,
เธอ(๓)ไป(f)ตามถนน Koch,Sie fährt die Kochstraße entlang.,
พวกเขาเดินตามหลังพ่อแม่ของพวกเขา,Sie gehen hinter ihren Eltern.,
พวกเขาแทบจะไม่ออก(บ้าน:ag)โดยไม่มีลูก ๆ ของพวกเขาเลย ส่วนใหญ่เขามักจะเอาลูกของพวกเขาไปด้วยเสมอ,"Sie gehen selten ohne ihre Kinder aus, meistens nehmen sie ihre Kinder mit.",
พวกเขาไปยัง(z)บ้านของพ่อของฉัน,Sie gehen zum Haus meines Vaters.,
เธอ(๓)ไป(g)รอบ ๆ โต๊ะ,Sie geht um den Tisch.,
พวกเขาเดินตัดสวน Görlitzer และได้มาถึงร้านไอศกรีมบนถนน Flackenstein,Sie haben den Görlitzer Park durch quert und sind im Eiscafé in der Flackensteinstraße angekommen.,- Perfekt
เธอ(๓)มีชุดเดรสใหม่สีแดง,Sie hat ein neues rotes Kleid.,
เธอ(๓)สวม(ah)เสื้อแจ็กเก็ตสวยตัวหนึ่ง,Sie hat eine schöne Jacke an.,
เธอ(๓)มีชื่อเฉพาะส่วนตัวให้สำหรับเขา,Sie hat einen persönlichen Namen für ihn.,
เธอ(๓)เอามัน(ก)ให้(s)เด็ก(เอก),Sie hat es dem Kind geschenkt.,- perfekt
เธอ(๓ญ)ไม่มีความอยากที่จะมาเลยแม้แต่น้อย,Sie hat gar keine Lust zu kommen.,
เธอ(๓)เยี่ยมเพื่อน(พหู)ของเธอ,Sie hat ihre Freunde besucht.,- perfekt
เธอ(๓)ไม่มีเพื่อน เธออยู่คนเดียวเสมอ,"Sie hat keinen Freund, sie ist immer allein.",
เธอ(๓)ได้ช่วยฉันด้วยนิดหน่อย,Sie hat mir ein bisschen geholfen.,- perfekt
เธอ(๓ญ)ไม่กลัวต่ออะไรทั้งนั้น,Sie hat vor nichts Angst.,
เธอ(๓)ปั่นจักรยานและตอนนั้นเธอก็หกล้ม,Sie ist Rad gefahren und dann ist sie hingefallen.,perfekt
เธอ(๓)ได้ย้ายออกจากบ้านของเธอ,Sie ist aus ihrer Wohnung ausgezogen.,perfekt / บ้าน - W
เธอ(๓)มาถึง(n)บ้านดึกมาก,Sie ist erst sehr spät nach Hause gekommen.,- perfekt
เธอ(๓ญ)แข็งแรง<u><i><b>ประมาณ</b></i></u>พอ ๆ กันกับเธอ,Sie ist etwa genauso stark wie du.,
มัน(ญ)ราคาไม่ถูก,Sie ist nicht billig.,
มัน(ญ)สวยและไม่แพงเกินไป คุณชอบมันไหม (สุภาพ),Sie ist schön und nicht so teuer. Wie gefällt sie Ihnen?,- <b><u><i>Sie</i></u></b>. Wie?
เธอ(๓)อายุเท่ากับ Bärlin,Sie ist so alt wie Bärlin.,
เธอ(๓ญ)ตรงเวลาเป็นประจำ,Sie ist stets pünktlich.,
พวกเขารู้จักกันมาทั้งชีวิต,Sie kennen sich ihr Leben lang.,
คุณสามารถมาตอนแปดโมงหรือตอนเก้าโมงก็ได้ แล้วแต่คุณเลย,"Sie können um acht Uhr oder um neun Uhr kommen, wie Sie wollen.",- Sie
เธอ(๓)อ่านบทความในหนังสือพิมพ์,Sie las den Artikel in der Zeitung.,- Präteritum
พวกเขาทำความรู้จักกับเพื่อน ๆ ของเพื่อน ๆ ของพวกเขา,Sie lernen die Freunde ihrer Freunde kennen.,
เธอ(๓)วิ่งเร็วที่สุด,Sie läuft am schnellsten.,
เธอ(๓ญ)ไม่ชอบเขาเลยแม้แต่น้อย,Sie mag ihn überhaupt nicht.,
คุณ(Sie)ควร(m)ทานอาหารไขมันต่ำ,Sie müssen fettarm essen.,
ที่คุณเห็นด้านหน้าเป็นโบสถ์,Sie sehen geradeaus eine Kirche.,
พวกเขาถ้าไม่ฝั่งเดียวกันก็ฝั่งตรงข้ามกันกับพวกเรา,Sie sind entweder mit uns oder gegen uns.,
เธอ(๓)ร้องเพลงได้ชัดเจนมาก,Sie singt sehr klar.,
พวกเขาเดินเล่นตรงคลอง Landwehr ไปทาง Treptow,Sie spazieren am Landwehrkanal Richtung Treptow.,
เธอ(๓)เล่นกับหัวใจของเขา,Sie spielt mit seinem Herzen.,
เธอ(๓)พูดกับพ่อแม่ของเธอเกี่ยวกับทุกเรื่อง,Sie spricht mit ihren Eltern über alles.,
มัน(ญ)กระโดดไปที่โต๊ะ,Sie springt gegen den Tisch.,
เธอ(๓)ไม่แนะนำฉันให้น้องชายของเธอรู้จัก,Sie stellt mich ihrem Bruder nicht vor.,
พวกเขาหาทุกซอกทุกมุมในโรงเรียน,Sie suchen überall in der Schule.,
เธอ(๓)ใส่หมวกใบหนึ่งอยู่บนหัว,Sie trägt auf dem Kopf einen Hut.,
เธอ(๓)ใส่สร้อยคอเส้นหนึ่งอยู่รอบ ๆ คอ,Sie trägt eine Kette um den Hals.,
พวกเขากอดกัน,Sie umarmen sich.,
พวกเขาอายุห้าขวบและพวกเขาเคยเล่นเป็นสามีภรรยากัน,Sie waren fünf Jahre alt und haben Ehemann und Ehefrau gespielt.,Präteritum + Pärfekt
เธอ(๓)อยากรู้คำตอบ(พหู)มาก ๆ,Sie will unbedingt Antworten finden.,- (นึกคำตอบออก)<br>- อยากมาก: สำนวน
ทันทีที่เธอเห็น ฉัน(ก็)เห็น,"Sobald du siehst, sehe ich.",
ตราบใดที่อากาศไม่หนาว เราก็จะออกไปหาอะไรกิน,"Sofern es nicht kalt ist, gehen wir essen.",
เท่าที่ฉันรู้ทุกอย่างปิดหมดแล้ว,"Sofern ich weiß, hat alles zu.",
ในขณะที่(!w)สุนัขหลับ มันน่ารักน่าชัง(!h),"Solange der Hund schläft, ist er süß.",
ให้ฉันห่อกระป๋องชา<b><u><i>เป็นของขวัญ</i></u></b>ให้คุณเลยไหม,Soll ich Ihnen die Teekanne als Geschenk verpacken?,- Sie
ฉันควรเอา(ญ)สีฟ้าหรือสีเขียวดี,Soll ich die blaue oder die grüne nehmen?,
คุณเล่นเทนนิสไหม,Spielst du Tennis?,du
อย่างช้าสุดหลังจากสองวัน,Spätestens nach zwei Tagen.,
เขาใกล้จะตื่นแล้วหรือยัง,Steht er bald auf?,
เอาหนังสือ(พหู)ไปไว้ในชั้นให้หน่อย,Stell die Bücher bitte ins Regal.,"- du, bitte<br>"
เธอเต้นกับเด็กผู้หญิงไหม,Tanzt du mit dem Mädchen?,
จริง ๆ แล้วเขาได้โกหกฉัน,Tatsächlich hat er mich angelogen.,Perfekt
คุณเล่นกีฬาไหม,Treibst du Sport?,y
คุณชอบดื่มกาแฟไหม,Trinkst du gern Kaffee?,du
เธอเอาชีสไปใส่ในตู้เย็นให้หน่อย,Tu den Käse bitte in den Kühlschrank.,"- du, bitte<br>- tun"
ขอโทษที่เข้ามาในบ้าน(W)เธอโดยไม่ได้รับอนุญาต,"Tut mir Leid, dass ich ohne Erlaubnis in deine Wohnung komme.",
โทษที พรุ่งนี้ฉันเล่นฟุตบอลถึงสองทุ่ม,"Tut mir Leid. Morgen spiele ich Fußball, bis acht Uhr.",umgangssprachlich
ตอนแปดโมงครึ่งฉันเรียน(l)ภาษาเยอรมัน,Um halb neun lerne ich Deutsch.,umgangssprachlich
ตอนสิบเจ็ดนาฬิกาฉันปิด(as)คอมพิวเตอร์และทำความสะอาดโต๊ะทำงาน,Um siebzehn Uhr schalte ich den Computer aus und räume den Schreibtisch auf.,
เราจะไปกินข้าวกันตอนกี่โมง,Um wie viel Uhr gehen wir essen?,
ตอนสองโมงฉันต้องไป(g)เข้าเรียน(คาบบรรยาย),Um zwei Uhr muss ich in die Vorlesung gehen.,
แล้วชุดเดรสตรงนี้หล่ะ มันสั้นกว่าและเล็กกว่า,Und das Kleid hier? Es ist kürzer und kleiner.,
แล้วเมื่อไหร่พวกเขาจะพร้อม(!b),Und wann sind sie fertig?,
เราสบตากัน,Unsere Augen treffen sich.,
หนังสือ<sub>(พหู)</sub>ของพวกเราอยู่บนโต๊ะ,Unsere Bücher sind auf dem Tisch.,
เพื่อน ๆ ของพวกเราอยาก(w)ไป(g)โรงละครกับเราวันนี้,Unsere Freunde wollen heute mit uns ins Theater gehen.,
ทีมเรามีสมาชิกเป็นจำนวนมาก(!v),Unsere Mannschaft hat zahlreiche Mitglieder.,
วันนี้เป็นวันเกิดคุณยายของพวกเรา เธออายุ 80 ปี เราจะฉลองวันเกิดให้คุณยายจากใจ,"Unsere Oma hat heute Geburtstag, sie ist achtzig Jahre alt. Wir gratulieren unserer Oma herzlich zum Geburtstag.",
"ด้านล่างของ<b style=""text-decoration-line: underline; font-style: italic;"">เท้า</b>(พหู)ของเธอ(๓)คือหญ้าสีเขียว",Unter ihren Füßen ist grünes Gras.,- ขึ้นประโยคด้วยบุพบท
อย่าลืมซักผ้านะ,Vergiss bitte die Wäsche nicht!,"- du, bitte!<br>- การซักผ้า (คำนาม)"
อย่าลืม　พรุ่งนี้เธอต้องเอาเอกสาร(P)ไปส่งให้แพทย์,Vergiss nicht. Morgen musst du das Papier beim Arzt abgeben.,
หลายครอบครัวสมัครรับหนังสือพิมพ์,Viele Familien abonnieren die Zeitung.,
หลายคนได้ให้คำปรึกษาแก่เธอ(๓),Viele Leute haben sie beraten.,
หลายคนมาที่เบอร์ลิน เพราะว่าเบอร์ลินเป็นเมืองหลวงของเยอรมนี,"Viele Leute kommen nach Berlin, denn Berlin ist die Hauptstadt von Deutschland.",- เพราะว่า: denn
วันจันทร์ถึงวันศุกร์เธอ(๓)ต้องทำงาน,Von Montag bis Freitag muss sie arbeiten.,
ตอนสี่ถึงห้าโมงเย็นฉันซื้อของ　จากนั้นก็นอนงีบสั้น ๆ,Von vier bis fünf Uhr habe ich eingekauft. Danach habe ich kurz geschlafen.,perfekt / umgamgsprachlich
เธอไปได้สร้อยคอที่สวยงามเส้นนี้จากใครมา,Von wem hast du die schöne Kette bekommen?,- Perfekt
ตอน 12:00 ถึง 13:00 น.เราพักกลางวัน,Von zwölf bis dreizehn Uhr haben wir Mittagspause.,offiziell
เมื่อไม่นานมานี้ฉันได้รู้แล้วว่าเขาอยู่ที่ไหน,"Vor Kurzem fand ich heraus, wo er ist.",präteritum
ด้านหน้าภูเขามีทะเลสาบ,Vor dem Berg gibt es einen See.,
หน้าเธอ(๓)มีลูกกระต่ายนั่งอยู่ตัวหนึ่ง,Vor ihr sitzt ein Häschen.,- ขึ้นประโยคด้วยบุพบท
เราจะไปร้านกาแฟกันล่วงหน้า,Vorher gehen wir noch ins Café.,
เธอตื่นนอนเมื่อไหร่,Wann stehst du auf?,du
เย็นวันนี้เราจะเจอกันเมื่อไหร่และที่ไหนนะ,Wann und wo treffen wir uns heute Abend?,
เธอไปหาหมอมา<u>แล้ว</u>หรือยัง เขาพูดว่าไงบ้าง,Warst du schon beim Arzt? Was hat er gesagt?,- Präteritum &amp; perfekt<br>- หาหมอ: sein
เธอเคยไป(อยู่)ปารีสสักครั้งไหม / ไม่ ฉันยังไม่เคยได้อยู่ปารีส　ฉันยังไม่เคยอยู่ฝรั่งเศสเลย,"Warst du schon mal in Paris? / Nein, ich war noch nicht in Paris. Ich war noch nie in Frankreich.",- Pratäritum
ทำไมเธอไม่ไปนอนถ้าเธอง่วง,"Warum gehst du nicht schlafen, wenn du müde bist?",
ทำไมวันนี้เธอ(๓)ถึงมาสาย / เพราะรถไฟ(พหู)เสียเวลา,Warum kommt sie heute später? / Weil die Züge Verspätung haben.,
ทำไมเพื่อนบ้าน(ญ)เราพูดมาก<u>ทุกที</u>เลย,Warum redet unsere Nachbarin immer so viel?,
ทำไมตอนวันศุกร์พวกเธอไม่มากันล่ะ,Warum seid ihr am Freitag nicht gekommen?,- ihr<br>- Perfekt
ทำไมเขาถึงขโมย,Warum stiehlt er?,
ทำไมเขาถึงใส่หมวก(ใบหนึ่ง),Warum trägt er einen Hut?,
ทำไมเธอไม่แต่งตัว,Warum ziehst du dich nicht an?,du
<u>รับ</u>อะไรดีครับ,Was bekommen Sie?,Sie
เธอทำอะไรในวันเสาร์อาทิตย์(ที่ผ่านมา),Was hast du am Wochenende gemacht?,- perfekt
เมื่อวานเธอทำอะไร,Was hast du gestern gemacht?,
เมื่อวานเธอไปทำอะไร　เธอไม่มาเข้าเรียนเลย,Was hast du gestern gemacht? Du bist nicht zum Unterricht gekommen.,perfekt
เกิดอะไรขึ้นกับเขา(ญ),Was ist mit ihr passiert?,
ฉันทำอะไรได้บ้างตอนนี้,Was kann ich jetzt tun?,
โซฟานี้ราคาเท่าไหร่,Was kostet dieses Sofa?,
พวกเราจะเอาอะไรให้(s)เขาในวันเกิดดี,Was können wir ihm zum Geburtstag schenken?,- เราเอาอะไรให้เขาได้บาง
คุณทำอะไรในวันเสาร์อาทิตย์,Was machen Sie am Wochenende?,Sie
คุณทำอะไรในตอนเช้าวันอาทิตย์,Was machst du am Sonntagmorgen?,du
คุณทำอะไรในเวลาว่างของคุณ,Was machst du in deiner Freizeit?,du
เธอชอบเขา(ญ)ตรงไหน,Was magst du an ihr?,
พวกเธออยากจะดื่มอะไร,Was möchtet ihr trinken?,ihr
ฉันควรทำอย่างไรดีเพื่อแก้อาการปวด,Was soll ich gegen die Schmerzen tun?,
นกหาอะไรอยู่ด้านบนนั้น,Was sucht der Vogel da oben?,
เขาเคยรู้สักครั้งไหมว่าเขาไปไหน,"Weiß er je, wohin er geht.",
เธอรู้ไหมว่าทำไม Anne ถึงมาสายขนาดนี้วันนี้,"Weißt du, warum Anne heute so spät kommt?",
เธอรู้ไหมว่าฉันหมายถึงอะไร,"Weißt du, was ich meine?",
ลูก ๆ ของคุณ(Sie)คนไหนบ้าง / เด็กผู้หญิงตัวเล็กทางขวามือกับเด็กผู้ชายผมทองด้านหลัง,Welche Kinder sind Ihre Kinder? / Das kleine Mädchen da rechts und der blonde Junge da hinten.,
กระเป๋าใบไหนเหมาะกับการไปชอปปิง / ไม่มี　แต่ใบไหนก็เหมือนกันแหละ　ฉันจะเอาใบนี้ละกัน,Welche Tasche ist gut zum Einkaufen? / Keine. Aber das ist egal. Ich nehme diese.,
วันนี้วันอะไร,Welcher Tag ist heute?,จันทร์ ~ อาทิตย์
วันอะไรมาก่อนวันพฤหัสบดี,Welcher Tag kommt vor Donnerstag?,
"วันนี้วันที่เท่าไหร่ ",Welches Datum ist heute?,das Datum
บ้านหลังไหนอยู่ตรงข้ามหลังของเธอ,Welches Haus ist deinem gegenüber?,
กระเป๋าเดินทางตรงนี้เป็นของใคร,Wem gehört der Koffer hier?,
เขาเจอใคร,Wen hat er getroffen?,- perfekt
คุณหาใครอยู่ ให้ฉันช่วยอะไรไหม,Wen suchen Sie? Kann ich Ihnen helfen?,
ผ่านไปครูหนึ่ง Michael กับ Julia ก็เข้ามาในบ้าน(W),Wenig später kommen Michael und Julia in die Wohnung.,
ตอนที่เธอ(๓ญ)กิน ฉันจะดื่ม,"Wenn sie isst, trinke ich.",
เธอคือใคร,Wer bist du?,
ใครอยู่กับ(!m)เธอ(๓)ในโรงพยาบาล,Wer ist bei ihr im Krankenhaus?,
คุณเป็นใครหรอครับ,Wer sind Sie?,Sie
คุณอายุเท่าไหร่,Wie alt bist du?,du
ลูกชายของคุณอายุเท่าไหร่,Wie alt ist Ihr Sohn?,Sie?
สะกดอย่างไร,Wie buchstabiert man das?,das
สภาพสิ่งแวดล้อมในทุกวันนี้เป็นอย่างไรบ้าง,Wie geht es der heutigen Umwelt?,
ในคอร์สภาษาเยอรมันเป็นอย่างไรบ้าง,Wie geht es im Deutschkurs?,
สบายดีไหม,Wie geht's?,du (ย่อ)
ว่าแต่ลูกชายคุณชื่ออะไร,Wie heißt Ihr Sohn eigentlich?,- คุณ: Sie
คุณชื่ออะไร,Wie heißt du?,du
หมาเขาชื่ออะไร,Wie heißt sein Hund?,
หมายเลขโทรศัพท์ของคุณ(Sie)คืออะไร,Wie ist Ihre Telefonnummer?,Sie
สลัดเป็นอย่างไรบ้าง,Wie ist der Salat?,
เธออยู่(sein)ที่เยอรมนีมานานเท่าไหร่<b><u><i>แล้ว</i></u></b>,Wie lange bist du schon in Deutschland?,
เราพักกลางวันกันนานแค่ไหน,Wie lange haben wir Mittagspause?,
ที่เคิล์นเป็นไงบ้าง,Wie läuft es in Köln?,
ช่างน่าอายเสียจริง　ฉันไม่ควรจะหัวเราะออกไปดังขนาดนั้น แต่มันน่าตลกอย่างบอกไม่ถูก,"Wie peinlich. Ich hätte nicht so laut lachen sollen, aber es ist irgendwie lustig.",
ฉันดูเป็นอย่างไรบ้าง,Wie sehe ich aus?,
ตอนนี้กี่โมงแล้ว,Wie spät ist es?,spät
กี่โมงแล้ว,Wie viel Uhr ist es?,Uhr
เขามีกระเป๋ากี่ใบ,Wie viele Taschen hat er?,
หกเดือนที่แล้วที่ Prinzenbad เป็นอย่างไร,Wie war das vor sechs Monaten im Prinzenbad?,- Prätaritum
ทำไมมันถึงน่าสนใจ,Wieso ist es interessant?,- !warum
เธออยากรู้(มัน)<b><u>จริง ๆ </u></b>หรอ,Willst du das wirklich wissen?,
เราพักกับ(ที่บ้าน)เพื่อน(พหู)เป็นเวลาสามวัน,Wir bleiben drei Tage bei den Freunden.,
เราต้องการไม้ฟืน(เอก-Artikel)สำหรับกองไฟ,Wir brauchen Holz für das Feuer.,
เราอยากจะพักผ่อนหลังจากที่มีงานเยอะ　เราจึงนั่งรถไฟ(B)ไป(f)เมืองกีเซินเพื่อไปหาเพื่อน(ช)คนหนึ่งและเพื่อน(ญ)ของเขา,Wir brauchen eine Pause nach der vielen Arbeit. Wir fahren gleich mit der Bahn nach Gießen zu einem Freund und seiner Freundin.,
พวกเรากลับหลังหัน,Wir drehen uns im Kreis.,
เราเดินทางไปประเทศสวิสฯ,Wir fahren in die Schweiz.,
เราบินไปกรุงเทพฯ,Wir fliegen nach Bangkok.,
พวกเราไปซื้อของตอนบ่ายแล้วตอนเย็นไปดูหนัง,Wir gehen am Nachmittag einkaufen und am Abend ins Kino.,
เราไปโรงหนังเช้ากว่า เพื่อที่เราจะได้ที่นั่งที่ดีกว่า,"Wir gehen früher ins Kino, damit bekommen wir die besseren Plätze.",
เราไปดูหนังเย็นวันนี้,Wir gehen heute Abend ins Kino.,
เราเข้าไปข้างใน ในนั้นไม่มีใครอยู่เลย,"Wir gehen hinein, doch es ist niemand da.",
เราจะไปว่ายน้ำกัน เธอจะไปด้วยกันไหม,"Wir gehen schwimmen, kommst du mit?",du
เราไปอย่างช้าสุดเก้าโมง,Wir gehen spätestens um neun.,
พวกเราขอสุขสันต์วันเกิดแด่เธอนะ,Wir gratulieren dir ganz herzlich zum Geburtstag!,- !<br>- g
พวกเรามีเงินเก็บอยู่,Wir haben Geld gespart.,perfekt
เราได้พักเบรกและกินอาหารกลางวัน,Wir haben Pause gemacht und zu Mittag gegessen.,- Perfekt
พวกเรามีทุกอย่าง รวมไปถึงส้มด้วย,"Wir haben alles, einschließlich Orangen.",
เราได้เที่ยวชมเมือง,Wir haben die Stadt besichtigt.,- Perfekt
เราได้ถกเถียงกันว่าเราจะทำอะไรกันดีตอนนี้,Wir haben diskutiert was wir jetzt machen.,- Perfekt
เรามีนกแก้วอยู่หนึ่งตัวที่บ้าน,Wir haben einen Papagei zu Hause.,
เราดื่มกาแฟกันในร้านกาแฟตรงจตุรัสกลางเมือง,Wir haben im Café am Marktplatz Kaffee getrunken.,- perfekt
เรานอนบนเครื่องบินได้ไม่สบาย,Wir haben im Flugzeug schlecht geschlafen.,- Perfekt
เราไม่มีอะไรร่วมกันเลย,Wir haben nichts gemeinsam.,
เราเปิด(เต)กระเป๋าเดินทางของเราออก,Wir haben unsere Koffer ausgepackt.,- Perfekt
พวกเราหา(f)ของของพวกเราไม่เจอ,Wir haben unsere Sachen nicht gefunden.,- perfekt
เราได้ทานอาหารด้วยกัน(และ)แล้วเรายังดื่มกาแฟกันต่อ,Wir haben zusammen gegessen und dann haben wir noch einen Kaffee getrunken.,- Perfekt
พวกเรามีรถสองคัน เพราะว่าพวกเราชอบรถยนต์,"Wir haben zwei Autos, denn wir mögen Autos.",- เพราะว่า: denn
พวกเรามีครูคนใหม่เมื่อวาน เราสนุกกันมาก,Wir hatten gestern einen neuen Lehrer. Wir hatten viel Spaß.,- Präteritum
เราจะมาเวลาประมาณเจ็ดโมง,Wir kommen um etwa sieben Uhr.,
พวกเราทำกับข้าวไม่เป็น,Wir können nicht kochen.,
พวกเราอ่านหนังสือเล่มสุดท้าย,Wir lesen das letzte Buch.,
พวกเราอ่านหนังสือเล่มหนึ่งให้พวกเขาฟัง,Wir lesen ihnen ein Buch vor.,
เราอ่านหนังสือพิมพ์สามฉบับเป็นอย่างต่ำ,Wir lesen mindestens drei Zeitungen.,
พวกเราอยาก(m)จะเอาเสื้อเชิ้ต(ตัวหนึ่ง)ให้(g)เขา,Wir möchten ihm ein Hemd geben.,
เรายังไม่อยากไป(n)บ้าน　แต่วันเสาร์เราต้องบินกลับไป<u>แล้ว</u>,Wir möchten nicht nach Hause gehen. Aber am Samstag müssen wir schon zurückfliegen.,
พวกเราต้องเร่งฝีเท้าให้ไวขึ้น ไม่งั้นเราจะไปสายเกินนะ,"Wir müssen uns beeilen, sonst kommen wir zu spät.",
เราขึ้นลิฟต์ไปถึงชั้น(E)สามและลง(ออกจาก)ลิฟต์,Wir nehmen den Aufzug in die dritte Etage und steigen aus.,
พวกเราเป็นนักเรียนแลกเปลี่ยนและกำลังเตรียมตัวที่จะเดินทางไปยังประเทศเยอรมนี,Wir sind Austauschstudenten und bereiten eine Reise nach Deutschland vor.,
เราอยู่ที่ที่ว่าการเมือง,Wir sind auf dem Rathaus.,
เราวิ่งเข้าออกหลายร้านแต่ก็ไม่เจอรองเท้าสวย ๆ เลย,Wir sind durch viele Geschäfte gelaufen und haben keine schöne Schuhe gefunden.,- Perfekt
เราได้บินสิบเอ็ดชั่วโมงไปปักกิ่ง,Wir sind elf Stunden nach Peking geflogen.,- Perfekt
เราเกือบจะถึงที่นั้นแล้ว,Wir sind gleich da.,
พวกเราอยู่บาร์เซโลนามาสี่วัน<u>แล้วตอนนี้</u>,Wir sind jetzt schon vier Tage in Barcelona.,
พวกเรานั้นเชื่อถือได้เสมอและทำงานอย่างเป็นอาชีพ,Wir sind stets zuverlässig und arbeiten professionell.,
เราเดินเล่นกับบุคคลที่เป็นที่รู้จักคนหนึ่ง,Wir spazieren mit einer bekannten Person.,
เราพูดคุยเกี่ยวกับสิ่งนั้น,Wir sprechen darüber.,
เราลงจากรถ,Wir steigen aus dem Auto.,
เรากำลังมองหาของขวัญให้(für)เพื่อน(ญ)ของเรา　เธอชอบทำอาหารและชอบดื่มชา,Wir suchen ein Geschenk für unsere Freundin. Sie kocht gern und trinkt gern Tee.,
พวกเรารอ(aw)พวกเธอที่นี่,Wir warten hier auf euch.,
เราทิ้งของไปหลายชิ้น,Wir werfen viele Sachen weg.,
เราอยากไปสระว่ายน้ำทุกวัน แต่ว่าไปได้แค่สัปดาห์ละครั้ง,"Wir wollten jeden Tag ins Schwimmbad gehen, aber wir durften nur einmal pro Woche gehen.",Präteritum
พวกเราขออวยพร(w)ให้เธอมีความสุขในวันเกิด,Wir wünschen dir alles Gute zum Geburtstag.,
จริงหรอ　ฉันไม่เชื่อเธอหรอก,Wirklich? Ich glaube dir nicht.,
คุณ(Sie)ทราบไหมว่าสถานีรถไฟอยู่ที่ไหน,"Wissen Sie, wo der Bahnhof ist?",
พวกเธอไปกินอาหารกลางวันที่ไหน,Wo habt ihr mittaggegessen?,- perfekt
ลูกฟุตบอลอยู่ไหน　มันไมได้อยู่ในห้องนั่งเล่นนะ,Wo ist der Fußball? Er ist nicht im Wohnzimmer.,
ทิศใต้อยู่ไหน,Wo ist der Süden?,
เสื้อกันหนาวของฉันอยู่ที่ไหน เมื่อวานมันอยู่บนโซฟา,Wo ist mein Pullover? Er war gestern auf dem Sofa.,
มัน(ก)จะอยู่ที่ไหนได้อีก,Wo kann es nur sein?,
ในดึสเซลดอร์ฟหากินซูชิได้ที่ไหนบ้าง,Wo kann man in Düsseldorf Sushi essen?,
เธอจะไปพักร้อนที่ไหน<u><b>ใน</b></u>ปีนี้,Wo machst du in diesem Jahr Urlaub?,du
พวกเขาอยู่ที่ไหนกันแน่,Wo sind sie genau?,
เราต้องเปลี่ยนรถที่ไหน / เราเปลี่ยนรถที่ Hann,Wo steigen wir um? / Wir steigen in Hann um.,
สัปดาห์ที่แล้วเธอไปอยู่ไหนมา,Wo warst du letzte Woche?,- Präteritum
คุณตา(G)อยากได้สุนัขไปเพื่ออะไร,Wofür braucht der Großvater einen Hund?,
เธอรู้จักเขาจากที่ไหน,Woher kennst du ihn?,
คุณมาจากที่ไหน,Woher kommen Sie?,Sie
เธอจะไปไหน,Wohin fährst du?,du
"พวกเธอ<b style=""text-decoration-line: underline;"">ไป</b><sub>(f)</sub><b style=""text-decoration-line: underline;"">ที่ไหน(wh)</b>มาช่วงเสาร์อาทิตย์",Wohin seid ihr am Wochenende gefahren?,- perfekt
คุณ(Sie)ไม่ได้อาศัยอยู่ที่เคิล์นหรอ / อยู่สิ อยู่มาสามปี<b><i><u>แล้ว</u></i></b>,"Wohnen Sie nicht in Köln? / Doch, schon seit drei Jahren.",
เขาชอบเดินทางไปด้วยวิธีใด,Womit fährt er gern?,
พวกเธอพูดเกี่ยวกับอะไร,Worüber sprecht ihr?,
คุณช่วยเบาเสียงวิทยุลงหน่อยได้ไหม,Würden Sie bitte das Radio leiser machen?,- W~
คุณช่วยอธิบายใบแจ้งหนี้หน่อยได้ไหม,Würden Sie mir bitte die Rechnung erklären?,- W~
เธอพาฉันเที่ยวชมเมืองได้ไหม,Zeigst du mir die Stadt?,
ตอนกลางวันฉันทานอาหารตอนบ่ายสองครึ่ง,Zu Mittag habe ich um halb drei gegessen.,perfekt / umgangsprachlich
ก่อนอื่นฉันจะไป(f→i)ตุรกีและก็จะบินไป(i)อเมริกา,Zuerst fahre ich in die Türkei und dann fliege ich in die USA.,
ในที่สุดเขาก็กินอาหารเที่ยงของเขา,Zuletzt isst er sein Mittagessen.,
โชคดีที่เรามีน้ำ,Zum Glück haben wir Wasser.,
ใน(เวลา)ทุกวันนี้ป่ามีขนาดเล็กลง,Zur heutigen Zeit ist der Wald kleiner.,
(ขอ)มันฝรั่งสองกิโล เอาแบบเนื้อแน่นไว้ทำสลัดมันฝรั่ง,"Zwei Kilo Kartoffeln, bitte, festkochend für Kartoffelsalat.",
ระหว่างร้านขายยากับร้านเสริมสวยเป็นสวนสาธารณะ,Zwischen der Apotheke und dem Friseur ist ein Park.,
เปิดตั้งแต่ 11:00 ถึง 23:00,von elf Uhr bis dreiundzwanzig Uhr geöffnet,- ไม่ใช่ประโยค
เปิดหน้าต่างให้หน่อย,Öffne bitte das Fenster.,- du<br>- bitte
ด้านบนของเธอ(๓)มีนกตัวหนึ่งบินอยู่,Über ihr fliegt ein Vogel.,- ขึ้นประโยคด้วยบุพบท
