español,tailandés,Add Reverse
(zodiaco) Acuario,ราศีกุมภ์,y
(zodiaco) Aries,ราศีเมษ,y
(zodiaco) Capricornio,ราศีมังกร,y
(zodiaco) Escorpio,ราศีพิจิก,y
(zodiaco) Leo,ราศีสิงห์,y
(zodiaco) Libra,ราศีตุลย์,y
(zodiaco) Piscis,ราศีมีน,y
(zodiaco) Sagitario,ราศีธนู,y
(zodiaco) Virgo,ราศีกันย์,y
(f.) el agua freática,น้ำบาดาลไม่มีแรงดัน,y
(f.) el alga,สาหร่าย,y
(f.) el ancla,สมอเรือ,y
(f.) el asma,โรคหืด,y
(f.) el asta,เสาธง,y
(f.) el hacha,ขวาน,y
(f.) el águila,นกอินทรี,y
(zodiaco) Cáncer,ราศีกรกฎ,y
(zodiaco) Géminis,ราศีเมถุน,y
(zodiaco) Tauro,ราศีพฤษภ,y
América Central,ทวีปอเมริกากลาง,y
América del Norte,ทวีปอเมริกาเหนือ,Y
América del Sur,ทวีปอเมริกาใต้,y
Checoslovaquia,ประเทศเชโกสโลวาเกีย,y
Escocia,สกอตแลนด์,y
Groenlandia,กรีนแลนด์,y
Oceanía,โอเชียเนีย,y
a condición de que,โดยมีข้อแม้คือ…,y
a cuadros,ที่เป็นลายตารางหมากรุก,y
a hurtadillas,อย่างแอบ ๆ อย่างเงียบ ๆ ไม่ให้ใครรู้,y
a la intemperie,กลางแจ้ง เปิดออก เปิดอก หมดไส้หมดพุง,
a largo plazo,ในระยะยาว,y
a más tardar,อย่างช้าสุด,y
a no ser que,เว้นแต่ว่า (en: unless),y
a pachas,ทีละครึ่ง,
a vuelapluma,อย่างรวดเร็วแบบไม่คิดอะไร ทำไปลวก ๆ,
abalanzar,ขว้าง โยน,
abastecer,จัดหาให้ อุปทาน (a),y
abatir,ยิงฆ่า วิสามัญฆาตกรรม,y
abocarse,มุ่งหน้า ตั้งเป้า,y
abofetear,ตบด้วยฝ่ามือ,y
abollarse,ยุบ หุบเข้าไป,y
abrochar,รัด (เข็มขัด) ติด (กระดุม),y
abrumador,ที่ท่วมท้น (!ap),y
abstenerse de ~,ละเว้น หลีกเลี่ยง (a),y
abuchear,ส่งเสียงโห่,y
acampar,เข้าแคมป์,y
acechar,ติดตามแบบลับ ๆ,y
acertar,ทายถูก ตรงเป้า,y
aciago,อัปมงคล อัปโชค ที่ไม่ดี,y
acicalar,ทำความสะอาด ไซร้เห็บเหา,y
acoger,ยอมรับ ให้การยอมรับ รองรับการลี้ภัย,y
acojonar,ทำให้กลัว,
acongojado,เครียด กดดัน กลัว,
acoplarse,อยู่ด้วยกัน ปรับตัวเข้าด้วยกัน,
acordonar,ปิดล้อม,y
acotar,กั้นรั้ว ล้อมกรอบ,<div>y</div>
acuciante,ที่เร่งด่วน ที่จำเป็น,
acudir,มา เข้าร่วม ไปยัง,
acusar,ฟ้อง (!d),y
adelantar,(ขับรถ)แซง,y
adelantar por la izquierda,แซงซ้าย,y
adelgazar,ทำให้ผอม,y
adhesivo,ที่ติดแน่น ที่เหนียวติด,y
aditivo,ที่เพิ่มเข้ามา,y
adobar,หมักซอส,y
adoctrinar,ล้างสมอง ทำให้หลงเชื่อ,y
adosar,วางข้าง ๆ กัน วางติดกัน,y
adscribir,มอบหมาย,
adueñarse de,ฉกฉวย ครอบงำ,y
advertir,เตือน,
afable,สุภาพ เรียบร้อย,y
afeitarse,โกนหนวด,y
aferrarse,ยึดมั่นถือมั่น จับแน่น,y
afrontar,เผชิญหน้า,y
agacharse,ก้มลง,y
agarrar,ดึง จับ (a),y
agitar,เขย่า,y
aglutinar,เอามาเชื่อมกัน ทำให้เกาะกลุ่มกัน ทำให้รวมกัน (a),y
agotar,ทำให้เหนื่อย ทำให้หมดแรง (!r),y
agrandar,ทำให้ใหญ่ขึ้น,y
agredir,โจมตี ทำร้าย เหยียดหยาม,y
agrietar,ทำให้แตกออก ปริออก,y
aguantarse,ทน,
agudizar la crisis,ทำวิกฤตให้วิกฤตยิ่งขึ้น,y
agudo,คม ที่มีเสียงสูง,y
ahogarse,สำลัก,y
ahorcar,แขวน ห้อย โหน,y
aislante,ที่เป็นฉนวน,y
ajardinar,ทำให้เป็นพื้นที่สีเขียว ทำให้เป็นสวน,y
ajeno,ที่เกี่ยวกับของคนอื่น ที่ไม่เกี่ยวข้อง,y
ajo y agua,ช่างมันและทนมันไป,y
alardear,โอ้อวด (!p),y
alargar,ทำให้ยาวขึ้น (กริยาของ largo),y
alcanzar,ถึง ทำได้ ทัน,
aliviar,บรรเทา (อาการ),y
almacenar,เก็บ บรรจุ (en: store),y
alquilar,ให้เช่า,y
alucinar,เกิดภาพหลอน ประสาทหลุด,y
aludir,พาดพิง อ้างถึง,y
alzar,ยกชูขึ้น,
amamantar,ให้นมบุตร,y
amenazar,ขู่,y
anestesiar,ให้ยาชา,y
aniquilar,ทำให้หมดสิ้น ทำลายล้าง,y
anochecer,กลายเป็นกลางคืน มืดลง พระอาทิตย์ตกดิน,y
ansioso,ที่วิตกกังวล (en: anxious),y
antecedente,ก่อนหน้า,
anticuado,เชย ล้าสมัย,y
antracita,สีเทาเข้ม,y
antropomórfico,ที่เกี่ยวกับรูปร่างคน,y
anómalo,ไม่ธรรมดา ไม่ปกติ,
aparentar,ดูเหมือน ทำเป็น เสแสร้ง,
apartar,ขยับ (สกรรม),y
apañar,ซ่อม แก้ไข (a),y
apelar,ยื่นอุธรณ์,y
apelotonarse,กระจุกกัน รวมตัวกัน,y
apestar,ส่งกลิ่นเหม็น,y
aplastante,อย่างท่วมท้น มากมาย (en: overwhelming) (!ab),y
aplastar,เหยียบ ทับ ทำให้แหลก,y
aplazar,เลื่อนออกไป,y
aportar,ให้ ช่วยเหลือ เป็นส่วนร่วม (en: contribute) (!c),y
apostar,พนัน ท้า,y
apremiar,เร่ง กดดัน (!~s~),y
apresurar,เร่ง ทำให้รีบ (!~m~),y
apurarse,รีบ ๆ,
apuñalar,แทง (ด้วยของมีคม),y
arar,ไถ ไถหน้าดิน,y
arar en el mar,ตำน้ำพริกละลายแม่น้ำ (สำนวน),y
arder,เผาไหม้ ร้อนแรง,y
armar,ประกอบ,y
arquear,ทำให้โค้ง ทำให้งอ,y
arrancarse,ดึงอย่างแรง,y
arrastrar,ลาก,y
arrastrarse,คลาน คุกเข่า,y
arrebatar,คว้า กระชาก,y
arreciar,ทำให้รุนแรงขึ้น ทำให้หนักขึ้น,
arrepentirse,รู้สึกผิด เสียใจ (!l),y
arrodillarse,คุกเข่า,y
arrojar,ขว้าง ทิ้ง โยน (!t),y
articular,ที่ชัดเจน ที่เชื่อมต่อ ที่เกี่ยวกับข้อต่อ,y
aseado,รักสะอาด รักความเป็นระเบียบ,y
asear,ทำความสะอาด (จัดระเบียบ),y
asentir,พยักหน้า ตกลง ยอมรับ,y
asesorar,ให้คำปรึกษา ให้คำแนะนำ,y
asfaltar,ราดยางมะตอย,y
asimilarse,คล้าย (กริยา) (a),y
asolar,ทำลาย,
asomar,โผล่ออกมา,y
asombrar,ทำให้ทึ่ง (a),y
asqueroso,น่ารังเกียจ,
ateo,ซึ่งไม่เชื่อในพระเจ้า,y
aterrizar,(เครื่องบิน)แลนด์,y
atizar,แหย่ เป็นชนวน,y
atormentar,ทรมาน ทำให้ทรมาน,y
atravesar,ข้าม (a),y
atrayente,น่าดึงดูด ที่ดึงดูด ที่มีเสน่ห์,y
atreverse,กล้า (กริยา),y
atrincherarse,การเก็บตัว ยึดที่เกิดเหตุ (立て籠り),y
atropellar,ทับ ชนให้ล้ม,y
aturdir,ทำให้งงงวย ทำให้ช็อก,y
atípico,ผิดแบบ ผิดพวก,
audaz,กล้าหาญ,
averiado,พัง ชำรุด (a),y
averiguar,ค้นพบ หาเจอ,y
azotar,ฟาด หวด แส้ฟาด,y
añorar,โหยหา กองหา,y
babear,ทำน้ำลายไหล,y
balbucear,พูดตะกุกตะกัก (!v!t),y
banal,ที่น่าเบื่อ,y
barrer,กวาด,y
basto,ที่หยาบ (ผิวสัมผัส),y
beige,สีเบจ,y
bestial,อย่างเดรัจฉาน หยาบคาย,y
bifurcarse,แตกออก แยกออกไป แตกกิ่งก้านสาขาออกไป,y
biruji,อากาศหนาว เย็น (caló),y
blanquear,ฟอกขาว ฟอกเงิน,y
bostezar,หาว,y
bovino,(คุณศัพท์) เกี่ยวกับวัว,y
brincar,กระโดดโลดเต้น,
brusco,ผลุนผลัน หุนหัน หยาบ ห้วน ทันที,y
burlarse de,ล้อเลียน,y
buscarle los tres pies al gato,ยืนยันความถูกต้อง หาหลักฐาน หาคำอธิบาย หาความชอบธรรม (สำนวน),y
bélico,ที่เกี่ยวกับสงคราม (!g),y
cabalgar,ขี่,y
caducarse,(กริยา)หมดอายุ,y
caer bien,เข้ากันดีกับ(คน),y
caer mal,ไม่เข้ากันกับ(คน),y
caer una jarreada,ฝนตกหนักมาก (ฟ้ารั่ว),y
caerse la venda de los ojos (a alguien),ความจริงเป็นที่ประจักษ์ (แก่ ~),y
cagarse las patas abajo,(สำนวน) กลัวมาก กลัวจัด,y
caldear,ทำให้อุ่นขึ้น,y
calido,อุ่น,y
calvo,หัวล้าน,y
calzar,หุ้ม ห่อ ใส่การป้องกัน ใส่ถุงมือ,y
camelar,หว่านล้อม สุ่ย จีบ ทำปากหวาน (caló),y
camuflarse,พรางตัว,y
canino,ที่เกี่ยวกับสุนัข,y
canoso,ที่มีผมสีเทา,y
canturrear,ฮัมเพลง (แหกปาก)ร้องเพลงอยู่คนเดียว,y
caprino,เกี่ยวกับแพะ,y
cardíaco,ที่เกี่ยวกับหัวใจ,y
carecer,ขาด ไม่มี,
carecer de,ขาดแคลน,
carente de ~,การขาด~ (~不足) (adj.),y
carraspear,กระแอม,y
casero,ที่เกี่ยวกับบ้าน โฮมเมด,y
casposo,เต็มไปด้วยรังแค,y
castaño,(ผม)สีน้ำตาล,y
castigar,ลงโทษ (คำกริยา),y
castrar,ทำหมัน (ตัด),y
catear,(ภาษาพูด) ทำให้สอบตก ไม่ผ่าน ทำให้ล้ม,y
ceder,เสียสละ ยอม (c),y
ceder el paso,ให้ทาง,y
celoso,อิจฉา หึง,y
centrifugar,ปั่นแห้ง,y
cervical,เกี่ยวกับคอ,y
cesar,หยุด สิ้นสุด,
chachi,เจ๋ง เก๋ (caló),y
chafar,ทำให้แบน ทำให้เสียอารมณ์ ทำให้หมดอารมณ์,y
chalado,บ้า (caló),
charlatán,ที่พูดมาก,y
chascar la lengua,กระเดาะปาก,y
chillar,กรีดร้อง (ch),y
chispear,ฟ้าแลบ (คำกริยา),y
chivarse,col. ฟ้อง,y
chungo,(ภาษาพูด) ยาก อันตราย เสี่ยง (caló),y
cimbrearse,ตัวสั่น (!t!v),y
clandestino,ที่เป็นความลับ (c),y
clavar,ตอกตะปู ปักหมุด,y
cobarde,ขี้ขลาด,y
cobre,สีทองแดง (!b),y
cocer,ต้ม อบ,y
coetáneo,ร่วมสมัย (คุณศัพท์),y
colarse,แอบเข้าไป แซงคิว,y
colosal,มหึมา มหาศาล (c),y
colérico,ที่โกรธ อารมณ์ไม่ดี,
comerse el marrón,(สำนวน) ถูกทำให้ตกที่นั่งลำบาก ตกกระไดพลอยโจน ถูกทำให้ซวย,y
comerse el tarro,(สำนวน) คิดมาก คิดซ้ำไปซ้ำมา คิดวนไปวนมา,y
como sardinas en lata,อัดกันเป็นกลากระป๋อง (สำนวน),y
compaginar,รวมและทำให้สมดุล บูรณาการณ์ ประยุกต์,y
comprometerse a (hacer algo),ยินยอมที่จะ (ทำ),y
comulgar,รับศีลมหาสนิท,y
conceder,ยินยอม มอบให้,
concienciar,ทำให้ตื่นตัว ทำให้เห็นความสำคัญ,y
confabularse,สมรู้ร่วมคิด วางแผนอย่างลับ ๆ,y
contemplar,นั่งจ้อง พิจารณา ไตร่ตรอง,y
contemplativo,ที่ลึกซึ้ง ที่เกี่ยวกับการเข้าฌาน,
controvertir,โต้เถียง (!d),y
convidar,เชิญชวน เสนอให้,y
conyugal,เกี่ยวกับการแต่งงาน เกี่ยวกับชีวิตหลังสมรส (!m),y
coquetear,จีบ (!l),y
corporal,ที่เกี่ยวกับร่างกาย,y
corpulento,กำยำ ที่ร่างกายตัน ๆ มีกล้ามเนื้อ,
corredizo,แบบเลื่อน,y
correr el riesgo,เข้าไปเสี่ยง,y
correrse la voz,กระจายข่าว,
cortar el bacalao,ขี้สั่ง ทำตัวเป็นผู้นำด้านการตัดสินใจ (สำนวน cortar ~),y
coser,เย็บ,y
cosquillear,ทำให้จั้กจี้ ทำให้คัน,y
costero,ที่อยู่ชายฝั่ง,y
cotidiano,ประจำวัน (คุณศัพท์),y
cretino,โง่,
crucial,สำคัญ,
crujirse los dedos,หักนิ้ว,y
cuajar,จับตัว แข็งตัว เซ็ตตัว ทับถม,y
cuchichear,ซุบซิบ พึมพำ (c),y
currar,ทำงาน (c),y
cursar,เข้าเรียน (หลักสูตร),y
custodiar,เก็บ รักษา ป้องกัน เอาเข้าเซฟ,y
dactilar,ที่เกี่ยวกับรอยนิ้วมือ,y
dar bola,ให้ความสนใจ ตระหนัก,
dar con alguien,หาตัวเจอ พบ,
dar cuerda,หมุน ไข,y
dar de lleno,(สำนวน) ทำให้เจอแจ็กพอต ทำให้เจอสิ่งที่ไม่คาดคิด ใส่เข้าอย่างจัง,y
dar de vez en cuando,เป็นบางครั้ง,
dar el pego,ดูสมจริง เนียน (สำนวน),y
dar el pésame,แสดงความเสียใจ (ให้~ !l),y
dar gato por liebre,(สำนวน) ต้มตุ๋น หลอกลวง (!e),y
dar la lata,รบกวน ทำให้รำคาญ,
dar pistas,ให้เบาะแส,y
dar un frenazo / pegar un frenazo,(กริยา)เบรก (วลี),y
darse por vencido,ยอม,
darse un canto en los dientes,(สำนวน) การแก้บนหลังจากเกิดสิ่งที่ดีหรือไม่แย่เท่าที่คิด,y
de ahí,ดังนั้น,
de antemano,ล่วงหน้า,y
de puntillas,(เดิน)เขย่งปลายเท้า,y
de repuesto,ที่เป็นอันสำรอง,y
de vez en cuando,นาน ๆ ที,y
deambular,เดินมั่ว ๆ เดินไปอย่างไร้จุดหมาย เดินวนไปวนมา,y
decisivo,ซึ่งตัดสินใจแล้ว ที่แน่นอน ที่เด็ดเดี่ยว,y
defecar,ขับถ่าย,y
deficiente,ที่ไม่เพียงพอ (!e),y
degollar,ตัดหัว,y
delatar,แจ้งความ ฟ้อง (!a),y
deletrear,สะกด พูดทีละพยางค์,y
delinear,ร่าง(ภาพวาด) ดราฟต์,y
demorar,กินเวลา ดีเลย์ (กริยา),y
deprimente,ที่น่าหดหู่,y
deprimir,ทำให้หดหู่,y
derramar,ทำหก,y
derrapar,ดริฟต์ (คำกริยา),y
derrochar,ใช้จ่ายอย่างสุรุ่ยสุร่าย,y
derrumbarse,พัง ทลาย,
desafiar,ท้าทาย (en: challenge),y
desahogarse,ปลดปล่อย ระบาย (อารมณ์),y
desarticular,แยกชิ้นส่วน แกะออก เข้าสลาย,y
desatar,แก้มัด แก้เชือก,y
desbordar las previsiones,เหนือความคาดหมาย,
descarrilar,ตกราง,y
descifrar,ถอดรหัส,y
descojonarse,ขำขี้แตกขี้แตน,y
descolgar,ดึงออก ยกออก เอาลง,y
descorazonador,ที่ทำให้หมดกำลังใจ ที่ทำให้ท้อ,y
desechable,ใช้แล้วทิ้ง,y
desembocar,ไหลไป ไหลรวมไป คลายประจุ,
desempeñar,ลงมือ ทำ เข้าไปมีบทบาท,y
desesperante,ที่ทำให้โกรธ หงุดหงิด ที่ทำให้หมดกำลังใจ,y
desfallecer,เป็นลม หมดสติ (vi),y
desistir,ยอมแพ้ หยุด,
deslizante,(คุณศัพท์) ลื่น ไถล,y
deslumbrar,ฉายแสงจ้า ทำให้ตราพร่ามัว,y
desmayar,ตัดใจ,y
desmayarse,เป็นลม สลบ (vr),y
desollar,ถลกหนัง ฉีกเป็นชิ้น ๆ,y
despegar,เอาออก เอาเครื่องขึ้น (en: take off),y
despejar,ทำให้เรียบร้อย ทำให้สะอาด (en: to clear),y
despiadado,เหี้ยมโหด ไร้ความเมตตา,y
despistado,วอกแวก สมาธิหลุด,y
desplumar,ถอนออก เอาออก ถอนขน,y
despojar,ถอดออก ปลดออก ปล้น,y
desportillar,ทำให้ร้าว ทำให้บิ่น,y
destapar,เปิด(ฝา),
destripar,แกะออก ผ่าไส้,y
destrozar,ทำลาย,
desvelado,นอนไม่หลับ ไม่นอน,y
desviar,เปลี่ยนทาง เบี่ยงเบน,y
detener,จับกุม,y
detenerse,หยุด,
deteriorado,ที่ชำรุด เสียหาย,
determinante,ที่เป็นตัวบ่งชี้ (d),y
detestar,เกลียดชังมาก,y
dictaminar,ให้คำตัดสิน (en: rule),y
diestro,ถนัดขวา,y
dilatado,ที่ยาวออกไป,
diminuto,เล็ก ๆ,
discernir,แยก แยะแยะ,
discordante,ซึ่งไม่สอดคล้องกัน,
disimular,เก็บ ซ่อน (อารมณ์ ความลับ) (d),y
dispuesto,พร้อม ชำนาญ,
disuadir,เตือน ห้ามปราม,y
doblegar,ปราบปราม,y
domiciliar,ตั้งค่าการชำระเงิน,y
dormilón,ขี้เซา นอนหลับเยอะ,y
dormir a pierna suelta,นอนพอ,y
dormir boca abajo,นอนคว่ำ,y
dormir boca arriba,นอนหงาย,y
dormir de lado,นอนตะแคง,y
dormir la mona,นอนหลับพักฟื้นจากการเมา (สำนวน),y
dormirse en los laureles,ได้ดีแล้วเหลิง ย่ามใจ ไม่ทำอะไร,y
dormitar,งีบหลับ เผลอหลับ,y
dubitativo,ที่สงสัย ที่เต็มไปด้วยความสงสัย ที่ไม่แน่นอน,y
dulcificar,ทำให้หวาน ทำให้อ่อน,y
dócil,เชื่อง ว่านอนสอนง่าย,y
echar brotes,(ต้นไม้)แตกหน่อ แตกต้นอ่อน,y
echar la culpa,โทษ กล่าวโทษ,y
echar una bronca,ดุด่าอย่างรุนแรง,
echar una mano,(ยื่นมือ)เข้าไปช่วยเหลือ,y
echar una ojeada,อ่าน/ดูแบบผ่าน ๆ,y
echar una reprimenda,ตำหนิ,
ecuatoriono,คำคุณศัพท์ของเอกวาดอร์,y
efervescente,ที่มีชีวิตชีวา ที่มีฟองผุด ๆ,y
efímero,สั้น ๆ ชั่วคราว คร่าว ๆ ไม่ยั่งยืน (e),y
ejemplificar,ทำให้กลายเป็นตัวอย่าง ยกตัวอย่าง แสดงให้เห็น,y
ejercitar,ฝึก ซ้อม,
el Amazonas,แม่น้ำอเมซอน,y
el Boletín Oficial del Estado,ราชกิจจานุเบกษา (สเปน),y
el Círculo Polar Antártico,"เส้นวงกลมแอนตาร์กติก (66°33'46"" ใต้)",y
el Círculo Polar Ártico,"เส้นวงกลมอาร์กติก (66°33'52"" เหนือ)",y
el Ecuador (!país),เส้นศูนย์สูตร,y
el Golfo Pérsico,อ่าวเปอร์เซีย,y
el Golfo de Bengala,อ่าวเบงกอล,y
el Golfo de México,อ่าวเม็กซิโก,y
el Himalaya,เทือกเขาหิมาลัย,y
el Mar Arábigo,ทะเลอาหรับ,y
el Mar Caspio,ทะเลแคสเปียน,y
el Mar Mediterráneo,ทะเลเมดิเตอร์เรเนียน,y
el Mar Muerto,ทะเลสาบเดดซี,y
el Mar Negro,ทะเลดำ,y
el Mar Rojo,ทะเลแดง,y
el Mar de Bering,ทะเลเบริง,y
el Mar de la China Meridional,ทะเลจีนใต้,y
el Mar del Caribe,ทะเลแคริบเบียน,y
el Monte Kilimanjaro,เทือกเขาคิลิมันจาโร,y
el Nilo,แม่น้ำไนล์,y
el Océano Antártico,มหาสมุทรแอนตาร์กติก,y
el Océano Atlántico,มหาสมุทรแอตแลนติก,y
el Océano Pacífico,มหาสมุทรแปซิฟิก,y
el Océano Ártico,มหาสมุทรอาร์กติก,y
el Océano Índico,มหาสมุทรอินเดีย,y
el Polo Norte,ขั้วโลกเหนือ,y
el Polo Sur,ขั้วโลกใต้,y
el Rin,แม่น้ำไรน์,y
el Trópico de Capricornio,"เส้นทรอปิกออฟแคปริคอร์น (23°26'17"" ใต้)",y
el Trópico de Cáncer,"เส้นทรอปิกออฟแคนเซอร์ (23°26'11,8"" เหนือ)",y
el abanico,(คำนาม) พัด <b><i><u>(ไม่ใช่คำกริยา)</u></i></b>,y
el abecedario,"ตัวอักษร A, B, C (ที่เรียงกันแล้ว)",y
el abeto,ต้นสน (ยุโรป),y
el abismo,นรก ใต้พื้นพิภพ,y
el abrelatas,ที่เปิดกระป๋อง,y
el acero,เหล็ก (!h),y
el acertijo,เกมปริศนา เกมแก้ปัญหา ปัญหาเชาว์ (en: puzzle),y
el acontecimiento,เหตุการณ์ (a),y
el acueducto,สะพานส่งน้ำ,y
el adhesivo,สติกเกอร์ (!p),y
el adoquín,หินกรวด,y
el aerosol,สเปรย์ ละออง,y
el aforo,ความจุ (!c),y
el afán,ความปรารถนา ความกระตือรือต้น,y
el agente de tráfico,ตำรวจจราจร (โบกรถ),y
el agua de origen,แหล่งน้ำ,y
el aguijón,เหล็กใน ส่วนที่ใช้ต่อยของสัตว์,y
el agujero,รู,y
el ahijado,ลูกเลี้ยง,y
el ahínco,ความกระตือรือต้น,
el ajedrez,หมากรุก,y
el ajo puerro,กระเทียมต้น,y
el alacrán,แมงป่อง (!e),y
el alarde,การโอ้อวด การแสดงออก,y
el albaricoque,แอพริคอต,y
el albañil,ช่างก่อสร้าง,y
el alcance,ขอบเขต (ของเรื่อง ของเนื้อหา),
el alero,ชายคา,y
el alfalto,ถนนลาดยาง,y
el alfarero,ช่างปั้นดินเผา,y
el algodón,ผ้าฝ้าย,y
el alicate,คีมหนีบ คีมตัด,y
el aliento,ลมหายใจ (!v!ción),y
el almacén,โกดัง,y
el almanaque,ปฏิทิน (!c),y
el alquiler,การให้เช่า (~l~),y
el alud,ดินถล่ม (!d),y
el ama de casa,พ่อบ้าน แม่บ้าน,y
el amuleto,เครื่องราง ของขลัง,y
el analgésico,ยาแก้ปวด,y
el andén,ชานชาลา,y
el anfibio,สัตว์ครึ่งบกครึ่งน้ำ,y
el anfitrión,เจ้าบ้าน เจ้าของบ้าน,y
el anillo de crecimiento,วงปี,y
el antifaz,หน้ากาก (บริเวณตา),y
el antiséptico,ยาฆ่าเชื้อ (ภายนอก),y
el anular,นิ้วนาง,y
el anzuelo,ตะขอ ขอเบ็ด (!g),y
el apagón,ไฟดับ,y
el aparato,อุปกรณ์ เครื่องมือ (a),y
el aparato digestivo,ระบบย่อยอาหาร,y
el aperitivo,อาหารเรียกน้ำย่อย,y
el aplazamiento,การเลื่อนออกไป,y
el apocalipsis,จุดจบ หายนะ,
el apogeo,ช่วงพีค (๓ พยางค์),y
el apoyabrazos,ที่วางแขน,y
el apretón,การบีบ การรัด การจับมือ การจับแน่น,y
el aptitud,ความสามารถพิเศษ อัจฉริยภาพ,y
el aquelarre,การชุมนุมของแม่มด,y
el arbotante,เสาค้ำที่ลอย,y
el arbusto,พุ่มไม้,y
el arce,เมเปิล,y
el arco iris,รุ้งกินน้ำ,y
el arcén,ไหล่ทาง,y
el arenero,กระบะทราย,y
el arete,ตุ้มหู (ละตินอเมริกา),y
el arpón,ฉมวก,y
el arqueólogo,นักโบราณคดี,y
el arrebato,การปรี๊ดแตก อารมณ์ปะทุ,y
el arrendador,ผู้ให้เช่า,y
el arrendamiento,การให้เช่า (~rr~),y
el arrendatario,ผู้เช่า,y
el arriero,คนขี่ล่อ,y
el arroz glutinoso,ข้าวเหนียว,y
el artilugio,สิ่งประดิษฐ์ (en: artefact),y
el asesor,ที่ปรึกษา ผู้ช่วย,y
el asilo,สถานที่ลี้ภัย,y
el asno,ลา (สัตว์ !b),y
el aspirante,ผู้สมัคร ผู้แสวงหา ผู้ท้าทาย,
el atajo,ทางลัด,y
el ataque (de la enfermedad),อาการ(โรค)กำเริบ,y
el atasco,รถติด,y
el ataúd,โลงศพ,y
el atentado terrorista,การก่อการร้าย,y
el atributo,แอตทริบิวต์,y
el atril,โพเดียม,y
el auge,จุดพีค จุดสุดยอด (๒ พยางค์),y
el aullido,เสียงกรีดร้อง,
el avestruz,นกกระจอกเทศ,y
el aviador,นักบิน (!p),y
el avispero,รังต่อ ฝูงต่อ เรื่องที่ยุ่งเหยิง,y
el ayudante,อาจารย์ผู้ช่วย,y
el azar,โชคชะตา (!d),y
el azote,แส้,y
el año bisiesto,ปีอธิกสุรทิน,y
el año luz,ปีแสง,y
el bache,หลุมบนพื้นถนน การลดถอยลง ความหดหู่,y
el baloncesto,บาสเกตบอล,y
el banquete,งานเลี้ยง (!f),y
el barrio periférico,ย่านชานเมือง,y
el barroco,บารอก,y
el bastión,ป้อมปราการ (b),y
el bastón,ไม้เท้า,y
el batido de leche,มิลก์เชค นมปั่น,y
el bazo,ม้าม,y
el baúl,หีบ,y
el berberecho,หอยแครง,y
el betún,ยางมะตอย (b),y
el bibliotecario,บรรณารักษ์,y
el bigote,หนวด,y
el bisonte,ควายไบซอน กระทิงป่า,y
el bistec,สเต็ก,y
el bisturí,มีดผ่าตัด,y
el bizcocho,สปันจ์เค้ก,y
el bocadillo (de diálogo),บอลลูนคำพูด,y
el boceto,ภาพสเก็ตช์ ร่าง โครงร่าง,y
el bodegón,ภาพวาดผลไม้ เครื่องชาม,y
el bollero,คนทำขนมปัง (!p),y
el bollo,ขนมปังก้อน (en: bun) (!p),y
el bolsillo,กระเป๋ากางเกง,y
el bombardeo,การทิ้งระเบิด,y
el bordillo,ขอบฟุตบาท,y
el borratintas,ปากกาลบหมึกซึม,y
el bostezo,การหาว,
el botín,สะดม ทรัพย์สมบัติที่ปล้นมา,y
el braguero,กระจับ,
el brazo,แขน,y
el brazo de gitano,แยมโรล,y
el brioche,ขนมปังนุ่ม (ด้านบนเป็นก้อนหน่วย ๆ),y
el bronce,ทองแดง,y
el brote,การแพร่กระจายของโรคติดต่อ (outbreak),y
el brócoli,บร็อคโคลี,y
el bucle,วงเวียน วัฏจักร ลูป,y
el buey,วัวตัวผู้,y
el bufete,สำนักงาน (ทนายความ),y
el buitre,นกแร้ง,y
el bulo,ข่าวปลอม,y
el burdel,ซ่อง (!l),y
el burro,ลา (สัตว์ !a),y
el buríl,สิ่ว ที่แกะสลัก,y
el butanero,คนส่งแก๊ส,y
el butano,ก๊าซบิวเทน,y
el bálsamo labial,ลิปมัน,y
el bíceps,กล้ามเนื้อไบเซป,y
el búho,นกฮูก,y
el caballo,ม้า,y
el cabellete del tejado,ครอบสันหลังคา,y
el cabestrillo,ผ้าคล้องแขน,y
el cabo de Buena Esperanza,แหลมกูดโฮป,y
el cacahuete,ถั่วดิน ถั่วลิสง,y
el cachelo,มันฝรั่งหั่นต้ม,y
el cachondo,เรื่องตลก สิ่งที่ตลก อารมณ์ขัน ความต้องการทางเพศ,y
el cadáver,ศพ,y
el cajón,ลิ้นชัก,y
el calabacín,ฟักแฟง,y
el calambre,ตะคริว,y
el calambur,การเล่นคำที่ประโยคออกเสียงเหมือนกันแต่จับกลุ่มแยกคำให้ความหมายไม่เหมือนกัน,y
el caldo,น้ำซุป (!s),y
el callejón,ตรอก,y
el camello,อูฐ คนค้ายา,y
el camembert,ชีสกามองแบร์,y
el campanario,หอระฆัง,y
el campeonato,การแข่งชันชิงแชมป์,y
el campesino,ชาวนา (!g),y
el campeón,แชมป์,y
el canalón,รางน้ำฝน,y
el candado,แม่กุญแจ กุญแจตัวยู,y
el cangrejo,ปู,y
el canguelo,ความกลัว ความไม่สบายใจ (caló),y
el canto,ก้อนหิน (!p),y
el cantábrico,ทะเลทางตอนเหนือของสเปน,y
el capuchino,คาปูชิโน,y
el capuchón,ฝา (ปากกา),y
el capó,กระโปรงรถ,y
el carboncillo,ดินสอถ่าน,y
el carpintero,ช่างไม้,y
el carril,เลน ช่องทางเดินรถ,y
el carrillón,กระดิ่งลม,y
el carrito,รถเข็น,y
el carterista,นักล้วงกระเป๋า,y
el cartucho,ปลอกกระสุนปืน,y
el cartílago,กระดูกอ่อน,y
el cartón,กระดาษลัง,y
el carámbano,แท่งน้ำแข็ง,y
el casco antiguo,ย่านเมืองเก่า,y
el cascote,เศษหินเศษปูน,y
el casero,เจ้าบ้าน นายหน้า,y
el catedrático,อาจารย์ (c),y
el caza,เครื่องบินรบ,y
el cazador,นักล่า,y
el cazo,กระบวย หม้อทรงกระบวย,y
el cazón,ปลาฉลามหนู ปลาฉลามหลังหนาม (en: dogfish),y
el cedro,ต้นสนซีดาร์,y
el cementerio,สุสาน,y
el cenicero,ที่เขี่ยบุหรี่,y
el centenar,จำนวนร้อย (คำนาม),y
el centeno,ข้าวไรย์,y
el cepillo,แปรง (คำนาม),y
el cesto,ตะกร้า,y
el chalazión,กุ้งยิง (เรื้อรัง),y
el chaleco,เสื้อกั๊ก,y
el chaleco salvavidas,เสื้อชูชีพ,y
el chantaje,การแบล็กเมล์,y
el chapapote,ยางมะตอย (c),y
el chaparrón,ฝนห่าใหญ่ (ch),y
el chapista,ช่างเหล็ก ช่างเชื่อมเหล็ก,y
el chaquetero,คนที่เปลี่ยนความคิด งูเห่า,y
el chicle,หมากฝรั่ง,y
el chimo,ขนมปังทางกัสเตโยในงานช่วงมักดาเลนา,y
el chirrido,เสียงลั่นเอี๊ยดอ๊าด,y
el chorro,กระแสไหล สิ่งที่พวยพุ่ง,y
el chubasquero,เสื้อกันฝน (!i),y
el churumbel,เด็ก ทารก (caló),y
el ciberanzuelo,คลิกเบต,y
el ciego,คนตาบอด,y
el cieno,โคลน (!f),y
el cienpiés,ตะขาบ (!e),y
el cierre,การปิด (คำนามของ cerrar),y
el ciervo,กวาง (c),y
el cigarrillo,บุหรี่ (!t),y
el cilantro,ผักชี,y
el cinturón monedero,เข็มขัดที่ใส่เงินได้,y
el circo,โรงละครสัตว์,y
el cirujano,ศัลยแพทย์,y
el clavo,ตะปู,y
el claxon,แตรรถ (c),y
el cloro,คลอรีน,y
el coche de choque,รถบั๊ม,y
el codo,ข้อศอก,y
el cogote,หลังคอ ง่อน (๓),y
el cohete,จรวด,y
el cojín,เบาะ,y
el colador,กระชอน,y
el colgante,สร้อยคอ,y
el colirio,ยาหยอดตา,y
el collage,ภาพปะติด,y
el colmillo,เขี้ยว,y
el comedor,โรงอาหาร (!cf),y
el comentarista,นักวิจารณ์,y
el comodín,ไพ่โจกเกอร์ ไวล์ดการ์ด,y
el complejo,ปมด้อย,y
el comportamiento,พฤติกรรม,y
el compromiso,ข้อผูกมัด,y
el compás,วงเวียน (เครื่องเขียน),y
el concejal,สมาชิกสภาประจำเมือง เทศบาล,y
el confeti,เศษกระดาษสีสัน,y
el confín,ขอบเขต อาณาเขต (!f),y
el congreso de los diputados,สภาผู้แทนราษฎร,y
el constrictor,งูใหญ่,y
el contrafuerte,ส่วนเสาติดผนัง (เช่น ของโบสถ์),y
el convenio,ข้อตกลง สัญญา (!ct),y
el convite,งานเลี้ยง (ในพิธีแต่งงาน),
el copo,เกล็ด เศษ ๆ,y
el corazón (de una carta),(ไพ่) โพธิ์แดง,y
el corcho,จุกคอร์ก,y
el cordón,เชือกรองเท้า,y
el coro,การร้องประสานเสียง,y
el corredor,โถงทางเดิน,y
el cosmonauta,นักบินอวกาศ (!a),y
el cotilleo,การซุบซิบนินทา,y
el coñazo,งานน่าเบื่อ สิ่งที่จำเจน่าเบื่อหน่าย,y
el cruasán,ครัวซองต์,y
el crucero (de la iglesia),บริเวณโถงตรงกลางของโบสถ์ที่เป็นจุดตัด,y
el crucero (vehículo),เรือครูซ,y
el cráneo,กะโหลก (ทางการแพทย์),y
el crío,เด็กเล็ก (c),y
el cubo de basura,ถังขยะ (c),y
el cucharón,ทัพพี,y
el cuchillo,มีด,y
el cucurucho,สรวยไอติม,y
el cuello,คอ,y
el cuello postizo,คอเสื้อ,
el cuenco,ถ้วย (!b!t),y
el cuerno,เขาสัตว์,y
el cuero,หนัง (วัสดุ),y
el cuervo,อีกา,y
el cultivo,การเพาะปลูก (!h),y
el cura,บาทหลวง,y
el cuñado,พี่เขย น้องเขย,y
el cáncer de mama,มะเร็งเต้านม,y
el cáñamo,กัญชง,y
el césped,หญ้า,y
el cómico,ดาราตลก,y
el decano,คณบดี,y
el dedo corazón,นิ้วกลาง,y
el defecto,จุดตำหนิ,y
el delantal,ผ้ากันเปื้อน,y
el delito,อาชญกรรม,y
el depredador,สัตว์ผู้ล่า,y
el derrapo,การดริฟต์ (คำนาม),y
el desafío,ความท้าทาย,y
el desaliño,ความสะเพร่า,y
el desasosiego,ความรู้สึกไม่สบายใจ,
el desatascador,ที่ดูดส้วม,y
el descansillo,ชานพักบันได (!r),y
el desenlace,จุดจบ ผลลัพธ์ การจบลง,y
el desequilibrio comercio,ขาดดุลทางการค้า,y
el desgarro,กล้ามเนื้อฉีก,y
el desierto del Sáhara,ทะเลทรายซาฮารา,y
el desnivel,ทางชัน (d),y
el despacho,สำนักงาน,y
el despilfarro,การใช้อย่างสิ้นเปลือง,y
el despliegue,การติดตั้ง (en: deployment),y
el desprendimiento,ดินถล่ม (!a),y
el destello,ฟ้าแลบ ประกายไฟ ประกายแสง แสงแวบ ๆ,y
el destornillador,ไขควง,y
el desván,ห้องใต้หลังคา (!b),y
el detergente,ผงซักฟอก,y
el detonador,ที่จุดระเบิด,y
el diablito,รถเข็นสองล้อมีหูจับ,y
el diafragma,กะบังลม,y
el diagnóstico,การวินิจฉัยโรค,y
el diamante (de una carta),(ไพ่) ข้าวหลามตัด,y
el difunto,ผู้วายชนม์,y
el dinosaurio,ไดโนเสาร์,y
el discapacitado,ผู้พิการ,y
el disidente,ผู้เห็นต่าง,y
el doblaje,การพากย์เสียง,y
el doble sentido (de circulación),การเดินรถสองทาง (สวนกัน),y
el dolor articular,อาการปวดข้อ,y
el dominio,การควบคุม (d),y
el dorso (de la mano),หลังมือ,y
el duelo,การไว้อาลัย (!l),y
el déficit,การขาดทุน,y
el egorro,ความยาก ความลำบากลำบน,
el ejecutivo,ผู้บริหาร,y
el embalse,เขื่อน,y
el embutido,อาหารตระกูลไส้กรอก,y
el empeine,หลังเท้า,y
el empeoramiento,การแย่ลง,y
el emperador,ปลากระโทงดาบ,y
el empeño,ความมุ่งมั่น,y
el empolón,เนิร์ด,y
el enano,คนแคระ,y
el enfoque,การเข้าใกล้ โดยวิธี (en: approach),y
el engranaje,ฟันเฟือง,y
el ente,เอกลักษณ์ (en: entity),y
el entierro,พิธีฝังศพ (e),y
el entorno,สภาพแวดล้อม (e),y
el entramado,โครงอาคาร,y
el entresuelo,ชั้นลอย,y
el entumecimiento,อาการเหน็บชา,y
el envoltorio,การห่อของขวัญหรือสินค้า,y
el equinoccio de otoño,ศารทวิษุวัต,y
el equinoccio de primavera,วสันตวิษุวัต,y
el escalofrío,อาการร้อน ๆ หนาว ๆ สั่น ๆ,y
el escamol,ไข่มดแดง / ไข่มดส้ม (เม็กซิโก),y
el escaparate,ตู้กระจกติดผนังแสดงสินค้า (ในร้านค้า),y
el escarabajo,แมลงปีกแข็ง ด้วง,y
el escaño,ที่นั่ง,y
el escorpión,แมงป่อง (!a),y
el escudo (herramientas),โล่ห์,y
el escudo (símbolo),ตราแผ่นดิน,y
el escurreplatos,ที่คว่ำจาน,y
el escándalo,เรื่องอื้อฉาว,y
el esguince,ข้อพลิก/แพลง,y
el esmalte,น้ำยาทาเล็บ,y
el esmero,ความพิถีพิถัน ความระมัดระวัง,y
el espantapájaros,หุ่นไล่กา,y
el espejo,กระจก (สะท้อน),y
el esperma,สเปิร์ม,y
el esplendor,ความงดงาม ความเจิดจรัส,
el espía,สายลับ,y
el estacionamiento,ที่จอดรถ (e),y
el estafador,มิจฉาชีพ คนตุ้มตุ๋น,y
el estanco,ร้านขายบุหรี่,y
el estatus,สถานะ,
el estrato,ชั้นหิน ชั้นดิน,y
el estrato calcáreo,ชั้นหินปูน,y
el estrechamiento,ทางแคบ (ทางเบี่ยงให้แคบ),y
el estreñimiento,ท้องผูก,y
el estribillo,ท่อนฮุกของเพลง,y
el estribo,ที่วางเท้าเวลาขี่ม้า,y
el estropajo,ฝอยขัดหม้อ,y
el estuche,กล่องดินสอ กล่องใส่ของ,y
el estímulo,การกระตุ้น,
el esófago,หลอดอาหาร,y
el exitazo,ความสำเร็จอันยิ่งใหญ่,
el expolio,การปล้นสะดม การปล้นโบราณสถาน,y
el exprimidor,เครื่องคั้นน้ำผลไม้,y
el facóquero,หมูป่าแอฟริกา,y
el fajín,แถบพัน (帯),y
el fango,โคลน (!c),y
el farmacéutico,เภสัชกร,y
el faro,ไฟหน้ารถ,y
el farol,โคมไฟ คบไฟ,y
el felpudo,พรมประตู,y
el firmamento,ท้องฟ้า (!c),y
el fiscal,อัยการ,
el flexómetro,ตลับเมตร (!สายวัด),y
el flujo,กระแส (en: stream),y
el fogón,เตา,
el follaje,กองใบไม้ (ที่ร่วง),y
el folleto,ใบปลิว แผ่นพับ,y
el fondo (economía),ทุน,y
el fortín,ป้อมปราการ (f),y
el fracaso,ความผิดพลาด ความล้มเหลว,y
el frasco,ขวดแก้ว,y
el fraude de ley,การเลี่ยงบาลี การอาศัยช่องว่างทางกฎหมาย,y
el fraude electoral,การทุจริตการเลือกตั้ง,y
el fregadero,อ่างล้างจาน,y
el frenazo,(นาม)เบรก,y
el frutero (en cocina),ถ้วยชามผลไม้,y
el fuente (de dinero),แหล่ง ต้นตอ ที่มา แหล่งทุน,y
el funcionario,ข้าราชการ,y
el furgón celular,รถคุมขัง,y
el futurólogo,หมอดู นักวิเคราะห์อนาคต,y
el fósil,ฟอสซิล,y
el galimatías,คำพูดมั่ว ๆ คำพูดที่ไม่มีความหมาย,y
el gamberro,อันธพาล (ในห้องเรียน),y
el ganadero,คนทำปศุสัตว์,y
el gancho,ตะขอ ที่ห้อย (!a),y
el ganso,ห่าน,y
el garaje,โรงรถ,y
el garito,บ่อน รังลับ,y
el gas lacrimógeno,แก๊สน้ำตา,y
el gasto,รายจ่าย (!d),y
el gemelo,ฝาแฝด(แท้),y
el gemelo (del cuerpo),กล้ามเนื้อส่วนน่อง (!p),y
el gerente,ผู้จัดการ,y
el glaseado,ครีมไอซิง,y
el gobernador,ผู้ว่าราชการจังหวัด,y
el gofre,วาฟเฟิล,y
el golpe bajo,ล่วงเกิน,y
el golpe de calor,โรคลมแดด,y
el gorrión,นกกระจอก,y
el gotelé,ผนังบ้านแบบขรุขระ,y
el gozne,บานพับ (!b),y
el granjero,ชาวนา (!c),y
el grano,เม็ด เมล็ด สิว,y
el gremio,กิลด์ สหภาพพนักงาน,y
el grifo,ก๊อกน้ำ,y
el guardabosques,เจ้าหน้าที่กรมป่าไม้ ผู้พิทักษ์ป่า,y
el guardaespaldas,บอดี้การ์ด,y
el guardarraíl,การ์ดเรล ราวเหล็กกันชน,y
el guardarropa,ตู้เสื้อผ้า,
el gueto,สลัม บริเวณที่มีคนอยู่อย่างแออัด,y
el guisante,ถั่วลันเตา,y
el guiso,สตูว์,y
el halcón,เหยี่ยว,y
el hastío,ความน่าเบื่อหน่าย,y
el haz,มัด(ลักษณะนาม) ลำแสง,y
el hazmerreír,สิ่งที่น่าหัวเราะ ตัวตลก,y
el hemisferio,ซีกโลก,y
el heredero,ผู้สืบทอดมรดก,y
el hermanastro,พี่ชายน้องชายต่างพ่อแม่,y
el herpetólogo,ผู้เชี่ยวชาญด้านสัตว์เลื้อยคลาน/งู,y
el hervidero,น้ำพุร้อน น้ำเดือด คึกคัก,y
el hervidor,กาต้มน้ำ,y
el hierro,เหล็ก (!a),y
el hierro forjado,เหล็กอ่อน (เหล็กที่ใช้ทำรั้วระเบียง),y
el higo,ลูกฟิก,y
el hijastro,ลูกติดผู้ชาย,y
el hito,จุดเปลี่ยน จุดหมายสำคัญ,y
el hogar,ที่อยู่อาศัย (!v),y
el hojaldre,พาย,y
el hombro,ไหล่,y
el homenaje,การคารวะ การเคารพ ความเป็นเกียรติ,y
el homínido,สัตว์ตระกูลคน (โฮโม~),y
el hondón,รูรอยด้าย (เข็มเย็บผ้า),y
el hongo,เห็ด เชื้อรา,y
el horario (de reloj),เข็มสั้น,y
el hormigón,ปูน,y
el horno,เตาอบ,y
el hoyo,หลุม (บนพื้น/ไม่ทะลุ),y
"el hoyuelo ",ลักยิ้ม,y
el hoz,เคียว,y
el hueco,หลุม รู ช่องว่าง [ระหว่างชานชาลา],y
el huerto,สวนผักผลไม้ในบ้าน,y
el hueso,กระดูก,y
el huevo frito,ไข่ดาว,y
el huevo revuelto,ไข่คน,y
el huevón,คนขี้เกียจสันหลังยาว คนโง่,y
el huésped,แขก ผู้เข้าพัก,y
el hígado,ตับ,y
el ictus,โรคหลอดเลือดสมอง (en: stroke),y
el impermeable,เสื้อกันฝน (!ch),y
el impuesto sobre la renta,ภาษีเงินได้,y
el imán,แม่เหล็ก,y
el incendio,อัคคีภัย,y
el incisivo,ฟันหน้า,y
el indicio,แนวโน้ม ลาง แวว สัญญาณ,y
el ingreso,รายได้,y
el inmueble,อสังหาริมทรัพย์,y
el inodoro,ส้วม (i),y
el interino,ลูกจ้างชั่วคราว,y
el intermitente,ไฟเลี้ยว,y
el intestino delgado,ลำไส้เล็ก,y
el intestino grueso,ลำไส้ใหญ่,y
el inversor,นักลงทุน,y
el jabalí,หมูป่า,y
el jarabe,น้ำเชื่อม,y
el jarabe de arce,เมเปิลไซรัป,y
el jeroglífico,อักษรภาพ อักษรอียิปต์โบราณ,y
el jirón,ถนน,
el juanete,ตาปลา,y
el juramento,คำสาบาน,y
el juzgado,ศาล (!t),y
el lacrado,ขี้ผึ้ง,y
el ladrido,เสียงเห่า,y
el ladrillo,อิฐ,y
el lagarto,สัตว์เลื้อยคลาน,y
el lago,ทะเลสาบ,y
el lapso,ห้วงเวลา,
el laurel,ใบไม้สำหรับทำมงกุฎผู้ชนะ (ยุคโบราณ),y
el lavavajillas,น้ำยาล้างจาน เครื่องล้างจาน,y
el lazarillo,สุนัขนำทาง (คนตาบอด),y
el lazo,ปม ริบบิน,y
el lecho,เตียงนอน (l),y
el lector,เครื่องอ่าน ตัวอ่าน,y
el legionario,นักรบ กองทหาร,
el león marino,สิงโตทะเล,y
el ligamento,เอ็น,y
el limbo,นรก สถานที่ที่ถูกลืม,
el limpiaparabrisas,ที่ปัดน้ำฝน,y
el lingote,แท่งโลหะ แท่งทอง,y
el lintel,คานทับหลัง คานบนประตู/หน้าต่าง,y
el lirio,ดอกลิลลี่,y
el litoral,ชายฝั่ง (!c),y
el llanto,การร้องไห้,y
el llavero,พวงกุญแจ,y
el lobezno,ลูกหมาป่า,y
el lobo,หมาป่า,y
el locutario,ห้องส่ง (วิทยุ),y
el locutor,ผู้ประกาศข่าว,y
el lomo (de libro),สันหนังสือ,y
el loro,นกแก้ว (!p),y
el lumbago,อาการปวดเอว,y
el lupanar,ซ่อง (!b),y
el luto,การไว้ทุกข์ (!d),y
el lápiz,ดินสอ,y
el límite de velocidad,จำกัดความเร็ว,y
el magistrado,ผู้พิพากษา,y
el magro,เนื้อสะโพก,y
el mamífero,สัตว์เลี้ยงลูกด้วยนม,y
el mando,รีโมท,y
el mango,ด้ามจับ ที่จับ (ของวัตถุ),y
el manicomio,โรงพยาบาลประสาท (ภาษาพูด),y
el manillar,แฮนด์รถจักรยาน,y
el maniquí,หุ่นจำลอง (รูปคน),y
el mantel,ผ้าปูโต๊ะ,y
el mapache,แรคคูน,y
el maracuyá,เสาวรส,y
el marciano,ชาวดาวอังคาร,y
el marco,กรอบรูป,y
el mareo,อาการเวียนหัว เมารถ,y
el marfil,งาช้าง,y
el margen,ช่องไฟ,y
el martillo,ค้อน,y
el matorral,กอไม้ (!พุ่มไม้),y
el maté,เครื่องดื่มละลายน้ำทางละตินอเมริกา,y
el maullido,เสียงร้องเหมียว,y
el mazazo,ระลอกใหญ่ ความเสียหายครั้งใหญ่,y
el mazo,กองไพ่,y
el maíz,ข้าวโพด,y
el megalito,หินยักษ์,y
el mellizo,แฝดเทียม,y
el mendigo,ขอทาน,y
el menhir,หินที่ตั้ง อนุสาวรีย์หินโบราณ,y
el mentón,คาง (!b),y
el mercado laboral,ตลาดแรงงาน,y
el merengue,เมอแร็งก์,y
el mero,ปลากะรัง,y
el meñique,นิ้วก้อย,y
el microorganismo,จุลินทรีย์,y
el milagro,ปาฏิหาริย์,y
el millar,"พัน จำนวนพัน (คำนาม) 1,000",y
el milpiés,กิ้งกือ,y
el minutero,เข็มยาว,y
el mitin,การปราศัย,
el mito,เรื่องโกหก เรื่องหลอกลวง,y
el moco,น้ำมูก,y
el modernismo,ความทันสมัย ความโมเดิร์น,y
el mojón,อุจจาระ,
el molde,แม่พิมพ์,y
el molinillo de café,เครื่องบดเมล็ดกาแฟ,y
el molino,เครื่องโม่,y
el monasterio,วัด อาราม อาคารทางศาสนา (!s),y
el montaje,การประกอบ,y
el montañismo,การปีนเขา,y
el mordisco,การกัด รอยกัด รอยดูด,y
el moretón,รอยฟกช้ำ,y
el mosquitero,มุ้ง,y
el mote,ชื่อเรียก (ชื่อเล่น) (m),y
el moño,มวยผม,y
el mueble zapatero,ชั้นวางรองเท้า,y
el muesli,ซีเรียล (de: das Müsli),y
el mulato,ลูกครึ่งคนผิวดำและขาว,y
el murciélago,ค้างคาว,y
el muro,กำแพงบ้าน,y
el musgo,มอส,y
el muslo,น่อง (ต้นขา) / น่อง (ไก่),y
el muérdago,ต้นกาฝาก มิสเทิลโท,y
el mármol,หินอ่อน,y
el mártir,ผู้ที่ยอมพลีชีพเพื่อความเชื่อ/ศาสนาของตน,y
el nabo,หัวไชเท้า (ขาว),y
el narcotraficante,ผู้ค้ายา (!c),y
el narcotráfico,การค้ายา,y
<div>el naufragio</div>,การอับปาง,y
el neceser,กระเป๋าเก็บเครื่องสำอาง ถุงมีซิปใช้เก็บของ,y
el negro (escritor),นักเขียนในนามของคนอื่น,y
el nerviosismo,อาการวิตกกังวล (n),y
el neumático,ยางรถ,y
el nido,รัง,y
el nieto,หลานชายของปู่ย่าตายาย,y
el nodo,โนด (en: node),y
el nudillo,ข้อนิ้ว,y
el numismático,นักสะสมเหรียญ ที่เกี่ยวกับการสะสมเหรียญ,y
el núcleo,นิวเคลียส,y
el número impar,เลขคี่,y
el número par,เลขคู่,y
el número áureo,อัตราส่วนทองคำ,y
el obispo,บาทหลวง สังฆนายก,y
el ocaso,ยามสนธยา,y
el ocio,สิ่งที่เป็นอดิเรก เวลาว่าง ความบันเทิง การผ่อนคลาย,y
el oculista,จักษุแพทย์,y
el odontólogo,ทันตแพทย์ (!d),y
el oficio,อาชีพ ภาระ งาน บริการ,
el oleaje,เสียงคลื่น,y
el olfato,การรับรู้กลิ่น,y
el ombligo,สะดือ (o),y
el organismo,สิ่งมีชีวิต,y
el orificio,รูเปิด รูเข้า,y
el orzuelo,ตาบวม ตาอักเสบ ตากุ้งยิง,y
el ovario,รังไข่,y
el ovni,UFO,y
el oyente,ผู้ฟัง นักศึกษาซิตอิน,y
el ozono,โอโซน,y
el oído,การได้ยิน,y
el pabellón,อาคารแสดงสินค้า อาคารยิมสนามกีฬา,y
el padrastro,พ่อเลี้ยง (จากแม่แต่งงานใหม่),y
el padrino,พ่อทูลหัว,y
el paisajismo,ภาพวาดทิวทัศน์,y
el paladar,เพดานปาก,y
el palmito,ยอดปาล์ม / ร่างกายที่สวยงาม,y
el paludismo,มาลาเรีย (!m),y
el panadero,คนทำขนมปัง (!b),y
el pancho,พุง (!b),y
el panecillo,ขนมปังก้อน (p) (de: das Brötchen),y
el panqueque,แพนเค้ก,y
el pantallazo,ภาพถ่ายหน้าจอ,y
el pantano,หนองน้ำ (!r),y
el papagayo,นกแก้ว (ตัวใหญ่) (!l),y
el parabrisas,กระจกหน้ารถ,y
el parachoques,กันชน,y
el paradero desconocido,การสูญหายของบุคคล (行方不明),y
el paragüero,ที่ใส่ร่ม ที่วางร่ม,y
el paralelogramo,สี่เหลี่ยมด้านขนาน,y
el pariente,ญาติ (p),y
el parmesano,ชีสพาร์เมซาน,y
el parquímetro,เครื่องวัดที่จอดรถ,y
el parvulario,เนสเซอรี,y
el parón,การหยุดชะงัก,y
el pasamontañas,หมวกไอ้โม่ง,y
el paso a nivel,ทางตัดเสมอระดับ,y
el paso de cebra,ทางม้าลาย,y
el paso elevado,ทางยกระดับ,y
el paso fronterizo,ด่านชายแดน,y
el paso inferior,ทางลอด,y
el pasto,ทุ่งหญ้า ทุ่งเลี้ยงสัตว์,y
el patinaje,การเล่นสเก็ต,y
el patinete,สกูตเตอร์,y
el patio,ชานบ้าน ลานบ้าน,y
el patín,โรลเลอร์สเก็ต (รองเท้า),y
el pavimento,พื้นผิว ผิวถนน,y
el paño,ขนสัตว์,
el peaje,ด่านเก็บค่าทางด่วน,y
el pecado,เรื่องที่ไม่ถูกต้อง,
el pecho,อก,y
el pedante,คนที่ชอบอวดรู้,y
el pedigüeño,คนที่ขี้ขอ,y
el pedo,ผายลม (คำนาม),y
el pegamento,กาว,y
el peine,หวี (คำนาม),y
el peldaño,ขั้น ขั้นบันได,y
el pellizco,การหยิก,y
el peluquín,วิกผม (ของผู้ชาย),y
el pelícano,นกกระทุง,y
el pendiente,ตุ้มหู,y
el percance,อุบัติเหตุ เหตุการณ์,
el perchero,ที่ห้อย (ข้างผนัง),y
el perdigón,ก้อนกลม ๆ ลูกกลม ๆ,y
el perico,นกแก้วเล็ก,y
el periscopio,กล้องส่องของเรือดำน้ำ,y
el perrillo,ไกปืน,y
el perímetro,เส้นรอบรูป (!วงกลม),y
el pescador,ชาวประมง,y
el petardo,ประทัด,y
el petrolero,เรือบรรทุกน้ำมัน,y
el pezón,หัวนม (!t),y
el pibe,เด็ก (ภาษาพูดไม่เป็นทางการ),y
el pico,จงอยปาก,y
el picor,อาการคัน,y
el pilar,แกนหลัก เสาหลัก,y
el pimentón,ผงพริกหยวก,y
el pimiento,พริกหยวก,y
el pincel,พู่กัน,y
el pinchazo,รูรั่ว (ในยางรถ เป็นต้น),y
el pingüino,นกเพนกวิน,y
el pino,ต้นสน,y
el pintalabios,ลิปสติก,y
el pináculo,ยอดอาคาร ยอดแหลมของอาคาร,y
el piojo,เหา,y
el pirata,โจรสลัด,y
el piropo,คำชม (!c),y
el poder ejecutivo,อำนาจบริหาร,y
el poder judicial,อำนาจตุลาการ,y
el poder legislativo,อำนาจนิติบัญญัติ,y
el policía vestido de civil,ตำรวจนอกเครื่องแบบ,y
el politólogo,นักรัฐศาสตร์,y
el polvo,ฝุ่น,y
el polvorón,คุกกี้หยาบ (ชอร์ตเบรด),y
el polígono industrial,เขตอุตสาหกรรม,y
el pomo,ลูกบิดประตู,y
el populacho,มวลชน,y
el porcentaje,ร้อยละ เปอร์เซนต์,y
el porrón,ขวดไวน์แบบมีจงอยสำหรับยกดื่ม,y
el portamaletas,รถเข็นกระเป๋าเดินทาง (ในสนามบิน),y
el portaminas,ดินสอกด,y
el portarrollo,แกนจ่ายทิชชู่,y
el portazo,เสียงกระแทก (เช่น เสียงปิดประตู),y
el portero,พนักงานเปิดประตู,y
el portero automático,แผงออด (ของอพาร์ตเมนต์),y
el prado,สนามหญ้า (๒),y
el preso,นักโทษ,y
el prestigio,ชื่อเสียง เกียรติยศ,y
el presupuesto,ร่างงบประมาณ,y
el pretexto,ข้ออ้าง,y
el primo,ลูกพี่ลูกน้องผู้ชาย,y
el propósito,จุดประสงค์ เป้าหมาย (!o),y
el psicólogo,จิตแพทย์,y
el puesto,ตำแหน่ง (งาน),y
el pulgar,นิ้วโป้ง,y
el pulmón,ปอด,y
el punzón,ที่เจาะรู แท่งเจาะ,y
el pupitre,โต๊ะเรียน,y
el puré,มันบด,y
el puñetazo,การชก,y
el puño,กำปั้น,y
el páncreas,ตับอ่อน,y
"el párpado ",เปลือกตา,y
el párrafo,ย่อหน้า,y
el quehacer,งานเล็ก ๆ,y
el queroseno,น้ำมันก๊าด,y
el queso azul,บลูชีส,y
el queso curado,ชีสดิบ (แบบแข็ง),y
el queso fundido,ชีสแบบละลาย (เช่นในฟองดูว์),y
el queso halloumi,ชีสฮาลูมี,y
el queso tierno,ชีสแบบนุ่ม,y
el quicio,วงกบประตู,y
el quirófano,ห้องผ่าตัด,y
el ramaje,กิ่งก้านสาขา,y
el rascacielos,ตึกระฟ้า,y
el rasgo,บุคลิก ลายเส้น ลักษณะนิสัย,y
el rayo,ฟ้าผ่า (คำนาม),y
el rebelde,กบฏ,y
el rebuzno,เสียงร้องของลา,y
el recibidor,โถงทางเข้า ห้องรับแขก,y
el reciclaje,การรีไซเคิล,y
el recogedor,ที่ตักผง,y
el recorrido,เส้นทาง การเดินทาง,y
el recreo,ช่วงพัก ช่วงเบรก (ในโรงเรียน),y
el referéndum,ประชามติ,y
el refrán,คำพูด ภาษิต คำพังเพย,y
el regadío,การชลประทาน,y
el regocijo,ความสุข ความสนุกสนาน ความเบิกบานยินดี,
el rehén,ตัวประกัน,y
el relato,เรื่องสั้น,y
el relevo,การปลดปล่อย การปลดเปลื้อง การพัก,
el relincho,เสียงร้องของม้า,y
el rellano,ชานพักบันได (!d),y
el reloj de pándulo,นาฬิกาลูกตุ้ม,y
el relámpago,ฟ้าแลบ,y
el remedio,วิธีการรักษา ทางแก้ไข หนทาง ยา,y
el remolcador,เรือลากจูง,y
el renacimiento,เรเนซองส์,y
el rencor,ความแค้น ความเจ็บแค้น,y
el rendimiento,ประสิทธิภาพ (en: performance),y
el renombre,ฉายา ความมีชื่อเสียง,y
el repollo,กะหล่ำปลี,y
el reposapiés,ที่วางเท้า,y
el representante,ตัวแทน,y
el requesón,ชีสริคอตตา,y
el resquicio,รอยแง้มประตู ช่องว่าง,y
el retazo,เศษที่เหลือ เศษเล็กเศษน้อย,y
el reto,โจทย์ปัญหา การท้าทาย (!a),y
el retortijón,ตะคริว (บริเวณท้อง),y
el retrato,ภาพถ่ายบุคคล,y
el retrete,ส้วม (r),y
el retroceso,การถอยกลับ,y
el retrovisor exterior,กระจกข้าง,y
el retrovisor interior,กระจกมองหลัง,y
el riachuelo,ลำห้วย,y
el riego,การรดน้ำต้นไม้,y
el rincón,มุม (หัวมุม),y
el rinoceronte,แรด,y
el riñón,ไต,y
el robellón,เห็ดสน,y
el roble,ต้นโอ๊ก,y
el rocío,น้ำค้าง,y
el ronquido,เสียงกรน,y
el rosetón,หน้าต่างโบสถ์ที่เป็นแฉกวงกลม,y
el rostro,ใบหน้า สีหน้า รูปลักษณ์,y
el rotulador,ปากกาเมจิก,y
el rumiante,สัตว์เคี้ยวเอื้อง,y
el rábano,หัวไชเท้าแดง,y
el régimen,คณะรัฐมนตรี,y
el sacacorchos,ที่เปิดขวดไวน์,y
el sacapuntas,กบเหลาดินสอ,y
el saco,ถุง กระสอบ,y
el safari,ซาฟารี,y
el salpicadero,แผงคอนโซลรถยนต์,y
el saltamontes,ตั๊กแตน,y
el santuario,ปูชนียสถาน สถานที่ศักดิ์สิทธิ์,y
el sapo,คางคก,y
el sauce (árbol),ต้นหลิว,y
el secador,ไดร์เป่าผม,y
el segundero,เข็มวินาที,y
el sello,แสตมป์,y
el semáforo de peatones,สัญญาณไฟคนข้าม,y
el senado,วุฒิสภา,y
el senderismo,ไฮกิง,y
el sendero,ทาง เส้นทาง (s),y
el serrucho,เลื่อย (คำนาม),y
el serrín,ขี้เลื่อย,y
el silbato,หวูด,y
"el sillín ",เบาะ (รถจักรยาน),y
el silo,ฉาง ยุ้งฉาง ที่เก็บผลิตผลทางการเกษตร,y
el sinfín,<b><i><u>(คำนาม)</u></i></b> จำนวนมากมายมหาศาล,y
el siniestro,อุบัติเหตุ เหตุร้าย ภัย,y
el sobrino,หลานชายของลุงป้าน้าอา,y
el socorrista,กู้ภัย กู้ชีพ,y
el solsticio de invierno,เหมายัน,y
el solsticio de verano,ครีษมายัน,y
el sopor,อาการเหนื่อย หมดแรง จำศีล,y
el soporte de cuchillos,ที่เก็บมีด,y
el sorbo,อึก,y
el suavizante,น้ำยาปรับผ้านุ่ม,y
el subordinado,ลูกน้อง (s),y
el subsidio,เบี้ยเลี้ยง เงินช่วยเหลือ,y
el sudor,เหงื่อ,y
el suegro,พ่อตา,y
el sátiro,เทพารักษ์ (en: satyr),
el síntoma,อาการของโรค,y
el sótano,ห้องใต้ดิน,y
el súbdito,พลเมือง,
el taburete,เก้าอี้สูง (หน้าบาร์),y
el tacto,ประสาทสัมผัส,y
el talante,อารมณ์ ทัศนคติ,y
el tampón,ผ้าอนามัย,y
el tapacubos,ดิสก์ล้อรถ แม็ก,y
el tarjetero,ช่องใส่บัตร,y
el tarro,ไห ขวดแก้ว,
el tazón,ถ้วย (!b!c),y
el tañido,เสียงระฆัง,y
el tejado,หลังคา,y
el tejido,ผ้าถัก,y
el telar,เครื่องทอผ้า,y
el telefonillo,โทรศัพท์ (หน้าประตูบ้าน),y
el telón,ผ้าม่านโรงละคร,y
el temporizador,ที่ตั้งเวลา (เครื่องใช้ไฟฟ้า),y
el tendedero,ราวตากผ้า,y
el tenedor,ส้อม,y
el tentáculo,หนวดปลาหมึก (ไม่ใช่ขา),y
el termómetro,เทอร์โมมีเตอร์,y
el terraplén,ทำนบกั้นน้ำ เนินดิน,y
el terreno,ที่ดิน,y
el tesoro,สมบัติ,y
el tiburón,ปลาฉลาม,y
el timbre,ออด,y
el tiritón,การตัวสั่น,y
el tiroteo,การกราดยิง,y
el tobillo,ข้อเท้า ตาตุ่ม,y
el tobogán,สไลเดอร์,y
el tocayo,คนที่มีชื่อเหมือนกัน,y
el tocón,ตอไม้,y
el tomo,หนังสือเล่มหนา,y
el toque de queda,คำสั่งห้ามออกนอกเคหะสถาน,y
el torneo,ทัวร์นาเมนต์,y
el tortellini,พาสต้าแบบห่อที่ขด ๆ เป็นรูปวงแหวน สอดไส้,y
el trabalenguas,早口言葉,y
el tractorista,คนขับรถแทรกเตอร์,y
el tragaluz,หน้าต่างรับแสง,y
el traje,ชุดสูท,y
el transepto,ส่วนปีกของอาคารโบสถ์ (แนวนอนของกางเขน),y
el transeúnte,คนเดินถนน (!v!p),y
el tranvía,รถราง,y
el trapecio,สี่เหลี่ยมคางหมู,y
el trapo,ผ้าขี้ริ้ว(แห้ง),y
el trastorno,โรค ความผิดปกติ,y
el trastorno del sueño,ความผิดปกติในการนอนหลับ,y
el trauma,บาดแผล (ในกาย/ในใจ),y
el tribunal de apelación,ศาลอุธรณ์,y
el tribunal de primera instancia,ศาลชั้นต้น,y
el tribunal supremo,ศาลฎีกา,y
el trigo,ธัญพืช,y
el trineo,เกวียนเลื่อนไม่มีล้อ รถลากเลื่อนในหิมะ,y
el tripulante,คนงาน ลูกเรือ,y
el triángulo amoroso,รักสามเส้า,y
el trofeo,ถ้วยรางวัล,y
el tronco,ลำต้น (ต้นไม้),y
el truco,ทริค กล,y
el trueno,ฟ้าร้อง,y
el trueque,การแลกเปลี่ยนสินค้า,y
el trébol (de una carta),(ไพ่) ดอกจิก,y
el tríceps,กล้ามเนื้อไตรเซป,y
el tul,ผ้าบาง เนื้อละเอียด (เช่นใช้คลุมหน้าเจ้าสาวในงานแต่งงาน),y
el tándem,ทีม ทีมคู่,
el tétanos,โรคบาดทะยัก,y
el tímpano,แก้วหู,y
el tórax,ทรวงอก ช่องอก,y
el túnel,อุโมงค์,y
el umbral,ธรณีประตู ขอบเขต,y
el vagabundo,คนไร้บ้าน,y
el vaho,ลมหายใจ (!a),y
el varón,ตัวผู้,y
el velatorio,พิธีเฝ้าศพ,y
el velcro adhesivo,ตีนตุ๊กแก,y
el vello,ขน (ร่างกาย),y
el venado,กวาง (v),y
el vendaje,ผ้าพันแผล ผ้าก๊อซ,y
el vendedor,พนักงานขาย เซล,y
el verdugo,เพชฌฆาต,y
el veredicto,คำพิพากษา คำตัดสิน,y
el vestuario,ห้องลอกเกอร์ ห้องเปลี่ยนชุด,y
el vestíbulo,ลอบบี้ โถงอาคาร,y
el veterinario,สัตวแพทย์,y
el viandante,คนเดินเท้า (!t!p),y
el vidrio,แก้ว (วัสดุ),y
el vientre,สะดือ (v),y
el vigor,ความมีประสิทธิภาพ,
el visado,วีซ่า,y
el viñedo,ไร่องุ่น,y
el volante,พวงมาลัย,y
el volcán,ภูเขาไฟ,y
el voleibol,วอลเลย์บอล,y
el vértigo,อาการเวียนหัว,y
el yacimiento,ซากโบราณสถาน,y
el yerno,ลูกเขย,y
el yeso,พลาสเตอร์,y
el zapatero,ช่างรองเท้า,y
el zodiaco,จักรราศี,y
el zócalo,ส่วนหิน/อิฐที่ผนัง,y
el Ártico,อาร์กติก (ขั้วโลกเหนือ),y
el ámbito,สายงาน (en: field),y
el árbitro,กรรมการ,y
el átomo,อะตอม,y
el índice,นิ้วชี้,y
el/la friki,คนแปลก ๆ เนิร์ด,y
elogiar,ยกย่อง ชื่นชม สรรเสริญ,y
eludir,หนี หลบหลีก (e),y
embobar,ทำให้ประหลาดใจ ทำให้หลง,y
empachar,ทำให้เบื่อ ทำให้อาย ไม่ย่อย,y
empadronarse,ลงทะเบียนเป็นผู้อยู่อาศัย,y
empalagoso,หวานเลี่ยน น่าสะอิดสะเอียน,y
empalmar,เชื่อม ต่อ,
empapado,เปียกโชก (!m),y
empañarse,เป็นฝ้า ขึ้นฝ้า,y
empinado,ชัน,y
emprender,เริ่ม (ธุรกิจ),y
en cuanto,ทันทีที่,y
en plan,ราวกับ เหมือน ในฐานะ (!c),y
en vilo,หยุด เฝ้าคอยอย่างใจจดใจจอ ในสภาวะลุ้น การชะงัก,
encajar,เข้าได้พอดี เสียบลงพอดี,y
encandilar,ทำให้ตามัว ทำให้ทึ่ง,y
encargarse,รับผิดชอบ ทำหน้าที่ (en: handle),y
encasquetar,ยัดเยียด,y
encogerse,ย่อ ยกมือไม่รู้,y
encontrar la horma del zapato,(สำนวน) เจอคู่แท้ เจอคนที่ใช่,
encorvarse,นั่งหลังค่อม,y
endógeno,ที่เกิดภายในสิ่งมีชิวิต,y
enfurecerse,โกรธ,
enganchar,เกี่ยว เกี่ยวขอ คว้า ฉวย,y
engordar,อ้วนขึ้น,y
enjaular,จับเข้ากรง,y
enjuto,ลีน ผอมมาก (!~b~),y
enmendar,ปรับเปลี่ยน แก้ไข ทำให้ถูกต้อง,
ennegrecer,ทำให้เป็นสีดำ,y
enredar,พันกัน หวันกัน,y
enriquecer,ทำให้รวย,y
enseguida,ทันที,y
ensombrecer,ให้ร่มเงา ทำให้มืด,y
entrar en vigor,เริ่มบังคับใช้ (施行),y
entrañar un riesgo,มีความเสี่ยง,y
entregarse,มอบตัว,y
entretener,ทำให้สนุกสนาน (en: entertain),y
entristecer,ทำให้เศร้า,y
entumecer,ชา ทำให้เหน็บชา (!ให้ยาชา),y
envejecer,แก่ขึ้น (กริยา),y
envenenar,วางยาพิษ ใส่ยาพิษ,y
enésimo,ที่มากมาย (e),y
erguir,ยืนขึ้น,
eructar,เรอ,y
erudito,ที่คงแก่เรียน ที่มีความรู้,y
esbelto,ผอมเพรียว สลิม,y
esbozar,สเก็ตช์ภาพ,y
escalonado,ซึ่งเป็นขั้นเป็นตอน ที่เป็นชั้น ๆ,y
escalonar,ทำให้เป็นระเบียบ ทำให้เป็นขั้นเป็นตอน,y
escampar,ฟ้าสาง,y
escaso,ที่ขาดแคลน (คุณศัพท์ของ escasez),y
escatimar,หวง ประหยัด,y
escrutar,นับ คิด วิเคราะห์ (e),y
esculpir,แกะสลัก,y
escupir,ถ่มน้ำลาย,y
esfumar,ทำให้เบลอ ทำให้อ่อนลง,y
eslovaco,ที่เกี่ยวกับสโลวาเกีย,y
espantar,ไล่ (แมลง) ทำให้กลัว,y
espiar,(v.) สืบ ทำเป็นสายลับ,y
esporádico,(adj.) โดยบังเอิญ เป็นครั้งคราว,y
estafar,หลอกลวง ฉ้อกล,y
estamparse,ชน,
estancar,ทำให้ยืดยาว คงสภาพไว้ ป้องกันไว้,y
estar a dos velas,(สำนวน) ขาดแคลน มีไม่เพียงพอ ไม่มีเงิน,y
estar a tiempo,ยังมีเวลาเหลือ,y
estar como pez en el agua,สบายมาก รู้สึกดี ปลอดภัย สบาย อยู่ในสภาพแวดล้อมที่ผ่อนคลาย (สำนวน !salsa),y
estar como un flan,กังวล (สำนวน estar como ~),y
estar como una cabra,บ้า,
estar como una gamba,โดนแดดเผา ดำแดด (สำนวน estar como ~),y
estar cuatro gatos,(สำนวน) มีคนน้อย,y
estar de uñas,ทำท่าไม่เป็นมิตร,y
estar en celo,ติดสัด,y
estar en su salsa,อยู่ในที่ที่คุ้นเคย อยู่ในสภาพแวดล้อมที่เหมาะสม (สำนวน estar en ~),y
estar flipando,ตกใจสุดขีด,
estar forrado,รวยมาก (สำนวน),y
estar hasta en la sopa,(สำนวน) โผล่ทุกที่ ซ้ำ ๆ เจอได้บ่อย ๆ,y
estar tirado,ราคาถูก ง่าย,
esterilizar,ทำหมัน,y
estirar,ยืด ดึงออก,y
estornudar,จาม,y
estrenar,ใช้เป็นครั้งแรก,y
estrujar,บีบ คั้น โอบ ประคอง,y
estupefacto,ที่ประหลาดใจ ที่อึ้งจนพูดไม่ออก,y
estéril,ที่เป็นหมัน,y
exagerar,พูดเกินจริง,y
excavar,ขุดค้น ขุด(เพื่อเอาแร่),y
exhortar,กระตุ้น เคี่ยวเข็ญ,y
exigir,ต้องการ (e),
extenuar,ทำให้เหนื่อยหอบ สูบพลัง,y
extrapolar,นำมาพาดพิง (e),y
extraterrestre,ที่มาจากนอกโลก,y
extraviarse,หลงทาง (e),y
exógeno,ที่เกิดภายนอกสิ่งมีชิวิต ที่ไม่เป็นธรรมชาติ,y
eólico,(คุณศัพท์)ที่เกี่ยวกับลม,y
fastidiar,ทำให้หงุดหงิด,y
fatuoso,ฟุ่มเฟือย,y
fecundar,ผสมพันธ์ (สัตว์) (en: fertilise ≠ es: fertilizar),y
ferroviario,ที่เกี่ยวกับรถไฟ,y
fetén,ยอดเยี่ยม เจ๋ง,
fiarse de,เชื่อถือ (f),y
filial,ที่เกี่ยวกับลูก,y
fingir,แกล้ง ทำเป็น แสร้ง,y
flagelar,เฆี่ยนตี,y
flemático,เฉื่อยชา,y
formidable,ยอดเยี่ยม,
fracasar,ล้มเหลว ไม่ประสบความสำเร็จ (!fll),y
fregar,ถู (พื้น),y
frenar,หยุด เบรก (f),y
frenético,อย่างบ้าคลั่ง หนักหน่วง,y
frondoso,ดก,y
frotar,ถู ขัด,y
fucsia,สีบานเย็น,y
fugaz,(adj) ซึ่งเป็นช่วงเวลาสั้น ๆ,y
fulminar,"โจมตี ฆ่า (!m, !a)",y
fértil,ที่สามารถมีลูกได้,y
fúnebre,เกี่ยวกับงานศพ,y
galadonar (con ~),ตอบแทนรางวัล,y
garrafal,ยิ่งใหญ่ แย่ ใหญ่หลวง (!m),y
gemir,คราง,y
gestionar,จัดการ,
granizar,(ลูกเห็บ)ตก,y
grueso,หนา,y
guiñar,ขยิบตา วิ้ง (!กระพริบตา),y
gutural,ที่เกี่ยวกับเสียงที่เกิดจากลำคอ,y
gélido,ที่เป็นน้ำแข็ง,y
haber gato encerrado,น่าสงสัย มีลับลมคมใน (สำนวน),y
hacer el equipaje,จัดกระเป๋า,y
hacer furor,มีอิทธิพลต่อคนส่วนมาก,
hacer hincapié,เน้นย้ำ,
hacer la compra,ซื้อของชำของใช้ ไปซูเปอร์,y
hacer pellas,โดดเรียน,y
hacer un frío que pela,หนาวจัด (สำนวน),y
hambriento,ที่หิวโหย,y
heredar,สืบทอด,
hervir,ต้ม,y
heterodoxo,ที่ไม่เห็นด้วยกับความเชื่อทางศาสนา ที่ไม่เป็นไปตามกฤษฎี ที่นอกคอก,y
hidráulico,ไฮดรอลิก,y
hinchar,เป่าลม,y
hispalense,ที่มาจาก Sevilla / คำคุณศัพท์ของ Sevilla,y
holgazanear,นั่ง ๆ นอน ๆ ไม่ทำอะไร ทำตัวขี้เกียจ,y
hortera,รสนิยมต่ำ ไร้ค่า,y
hortofrutícola,เกี่ยวกับผลผลิตทางการเกษตร,y
hostigar,รังแก ทรมาน รบกวน ทำให้รำคาญ (h),y
humilde,ที่สุภาพ อ่อนน้อมถ่อมตน (!a!m),y
hundirse,จม,y
hurtar,ขโมย (!r),y
idílico,งดงามตามธรรมชาติ งดงามและสงบสุข,y
ileso,ซึ่งไม่ได้รับอันตราย,y
impasible,ที่ไม่แสดงอารมณ์ ไม่ดูทุกข์ร้อน,y
importar un comino,ไม่สำคัญ (สำนวน importar ~),y
imprevisible,คาดเดาไม่ได้ ทำนายไม่ได้,y
imprudente,ประมาท เลินเล่อ ไม่รอบคอบ (คำคุณศัพท์),y
inaugurar,เปิด เริ่ม (สถานที่),y
incitar,ยั่วยุ กระตุ้น เร้าให้เกิด,y
incoloro,ที่ไม่มีสี,y
inculcar,ปลูกฝัง สั่งสอน,y
indispensable,ที่ขาดไม่ได้ ที่สำคัญ,y
indistintamente,อย่างเท่ากัน โดยเท่ากัน,
infringir,ละเมิด,(!v)
ingenioso,ฉลาด,
inmenso,มโหฬาร มหึมา (i),y
inmolar,สังเวย บูชายัญ,y
inodoro,ที่ไม่มีกลิ่น,y
inquietante,(adj.) ที่ไม่น่าสบายใจ ที่น่ากังวลใจ,y
inquieto,ที่ลนลาน ที่ไม่อยู่นิ่ง (i),y
instruir,อบรม ฝึก สอน,y
insípido,จืด ที่ไม่มีรสชาติ,y
interminable,ไม่จบไม่สิ้น,y
intuir,หยั่งรู้ รู้สึกโดยสัญชาตญาณ,y
invernal,(adj) ที่เกี่ยวกับฤดูหนาว,y
ir de compras,ไปชอปปิง,y
ir de copas,ไปดื่มเหล้า,y
ir de empalme / ir de empalmada,การทำสิ่งหนึ่งสิ่งใดโดยเพิ่งเสร็จกิจกรรมก่อนหน้า,y
ir de picos pardos,ไปเที่ยว (สำนวน),y
irse por los cerros de Úbeda,พูดไปเรื่อย ตอบเลี่ยงประเด็น ออกทะเล,y
jadear,หอบ หายใจเฮือก,y
jerosolimitano,ที่เกี่ยวกับเยรูซาเล็ม,y
jobar,รบกวน ทำให้รำคาญ,
jorobarse,ทน,
judío,ที่เกี่ยวกับชาวยิว,y
la Antártica,ทวีปแอนตาร์กติกา (ขั้วโลกใต้),y
la Audiencia Provincial,ศาลอุธรณ์ (สเปน),y
la Bahía de Hudson,อ่าวฮัดสัน,y
la Ertzaintza,ตำรวจแคว้นบาสก์,y
la abdicación,การสละราชสมบัติ,y
la abeja,ผึ้ง,y
la abeja reina,นางพญาผึ้ง,y
la abreviatura,คำย่อ,y
la abstención,งดออกเสียง,y
la aceitera,ที่ใส่น้ำมัน,y
la acelga,ผักชาร์ด,y
la acequia,รางน้ำ คูน้ำ,y
la acrofobia,โรคกลัวความสูง,y
la acuarela,สีน้ำ,y
la aduana,ศุลกากร,y
la afeitadora,ที่โกนหนวด,y
la agarradera,ที่จับ (!m),y
la aglomeración,กอง ทะเนิน หมู่ ฝูง,y
la aguja,เข็มเย็บผ้า,y
la ala,ปีก,y
la alacena,ตู้ ชั้นวาง,y
la alarbarda,ง้าว,y
la albóndiga,ลูกชิ้น,y
la alcachofa,อาร์ติโชก,y
la alcantarilla,ท่อระบายน้ำ,y
la aldea,หมู่บ้านเล็ก ๆ เมืองเล็ก ๆ,y
la alfarería,ศิลปะการปั้นเครื่องปั้นดินเผา,y
la alfombra,พรม,y
la alfombrilla,แผ่นรองเมาส์,y
la alhabaca,กะเพรา,y
la almohada,หมอน,y
la alusión,การพาดพิง การอ้างถึง,
la angustia,ความเครียดวิตกกังวล อาการคลื่นไส้,y
la antelación,การแจ้งให้ทราบ,y
la antorcha,ไฟฉาย คบไฟ,y
la antropología,มานุษยวิทยา,y
la apendicitis,ไส้ติ่งอักเสบ,y
la ardilla,กระรอก,y
la arenisca,หินทราย,y
la aristocracia,การปกครองโดยชนชั้นสูง,y
la armonía,ฮาร์โมนี การประสานกัน,y
la arrocera,หม้อหุงข้าว,y
la arruga,รอยพับ รอยยับ รอยย่อน,y
la arteria,เส้นเลือดแดง,y
la artesanía,ศิลปหัตถกรรม,y
la artrosis,โรคข้อเสื่อม,y
la asfixia,อาการหายใจไม่ออก,y
la aspiradora,เครื่องดูดฝุ่น,y
la astilla,เสี้ยน,y
la atmósfera,ชั้นบรรยากาศ,y
la autoescuela,โรงเรียนสอนขับรถ,y
la autopista,ทางด่วน (เก็บค่าผ่านทาง),y
la autopsia,การชันสูตรศพ,y
la autovía,ทางหลวง,y
la avellana,เฮเซลนัท,y
la avena,ข้าวโอ๊ต,y
la aversión,ความเกลียดชัง ความขยะแขยง,
la axila,รักแร้,y
la azafata,แอร์โฮสเตส พนักงานต้อนรับบนเครื่องบิน,y
la azotea,ดาดฟ้า,y
la baguete,ขนมปังบาเกต์ฝรั่งเศส,y
la baldosa,กระเบื้อง,y
la ballena,ปลาวาฬ,y
la bandeja,ถาด,y
la barandilla,ราวจับ,y
la barbilla,ปลายคาง,
la barraca,กระท่อม,y
la barrera,ไม้กั้น ที่กั้นบนถนน,y
la barriga,พุง ท้อง (b),y
la bata,เสื้อคลุมอาบน้ำ เสื้อคลุมนอน,y
la batidora,เครื่องตี มิกเซอร์,y
la bayeta,ผ้าเช็ดโต๊ะ ผ้าขี้ริ้ว(หมาด),y
la bellota,ลูกโอ๊ก,y
la berenjena,มะเขือม่วง,y
la billetera,กระเป๋าเงิน (!c),y
la bisagra,บานพับ (!g),y
la boa,งูเหลือมทางอเมริกาใต้,y
la bocina,แตร (b),y
la bodega,โรงกลั่นไวน์,y
la bofetada,การตบด้วยฝ่ามือ (คำนามของ abofetear),y
la bombana de gas,ถังแก๊ส,y
la bombilla,หลอดไฟ,y
la borrasca,พายุดีเปรสชั่น,y
la boya,ทุ่นกลางทะเล,y
la boñiga,ขี้วัว ขี้ควาย,y
la brigada,ชุดปฏิบัติการ,y
la brillantina,กากเพชร (b),y
la brisa,ลมอ่อน ๆ สายลม,y
la brocheta,อาหารประเภทเสียบไม้,y
la bruja,แม่มด,y
la brújula,เข็มทิศ,y
la buhardilla,ห้องใต้หลังคา (!d),y
la burbuja,ฟอง,y
la butaca,เก้าอี้นวม,y
la báscula colgante,ตาชั่งแบบแขวน,y
la bóveda,หลังคาโค้ง ส่วนคานเพดานที่โค้ง,y
la cabalgata,พาเรด(ของสามกษัตริย์),y
la cabra,แพะ,y
la cadera,สะโพก,y
la cafetera,เครื่องทำกาแฟ,y
la caja de cambios automática,เกียร์อัตโนมัติ,y
la caja de cambios manual,เกียร์ธรรมดา,y
la cala,ส่วนเว้าของชายหาด,y
la calabaza,ฟักทอง,y
la calavera,หัวกะโหลก (ศิลปะ),y
la calima,พายุทราย เมฆหมอก ฝุ่นควัน,y
la calle de sentido único,ถนนเดินรถทางเดียว,y
la calle sin salida,ทางตัน,y
la callejuela,หุบเขา ถนนแคบ ๆ,y
la campana extractora,เครื่องดูดอากาศ,y
la campanilla,ลิ้นไก่ (!u),y
la cana,ผมหงอก,y
la canasta,ตะกร้า ห่วงบาสเกตบอล,y
la canica,ลูกแก้ว,y
la cantera,เหมืองหิน,y
la capucha,ฮูด หมวก,y
la cara (de la moneda),ด้านหัวของเหรียญ,y
la carencia,ความขาดแคลน (c),y
la carnicería,ร้านขายเนื้อ,y
la carpeta,แฟ้ม,y
la carretera preferente,ทางเอก,y
la cartera,กระเป๋าเงิน (!b),y
la casa adosada,ทาวน์เฮาส์,y
la caspa,รังแค,y
la castaña,เกาลัด,y
la catarata,น้ำตก,y
la cavidad,หลุม โพรง แอ่ง ถ้ำ,
la cazuela,หม้อต้ม,y
la caída,การร่วงหล่น,y
la caña de azúcar,อ้อย,y
la cebada,ข้าวบาร์เลย์,y
la ceca,โรงกษาปณ์,y
la ceja,คิ้ว,y
la celda,ห้องขัง กรงขัง,y
la ceniza,ขี้เถ้า,y
la cepa,สายพันธุ์,y
la cereza,เชอร์รี,y
la cerradura,กลอนประตู,y
la certeza,ความแน่นอน ความถูกต้อง (คำนามของ cierto),y
la cesárea,การผ่าคลอด,y
la chancla,รองเท้าแตะ,y
la chapa,แผ่นโลหะ ฝาขวด เหรียญตรา,y
la chatarra,เศษชิ้นส่วน เศษขยะ,
la chilaba,ชุดคลุมแบบโมร็อกโก,y
la chimenea,ปล่องไฟ,y
la chirimoya,น้อยหน่าเทศ,y
la chuchería,ขนมหวาน,y
la cicatriz,แผลเป็น,y
la cigüeña,นกกระสา,y
la cima,ยอดเขา (c~!b),y
la cinta andadora,เครื่องลู่วิ่ง,y
la cinta métrica,สายวัด / ตลับเมตร (!f),y
la cintura,เอว,y
la circunferencia,เส้นรอบวง,y
la ciruela,ลูกพลัม ลูกพรุน,y
la cista,หลุมเก็บของโบราณ หลุมศพโบราณ,y
la cisterna,แทงก์น้ำ,y
la cita (palabra),การอ้างถึง โควต,y´
la clara,ไข่ขาว,y
la claustrofobia,โรคกลัวที่แคบ,y
la clavícula,กระดูกไหปลาร้า,y
la cláusula,ข้อกำหนด (เงื่อนไข),y
la coca,ขนมปังที่เป็นเบเกอรี่แบน ๆ,y
la codorniz,นกกระทา,y
la cohesión,การทำงานร่วมกัน การประสานกัน,
la colcha,ผ้าคลุมเตียง,y
la colilla,ก้นบุหรี่,y
la colleja,การตบง่อน,y
la colonia,น้ำหอม (!p),y
la columna,กระดูกสันหลัง เสาค้ำ,y
la comarca,ภูมิภาค ขอบเขต บริเวณ,y
la cometa (astronomía),ดาวหาง,y
la cometa (juguete),ว่าว,y
la comidilla,เรื่องพูดคุย ประเด็นพูดคุย (en: talk of the town),y
la comisura,มุม (อวัยวะ เช่น มุมปาก),y
la comitiva,กลุ่มผู้ติดตาม,y
la comodidad,การอำนวยความสะดวก สิ่งอำนวยความสะดวก,y
la competencia,การแข่งขัน,y
la compostura,การซ่อมแซม,
la conducta,พฤติกรรม สันดาน,y
la conmoción,ช็อก สภาวะตกใจ,y
la contraventana,บานเกล็ดหน้าต่าง,y
la contusión,ช้ำใน,y
la conífera,พืชจำพวกสน,
la copa (de planta),ยอดไม้,y
la cordialidad,ความเป็นมิตร ความอบอุ่น ความเป็นกันเอง,y
la cordillera,เทือกเขา (ขนาดใหญ่) (!s),y
la cornamusa,ปี่,y
la cornisa,บัวเพดาน,y
la correa,เข็มขัด,
la corriente,กระแส(น้ำ),y
la corteza,พื้นผิว เปลือกหุ้ม เปลือกโลก,y
la cortina,ผ้าม่าน,y
la costilla,ซี่โครง,y
la costra,ขอบ ชั้น (เช่น ผิวชีส),y
la crema de avellanas y chocolate,ครีมถั่วเฮเซลนัทช็อกโกแลต (นูเทลลา),y
la cremallera,ซิป,y
la cresta (de gallo),หงอนไก่,y
la crisis,วิกฤต,y
la cruz (de la moneda),ด้านก้อยของเหรียญ,y
la cuchara,ช้อน,y
la cuenca,ลุ่มน้ำ,y
la cuerda,เชือก,y
la cuesta,เนิน,y
la cuestión,ประเด็น,y
la cumbre,จุดสูงสุด ยอดเขา (!cm),y
la cuna,เปล,y
la cuneta,คู ท้องร่องข้างถนน,y
la curva muy cerrada,โค้งหักศอก,y
la cuñada,พี่สะใภ้ น้องสะใภ้,y
la cáscara,เปลือก,y
la célula,เซลล์,y
la cúpula,โดม,y
la deflación,เงินฝืด,y
la delincuencia,การประพฤติไม่ดี,y
la dentadura postiza,ฟันปลอม,y
la depuradora,โรงบำบัดน้ำเสีย,y
la deriva,การเลื่อน การล่องลอยไป,y
la desalación,กระบวนการแยกเกลือออกจากน้ำ,y
la descortesía,การเสียมารยาท,y
la deshidratación,อาการขาดน้ำ,y
la desolación,การทิ้งร้าง ความเศร้าโศก,
la deuda,หนี้สิน,y
la diadema,ที่คาดผม,y
la diarrea,ท้องร่วง ท้องเสีย,y
la diatomita,ดินเบา,y
la dicotomía,การแบ่งเป็นสอง,y
la dieta,ไดเอ็ต พฤติกรรมการรับประทานอาหาร,y
la difteria,โรคคอตีบ,y
la difusión,การกระจาย,y
la dimisión,การลาออกจากตำแหน่ง (d),y
la dirección (de la empresa),ฝ่ายบริหาร (ของบริษัท) (d),y
la discrepancia,ความไม่ลงรอยกัน ความขัดแย้งกัน,
la diáspora,การอพยพถิ่นฐานของชาวยิว,y
la emblema,ตรายี่ห้อรถ,y
la emboscada,การซุ่มโจมตี,y
la emisora,สถานีวิทยุโทรทัศน์กระจายเสียง,y
la empinada,ทางชัน (e),y
la encadenación,ความเชื่อมต่อกัน,
la encimera de gas,เตาแก๊ส,y
la encimera eléctrica,เตาไฟฟ้า,y
la encrucijada,ทางแยก,y
la encía,เหงือก,y
la epidemiología,ระบาดวิทยา,
la epilepsia,โรคลมบ้าหมู,y
la escala lineal,สเกลเชิงเส้น,y
la escala logarítmica,สเกลลอการิธึม,y
la escalera de caracol,บันไดวน,y
la escama,เกล็ด (หนังสัตว์),y
la escarcha,เหมยขาบ,y
la escasez,การขาดแคลน (e),y
la escoba,ไม้กวาด,y
la escobilla,แปรงขัดส้วม,y
la escolopendra,ตะขาบ (!c),y
la escuadra,ไม้ฉาก,y
la esencia,แก่น สาระสำคัญ,y
la espinilla,หน้าแข้ง,y
la espumadera,ทัพพีแบบมีรู,y
la espátula,ช้อนแบน ที่ฉาบปูน ทัพพีเปปังยากิ,y
la estampida,ความแตกตื่น ความโกลาหล,y
la estantería,ชั้นหนังสือ,y
la estatua,รูปปั้น อนุสาวรีย์,y
la estatura,ความสูง (ไม่ใช่ altura),y
la estrella fugaz,ดาวตก,y
la estufa,เตา,
la estética,สุนทรียศาสตร์,y
la etapa,ช่วง ยุค เฟส (et),y
la etimología,นิรุกติศาสตร์ (ศึกษาที่มาของคำ),y
la eutanasia,การุณยฆาต,y
la excavadora,รถขุดเจาะ รถเจาะถนน,y
la expectativa,ความคาดหวัง,y
la expedición,การสำรวจ ออกเดินทางไกล,y
la factura,ใบแจ้งหนี้,y
la falcata,กริช ดาบโบราณ,y
la fama,ชื่อเสียง (!r),y
la farola,เสาไฟ ประภาคาร,y
la fatiga,อาการเหนื่อยล้า,
la fauna,สัตว์ประจำถิ่น,y
la feria,แฟร์ มหกรรม,y
la ferretería,ร้านขายอุปกรณ์เครื่องมืองานช่าง,y
la fiambrera,ปิ่นโต,y
la ficha,ป้ายแท็ก สิ่งที่ใช้แทนสกุลเงิน เหรียญตรา(ในเกม เป็นต้น),y
la fidelidad,ความซื่อสัตย์ (f),y
la firma,ลายเซ็น,y
la flagelación,การเฆี่ยนตี การลงแส้ (คำนาม),y
la flauta,ขลุ่ย,y
la flecha,ลูกศร,y
la flojera,ความอ่อนแรง ความง่วงซึม,y
la flota,ขบวน (ยานพาหนะ) กองเรือ กลุ่มรถ,y
la foca,แมวน้ำ,y
la fondue,ฟองดูว์,y
la fosa,หลุมศพ คูน้ำรอบปราสาท,y
la fosa de las Marianas,ร่องลึกมาเรียนา,y
la fractura,กระดูกหัก,y
la franja,เส้น ขอบ กรอบ เขตแดน ชิ้นยาว ๆ (f),y
la fregona,ไม้ถูพื้น,y
la freidora,เครื่องทอด,y
la frente (del cuerpo),หน้าผาก,y
la furgoneta,รถตู้,y
la furia,ความเกรี้ยวกราด (!i!a),y
la gacha,สิ่งที่บด อาหารบด,y
la galanga,ข่า,y
la gama,ห้วง สเปกตรัม,y´
la ganancia,กำไร ผลประโยชน์,y
la garra,กรงเล็บ,y
la garrapata,เห็บ,y
la gaviota,นกนางนวล,y
la gerencia,ตำแหน่งบริหาร (g),y
la gestión,การบริหาร จัดการ,y
la glándula,ต่อม,y
la glándula tiroides,ต่อมไทรอยด์,y
la golosina,ลูกกวาด,y
la goma,ยาง,y
la gota,หยด(น้ำ) (คำนาม),y
la granada,ทับทิม,y
la grapadora,ที่เย็บกระดาษ,y
la gripe,ไข้หวัดใหญ่,y
la gripe del pollo / la gripe aviar,ไข้หวัดนก,y
la grulla,นกกระเรียน,y
la grúa,รถเครน รถลากจูง,y
la guardia de tráfico,ตำรวจจราจร (รักษากฎหมาย),y
la haba,ถั่วฝัก ถั่วปากอ้า,y
la hamaca,เปลญวน,y
la harina,แป้ง,y
la hebilla,หัวเข็มขัด,y
la hembra,ตัวเมีย,y
la hepatitis,โรคตับอักเสบ,y
la herida,แผลบาดเจ็บ,y
la hermanastra,พี่สาวน้องสาวต่างพ่อแม่,y
la hermorragia nasal,เลือดกำเดา,y
la hernia discal,โรคหมอนรองกระดูกทับเส้นประสาท,y
la hijastra,ลูกติดผู้หญิง,y
la hipoteca,การจำนอง,y
la hipotermia,ภาวะตัวเย็นเกิน,y
la hoguera,กองไฟ,y
la horma,แม่พิมพ์รองเท้า,y
la hormiga,มด,y
la hortofruticultura,การทำเกษตรกรรม (!a),y
la hucha,กระปุกออมสิน,y
la huelga,ประท้วง (สไตรค์),y
la huerta,ที่ดินเพาะปลูก ไร่นา,y
la humillación,ความน่าละอายใจ ความอัปยศอดสู,y
la ikurriña,ธงแคว้นบาสก์,y
la inauguración,งานเปิดตัว,y
la incertidumbre,ความไม่แน่นอน ความไม่มั่นใจ (!~dad),y
la incineración,การเผาศพ,
la incredulidad,ความไม่เชื่อถือ ความกังขา ความสงสัย (!~e),y
la infracción,การละเมิด การทำผิดกฎหมาย (!v),y
la ingle,ขาหนีบ ต้นขา ง่ามขา,y
la iniciativa,การริเริ่ม ความเป็นผู้นำ,y
la intervención,การแทรกแซง,y
la intriga,แผนชั่ว แผนร้าย พล็อตเรื่อง ความขี้สงสัย,y
la ira,ความโกรธแค้น,y
la isla de Pascua,เกาะอีสเตอร์,y
la isleta,เกาะกลางถนน,y
la jarapa,ผ้าถักหลายสี (ทางละตินฯ),y
la jefatura,ความเป็นผู้นำ,y
la jerarquía,ความเป็นลำดับขั้น (en: hierarchy),y
la jeringa,เข็มฉีดยา,y
la judía,ถั่ว ถั่วแขก,y
la ladera,ชันของภูเขา,y
la laguna,ทะเลสาบ จุดอ่อน ช่องโหว่,y
la lanzadera,ชัตเติลบัส,y
la lavadora,เครื่องซักผ้า,y
la lealtad,ความซื่อสัตย์ (l),y
la leche condensada,นมข้นหวาน,y
la leguminosa,พืชตระกูลถั่ว,y
la lejía,น้ำยาทำความสะอาด,y
la lengua vehicular,ภาษากลาง,y
la leña,หลัว ฟืน,y
la libra,ปอนด์,y
la libreta,สมุดบันทึก,y
la licuadora,เครื่องปั่น,y
la liebre,กระต่ายป่า,y
la lima de uñas,ตะไบเล็บ,y
la litera,เตียงสองชั้น,y
la llaga,แผลเปื่อย,y
la llanta,ล้อรถ (เฉพาะด้านใน),y
la llanura,ที่ราบ,y
la llave inglesa,ประแจ,y
la llovizna,ฝนอ่อย,y
la loma,ภูเขาลูกเล็ก ๆ,y
la lombriz,หนอน (!o),y
la longaniza,ไส้กรอก,y
la losa,แผ่นหิน (ที่ใช้ทำพื้นอาคาร),y
la luna de miel,ฮันนีมูน,y
la lupa,แว่นขยาย,y
la lápida,ศิลาหน้าหลุมศพ,y
la maceta,กระถางต้นไม้,y
la madera,ไม้,y
la madrastra,แม่เลี้ยง (จากพ่อแต่งงานใหม่),y
la madrina,แม่ทูลหัว,y
la magdalena,คัปเค้ก,y
la mampara,ฉากกั้น,y
la manada,ฝูง,y
la mancha,รอยเปื้อน จุดด่าง,y
la mandíbula,กราม,y
la manecilla (de coche),ที่เปิดประตูรถ,y
la manecilla (de reloj),เข็มนาฬิกา,y
la manga,แขนเสื้อ,y
la mangosta,พังพอน,y
la manguera,สายยาง,y
la manicura,การตกแต่งเล็บ,y
la manivera,ด้ามจับ (คานจับสำหรับหมุน),y
la manta,ผ้าห่ม,y
la manteca de cacahuete,เนยถั่ว,y
la manía,นิสัยเฉพาะ (くせ),y
la marcha atrás,เกียร์ถอยหลัง หลั่งนอก,y
la mariquita,แมลงเต่าทอง,y
la marquesina,กันสาด,y
la masa (de pastel),แป้งเค้ก (ที่ยังไม่ได้อบ) (ja: 生地),y
la matrícula (de coche),ทะเบียนรถ,y
la mecedora,เก้าอี้โยก,y
la mecha,ไส้ตะเกียง ฟิวส์ เชื้อเพลิง,y
la medalla de bronce,เหรียญทองแดง,y
la medalla de oro,เหรียญทอง,y
la medalla de plata,เหรียญเงิน,y
la mediana,ส่วนที่อยู่ระหว่างเลนถนน เกาะกลาง,y
la medida,วิธีการ,
la medusa,แมงกระพรุน,y
la mejilla,แก้ม,y
la merluza,ปลาเฮก,y
la mermelada,แยม,y
la meseta,ที่ราบสูง,y
la mesita de noche,โต๊ะข้างเตียง,y
la meta,เส้นชัย,y
la metalurgia,การแยกโลหะออกจากแร่ โลหวิทยา,y
la meteorología,อุตุนิยมวิทยา,y
la metodología,วิธีการ ขั้นตอน (en: methodology),y
la metralleta,ปืนกลมือ (!s),y
la mezquita,มัสยิด,y
la mina,เหมืองแร่,y
la mina de grafito,ไส้ดินสอกด,y
la miniatura,ภาพธัมบ์เนล ภาพตัวอย่าง,y
la mirilla,ตาแมว,y
la moción de censura,การอภิปรายไม่ไว้วางใจ,y
la modestia,ความถ่อมตัว ความเรียบร้อย,
la montaña rusa,รถไฟเหาะ,y
la mora,แบล็กเบอร์รี,y
la morcilla,ไส้กรอกเลือด,y
la mordedura,แผลโดนกัด,y
la morsa,วอร์รัส,y
la mostaza,มัสตาร์ด,y
la mozzarella,ชีสมอสซาเรลลา,y
la mudanza,การย้ายบ้าน,y
la muela,ฟันกราม,y
la mugre,ขี้ดิน,y
la mula,ล่อ (สัตว์),y
la multa,ค่าปรับ,y
la munición,อาวุธยุทธภัณฑ์,y
la muralla,กำแพงเมือง,y
la muñeca (del cuerpo),ข้อมือ,y
la nana,เพลงกล่อมเด็ก,y
la nata montada,วิปครีม,y
la navaja,มีดพับ,y
la nave,ยาน เรือ,y
la nave (de la iglesia),โถงแนวหลัก โถงทางเดินหลัก (ของโบสถ์),y
la nevera,ตู้เย็น,y
la niebla,หมอก,y
la nieta,หลานสาวของปู่ย่าตายาย,y
la noria,กังหัน กังหันน้ำ ชิงช้าสวรรค์,y
la nuca,หลังคอ ง่อน (๒),y
la nuera,ลูกสะใภ้,y
la nuez,นัท วอลนัท,y
la nutria,นาก,y
la nómina,เงินเดือน (n),y
la objeción,การเห็นต่าง การคัดค้าน,y
la obra (de construcción),ไซต์ก่อสร้าง,y
la ojera,ถุงใต้ตา,y
la onomástica,วิสามานยนามศาสตร์,y
la onza,ออนซ์,y
la oración,โฮมรูม การกล่าวปราศรัย,y
la orilla del mar,ชายทะเล,y
la oruga,หนอนผีเสื้อ,y
la pacotilla,ขยะไร้ค่า,y
la pajarita,โบว์หูกระต่าย,y
la pajita,หลอดดูด,y
la pala,จอบ,y
la palabrería,คำพูด คุยโว,y
la palabrota,คำหยาบคาย,y
la palanca,คาน คันโยก,y
la pana,ผ้าสักหลาดที่เป็นริ้ว,y
la pancarta,ป้ายประกาศ,
la pandilla,แก๊งอันธพาล,y
la pantorrilla,น่อง (ล่างขา),y
la papelera,ถังขยะ (p),y
la parrilla,เตาปิ้ง,y
la pasa,ลูกเกด,y
la pasantía,การฝึกงาน การลองงาน,y
la pasarela,แคทวอล์ก ทางผ่าน,y
la pastelería,ร้านขนมเค้ก,y
la pata,ขา<br>(ไม่ใช่ pierna),y
la pata palmeada,เท้าเป็นพังผืด,y
la patada,การเตะ,y
la patera,เรือบดเล็ก (เช่น เรือขนผู้อพยพ),y
la patilla,จอน (เคราด้านข้าง),y
la patria,บ้านเกิด ภูมิลำเนา,y
la patrulla,สายตรวจ ตำรวจลาดตระเวน,y
la peca,โหนกแก้ม,y
la pechuga,อก (เนื้อสัตว์),y
la peculiaridad,ลักษณะเฉพาะ,
la pedagogía,ครุศาสตร์ ศึกษาศาสตร์,y
la pedicura,การตกแต่งเท้า,y
la pegatina,สติกเกอร์ (!a),y
la pelota (personalidad),ขี้ประจบ,
la peluca,วิกผม,y
la peonza,ลูกข่าง,y
la percha,ไม้แขวนเสื้อ,y
la pereza,ความขี้เกียจ,y
la perilla,ปุ่มหมุน,y
la pernera,ขา (กางเกง),y
la persecución,การไล่จับ การติดตามตัว,y
la persiana,ม่านบังแดด,y
la pesadilla,ฝันร้าย,y
la pescadería,ร้านขายปลา,y
la pestaña,ขนตา,y
la petanca,เปตอง,y
la pezuña,กีบม้า อุ้งเท้า,y
la pica (de una carta),(ไพ่) โพธิ์ดำ,y
la picadura,แผลแมลงต่อย,y
la piedad,ความเมตตา ความเอ็นดู,y
la piedra (enfermedad),นิ่ว,y
la pierna,ขา,y
la pimienta,พริกไทย,y
la pintura al óleo,ภาพวาดสีน้ำมัน,y
la pinza,กิ๊บหนีบ,y
la pinza de depilar,แหนบ,y
la pipa,ไปป์,y
la piratería,การคัดลอกซอฟต์แวร์แบบละเมิดลิขสิทธิ์,y
la pitahaya,แก้วมังกร,y
la pizarra,กระดานดำ,y
la piña (!anana),ผลของต้นสน,y
la piñata,ฟัน,
la placa,ป้ายชื่อ แผ่นป้าย,y
la planta (parte de cuerpo),ฝ่าเท้า,y
la polilla,ผีเสื้อกลางคืน,y
la porcelana,เครื่องปั้นดินเผาเคลือบ,y
la potasa,ด่าง โพแทช,y
la pradera,สนามหญ้า (๓),y
la premisa,สมมติฐาน,
la premonición,การเตือนล่วงหน้า การสังหรณ์ใจ,y
la presa,เหยื่อ,y
la preservación,การทำเป็นประจำ,y
la prestación,ฟีเจอร์ ข้อดี ความสามารถ,y
la prima,ลูกพี่ลูกน้องผู้หญิง,y
la profundidad,ความลึก,y
la promiscuidad,ความสำส่อน,y
la propina,ทิบ (เงิน),y
la proteína,โปรตีน,y
la prueba,หลักฐาน,
la próstata,ต่อมลูกหมาก,y
la pupila,รูม่านตา,y
la purpurina,กากเพชร (p),y
la pérdida,ความสูญเสีย,y
la píldora,ยาเม็ด,y
la pólvora,ดินปืน,y
la quemadura,แผลพุพอง,y
la quiebra,การล้มละลาย,y
la quimioterapia,บำบัดเคมี คีโม,y
la rabia,ความโกรธ,y
la rampa,ทางลาด ทางลาดคนพิการ,y
la rana,กบ,y
la ranura,ช่อง (ช่องใส่เหรียญ สลอต),y
la rasqueta,คราด,y
la raya,ปลากระเบน,y
la raíz,ราก,y
la rebanada,ขนมปังหั่นชิ้น,y
la rebelión,การก่อกบฎ,y
la receta,สูตรอาหาร,y
la recopilación,การเก็บ รวบรวม (en: collection),y
la redada,การจับกุม (!p!d),y
la regla (de la mujer),เมน ประจำเดือน,
la regla (papelería),ไม้บรรทัด,y
la rejilla,ตะแกรง ลูกกรง,y
la remolacha,บีตรูต,y
la repisa de la ventana,ขอบหน้าต่าง (เอาไว้วางของได้),y
la represalia,การโต้ตอบด้วยกำลังทหาร การแก้แค้น,y
la repulsión,แรงผลัก ความรู้สึกรังเกียจ,y
la resaca,การเมาค้าง,y
la reseña,บทวิจารณ์,y
la retroalimentación,ฟีดแบ็ก ผลตอบรับ (en: feedback),y
la reverencia,การโค้งคำนับ ความเคารพ ความนับถือ,y
la revista,นิตยสาร,y
la riñonera,กระเป๋าสะพายหรือคาดเอวที่ใช้เก็บเงิน,y
la rodilla,หัวเข่า,y
la ronquera,เสียงแหบ,y
la rosca,วงแหวน โดนัท,y
la rotonda,วงเวียน (จราจร),y
la rotura,การแตกหัก ชำรุดทรุดโทรม,y
la rueda,ล้อรถ (รวมยาง),y
la rueda de prensa,งานแถลงข่าว,y
la ruptura,การแตกหัก การเลิกคบ,y
la sanción,การลงโทษ,y
la sangría (en texto),(คำนาม) ย่อหน้า (tab),y
la sartén,กระทะ,y
la secadora,เครื่องอบผ้า,y
la seda,ไหม ผ้าไหม,y
la sede,สำนักงานใหญ่ สถานที่จัดงาน,y
la sedición,การก่อจลาจล,y
la selva,ป่าดงดิบ,y
la selva tropical,ป่าฝน ป่าดิบชื้น,y
la senda,ทางเดินแคบ (เช่น ในเดินเขา),y
la sepia,ปลาหมึก (s),y
la septentrión,ทิศเหนือ (!n),y
la sepultura,พิธีฝังศพ (s),e
la sequía,ความแห้งแล้ง,y
la servilleta,ผ้าเช็ดปาก,y
la señalización,การส่งสัญญาณ,y
la siderurgia,อุตสาหกรรมผลิตเหล็ก,y
la sierra,เลื่อย แนวเทือกเขา (!c),y
la sinagoga,โบสถ์ยิว,y
la soberanía,อำนาจอธิปไตย,y
la sobrina,หลานสาวของลุงป้าน้าอา,y
la sombra,เงา,y
la subasta,การประมูล,y
la subfusil,ปืนกลมือ (!m),y
la sucursal,สาขา สำนักงานสาขา,y
la suegra,แม่ยาย,y
la superstición,ความเชื่อเหนือธรรมชาติ ผีสาง,y
la suricata,เมียร์แคต,y
la suspicacia,ความคลางแคลงใจ (!d),y
la sábana,ผ้าปูเตียง,y
la taquilla,ล็อกเกอร์,y
la tarima,เวทีในห้องเรียน (พื้นยกระดับสำหรับอาจารย์),y
la tarjeta de embarque,บอร์ดดิงพาส,y
la tartana,รถเข็น (เกวียนม้า),y
la taza,แก้วกาแฟ,y
la tela,ผ้า (!r),y
la tela marinera,ผ้ากะลาสี เรื่องยิ่งใหญ่ ยาก สำคัญ,y
la tijera,กรรไกร,y
la tijera,กรรไกร,y
la tijereta,แมลงหางหนีบ,y
la timidez,ความขี้อาย,y
la tiza,ชอล์ค,y
la toalla,ผ้าเช็ดตัว,y
la tonelada,"ตัน (๑,๐๐๐ กก.)",y
la torre,หอคอย,y
la torta,เค้ก (!p),y
la tortícolis,โรคคอเอียง,y
la tostadora,เครื่องปิ้งขนมปัง,y
la trama,พล็อตเรื่อง เนื้อเรื่อง,y
la trenca,เสื้อโค้ต,
la tribu,เผ่า ชนเผ่า,y
la tripa,สะดือ ลำไส้,y
la trombosis,ลิ่มเลือดอุดตัน,y
la trompa,งวงช้าง ฮอร์น,y
la tráquea,หลอดลม,y
la tubería,ท่อน้ำ,y
la tumba,หลุมศพ,y
la turbación,ความยุ่งเหยิง ความวุ่นวาย ไม่เป็นระบบระเบียบ,
la unanimidad,ความเป็นเอกฉันท์,y
la urbe,เมืองใหญ่,y
la urna,หีบเลือกตั้ง,y
la urticaria,โรคลมพิษ,y
la vainilla,วานิลา,y
la vajilla,จานชาม,y
la vara,กิ่ง แท่ง ท่อน,y
la vejiga,กระเพาะปัสสาวะ,y
la vela,เทียน,y
la vena,เส้นเลือดดำ,y
la venda,ผ้าผูก,y
la venganza,การแก้แค้น,y
la venta,การขาย,y
la ventaja,ข้อดี ข้อได้เปรียบ,y
la ventanilla,หน้าต่างในยานพาหนะ,y
la ventisca,พายุหิมะ,y
la verja,รั้ว,y
la viabilidad,ความอยู่รอดได้,y
la viga,คาน,y
la virtud,ข้อเสีย,y
la viruela,ฝีดาษ,y
la viscosidad,ความเหนียว ความหนืด,y
la vitrina,ตู้โชว์ ตู้แช่ (กระจก) (เช่นที่ใส่เค้ก ขนมปัง),y
la vitrocerámica,เตาไฟฟ้า (กระจกแก้ว / เหนี่ยวนำ),y
la vivienda,ที่อยู่อาศัย (!h!ll),Y
la vocación,ความเป็นไปที่โชคชะตาฟ้ากำหนด อาชีพ,y
la vuelta al mundo,การเดินทางรอบโลก,y
la xilografía,ศิลปะการแกะสลักไม้,y
la yegua,ม้าตัวเมีย,y
la yema,ไข่แดง,y
la yema (de planta),ตา (ต้นไม้),y
la órbita,วงโคจร,y
la úvula,ลิ้นไก่ (!c),y
lacerar,เฉือน ข่วน ทำให้ฉีกขาด,y
ladrar,เห่า,y
lamentar,รู้สึกผิด รู้สึกเสียใจ (!a),y
lamer,เลีย,y
las Cortes Generales,รัฐสภา (สเปน),y
las agujetas,การปวดเมื่อยกล้ามเนื้อ,y
las bodas de oro,การฉลองครอบรอบแต่งงานปีที่ ๕๐,y
las ceras (para pintar),สีเทียน,y
las cerillas,ไม้ขีดไฟ,y
las gachas de avena,ข้าวโอ๊ตบด,y
las hemorroides,ริดสีดวงทวาร,y
las horas punta,ชั่วโมงเร่งด่วน,y
las náuseas,อาการคลื่นไส้,y
las palomitas,ป๊อปคอร์น,y
las tijeras para uñas,กรรไกรตัดเล็บ,y
lesionarse,บาดเจ็บ,y
letal,ถึงตาย,
levantino,ซึ่งมาจากชายฝั่งตะวันออกของสเปน,y
liado,ยุ่ง พัวพัน มีเรื่อง งานเข้า,y
liarla parda,(สำนวน) เข้าไปพัวพันกับเรื่องแย่ ๆ,y
licántropo,ที่ถูกสาป(ให้เป็นมนุษย์หมาป่า),y
ligero,เบา น้อยนิด,y
lila,สีม่วงอ่อน,y
limeño,คำคุณศัพท์ของเมือง Lima,y
liquidar,ชำระหนี้ สะสาง,y
liso/lacio,(ผม)ตรง,
literario,ที่เกี่ยวกับวรรณคดี,y
llevarse a cabo,สมบูรณ์ ถูกทำให้เสร็จ,y
llevarse bien (con alguien),สนิทกับ…,y
llevarse mal (con alguien),ไม่สนิทกับ…,y
llover a cántaros,ฝนตกหนักมาก (สำนวน),y
lluvioso,ที่มีฝนตก,y
lo barato sale caro,(สำนวน) เสียน้อยเสียยาก เสียมากเสียง่าย,y
longevo,ที่มีอายุยืนยาว,y
los abdominales,กล้ามหน้าท้อง (ซิกแพ็ก),y
los añicos,เศษเป็นชิ้น ๆ (!r),y
los bonos del estado,หนี้สาธารณะ,y
los calzoncillos,กางเกงใน,y
los copos de avena,ซีเรียลข้าวโอ๊ต,y
los granos de café,เมล็ดกาแฟ,y
los pendientes,ตุ้มหู,y
los tacones,ส้นสูง,y
los tallarines,อาหารประเภทเส้น,y
los tapones,ที่อุดหู,y
los torreznos,หมูกรอบ,y
los torreznos tendilla,แคบหมู,y
los vaqueros,กางเกงยีนส์,y
los víveres,อาหาร ของกิน เสบียง,y
macrobiótico,ที่เกี่ยวกับการรับประทานอาหารธรรมชาติ,
maduro,สุก,y
maligno,ชั่วร้าย,
malvado,ร้าย นิสัยไม่ดี,y
manchego,คำคุณศัพท์ของ La Mancha,y
manejar,"จัดการ รับมือ (en: handle, operate)",y
maniatar,มัดมือ,y
manosear,จับ คว้า คลำ,
martillar,ตอก (ตะปู) ด้วยค้อน,y
masticar,เคี้ยว,y
matar moscas a cañonazos,ขี่ช้างจับตั๊กแตน,y
materno,ที่เกี่ยวกับแม่,y
maullar,(แมว)ร้องเหมียว,y
mear,ปัสสาวะ (ภาษาพูด),y
mecer,โยก,y
mediante,ด้วยวิธี~ ผ่านทาง~,y
medrar,เติบโต เติบใหญ่,
melódico,ไพเราะ,y
menospreciar,ดูถูก ดูหมิ่น เหยียดหยาม,y
merecerse,สมควร,
meter la nariz,แทรกแซง เข้าไปยุ่งเรื่องของคนอื่น,y
meter la pata,ทำให้ยุ่งเหยิง ทำให้เรื่องวุ่นวาย,
meterse,ก้าวก่าย ยุ่ง พัวพัน (กริยา),y
meterse a alguien en el bote,(สำนวน) เกลี้ยกล่อม ชักจูง พูดตะล่อม,y
meteórico,เกี่ยวกับกรมอุตุ เกี่ยวกับบรรยากาศ ที่ประสบความสำเร็จรวดเร็วมาก,y
milenario,(คุณศัพท์) หลายพันปี โบราณ,y
milésimo,อันดับที่พัน,y
mimar,ตามใจ,y
minucioso,ย่อย ละเอียด,y
mirar de soslayo,มองด้วยหางตา,y
modesto,ถ่อมตัว เรียบร้อย (!h!a),y
mogollón,มาก เยอะ,
molar un pegote,วิเศษ,
monitorear,จับตาดู เฝ้าระวัง เฝ้าดู,y
montar un pollo,(สำนวน) สร้างสถานการณ์,y
morder,กัด,y
morder el polvo,แหลก ย่อยยับ แพ้อย่างราบคาบ,y
moreno (piel),(ผิว)คล้ำ,y
moribundo,ซึ่งใกล้ตาย,y
mosquear,ทำให้น่าสงสัย ไล่แมลงวัน ทำให้รำคาญ (!e),y
mural,ที่เกี่ยวกับกำแพง,y
murmurar / murmullar,พึมพำ (m),y
musitar,พูดด้วยเสียงเบา กระซิบ,
mutar,กลายพันธุ์ เปลี่ยนแปลง,y
mítico,ที่เกี่ยวกับเรื่องหลอกหลวง (mito),y
naufragar,อับปาง,y
neoclásico,แบบคลาสสิกใหม่,y
ni el tato,ไม่มีใครเลย,
ni fú ni fá,เฉย ๆ,
no dar ni un palo al agua,ไม่ทำอะไร ไม่ทำงาน (สำนวน),y
no tener pelos en la lengua,(สำนวน) พูดจาขวานผ่าซาก พูดตรง ๆ,y
nocturno,ที่เกี่ยวกับตอนกลางคืน,y
notarse,เห็นได้ชัด เริ่มสังเกตเห็นได้ เด่น,y
nupcial,ที่เกี่ยวกับพิธีแต่งงาน,y
nutrido,ที่เต็มไปด้วย ซึ่งพรั่งพร้อมสมบูรณ์,
náutico,ที่เกี่ยวกับการเดินเรือ ทางทะเล,y
obsceno,ลามก น่ารังเกียจ อนาจาร,y
obsequiar,มอบเป็นของขวัญ (o),y
obstaculizar,ทำให้เกิดอุปสรรค,y
obviar,หลีกเลี่ยง (o),y
okupar,ครอบครอง/เข้าไปอยู่โดยไม่ได้รับอนุญาต,y
opuesto,ที่อยู่ตรงข้าม,y
orinar,ปัสสาวะ (ทางการ),y
oscurecer,ทำให้มืด,y
otorgar,มอบรางวัล ให้รางวัล,y
oxidado,เป็นสนิม,y
padecer,ดิ้นรน ทรมาน,y
palidecer,กลายเป็นสีซีด,y
palpable,จับต้องได้,y
paradójico,ซึ่งย้อนแย้ง (!pm),y
parapetar,กำบัง หลบภัย หลบซ่อน,y
pardo,สีน้ำตาลเทา,y
parpadear,กระพริบตา,y
pasarse el arroz (a alguien),พลาดโอกาส เสียเวลา (สำนวน),y
pasota,ซึ่งไม่สนโลก,y
pastoso,นิ่ม เหนียว (เหมือนแป้งทำขนม),y
paterno,ที่เกี่ยวกับพ่อ,y
patinar,สเก็ต ไถล (กริยา),y
patoso,ซุ่มซ่าม,y
patrocinar,เป็นสปอนเซอร์ ให้การสนับสนุน,y
paulatino,ค่อย ๆ ช้า ๆ (p),y
peatonal,ที่เกี่ยวกับคนเดินเท้า,y
pectoral,ที่เกี่ยวกับอก (คำคุณศัพท์ของ el pecho),y
pedrusco,ที่แข็งเหมือนหิน,y
pelar,ปอก(เปลือก),y
pelazo,ซึ่งมีผมดก,y
peleón,ก้าวร้าว รุนแรง ดื้อรั้น,y
pelirrojo,(ผม)สีแดง,y
pellizcar,หยิก,y
percatar,รู้ถึง (มึ้ง) (p),y
perder los estribos,(สำนวน) ฟิวส์ขาด ปรี๊ดแตก สูญเสียความอดทน สูญเสียการควบคุม,y
perforar,เจาะรู แทง,y
perjudicar,ทำลาย (p),y
pernoctar,ค้างคืน,y
perseguir,ไล่ตาม แสวงหา,y
perspicaz,หลวก เฉลียว ฉลาด,y
piar,(นก)ร้อง ร้องจิ๊บ ๆ,y
pillar el toro (a alguien),ไฟลนก้น ทำช่วงนาทีสุดท้าย,y
pingüe,เยอะแยะ มาก,
piripi,เมา (caló),y
pisar,เหยียบ,y
pisar a fondo,เหยียบมิด เหยียบให้สุด,y
pisotear,กระทืบ,y
pitar,เป่านกหวีด,y
planchar,รีดผ้า,y
plateado,สีเงิน,y
policromado,ซึ่งมีหลายสี,y
polémico,เป็นที่ขัดแย้ง เป็นที่โต้แย้ง,y
poner en neutro,เข้าเกียร์ว่าง,y
ponerse como un tomate,เขินจนหน้าแดง (สำนวน ponerse ~),y
ponerse como una sopa,เปียกโชก (สำนวน ponerse ~),y
ponerse las pilas,ลงมือทำอย่างกระฉับกระเฉง,y
ponerse manos a la obra,เริ่มทำงาน (สำนวน),y
por doquier,ทั่วทุกที่,y
por encima de mi cadáver,ต้องข้ามศพฉันไปก่อน,y
por ende,ด้วยเหตุนี้,
portátil,ที่พกพาง่าย,y
postizo,ปลอม ไม่แท้,y
potabilizar,ทำให้บริสุทธิ์,y
potable,ที่ดื่มได้,y
precintar,ปิดผนึก อายัด,y
precipitar,รีบเร่ง รีบร้อน ลนลาน ทำให้เกิดไวขึ้น (!a),y
prefigurar,(คำกริยา) พยากรณ์ คาดการณ์ บอกเหตุล่วงหน้า,y
prematuro,ซึ่งมาก่อนเวลา ซึ่งมาก่อนวัย,y
presenciar,เป็นพยาน ประจักษ์ในเหตุการณ์,y
presumir,อวด (!a),y
pretender,ตั้งใจ หวังว่า คาดว่า,
privar (de ~),ช่วงชิง~ แย่ง~,
profundizar,เรียนรู้ให้ลึกซึ้ง,y
prohibido,(จราจร) ห้ามผ่าน,y
prohibido adelantar,(จราจร) ห้ามแซง,y
prohibido dar la vuelta,(จราจร) ห้ามกลับรถ,y
proliferar,แพร่พันธุ์ ทำให้เพิ่มจำนวนอย่างรวดเร็ว,y
promiscuo,ที่สำส่อน,y
propiciar,ช่วยทำให้เกิด (p),y
propocionar,แบ่งปัน จัดสรร,
proveer,ให้อุปทาน จ่าย(สาธารณูปโภค) (p),y
psicópata,ที่โรคจิต ที่เกี่ยวกับอาการทางจิตเวช (เกี่ยวกับผู้ป่วย),y
psiquiátrico,เกี่ยวกับจิตวิทยา จิตเวช (วิทยา ไม่ใช่ผู้ป่วย),y
puertorriqueño,คำคุณศัพท์ของปัวร์โตริโก,y
pulverizar,บด ทำให้เป็นผง,y
punzante,ที่แหลมคม ที่จิกกัด ที่กัดกร่อน,y
pálido,ซีด,y
quedar bien,เข้ากันดีกับ(สิ่งของ เสื้อผ้า),y
quedar grande,หนักหนาสาหัส รับมือไม่ไหว คนละชั้น,y
quedar mal,ไม่เข้ากันกับ(สิ่งของ เสื้อผ้า),y
quemar,เผา,y
quitar la mesa,เก็บโต๊ะ,y
radiante,ส่องสว่าง มีความสุข,
ranchero,ที่เกี่ยวกับการทำฟาร์มและปศุสัตว์,y
rapar,โกนผม โกนขน,y
rascar,เกา,y
raspar,ขูด ไส ไถออก,y
rastrear,สืบสาว ตามหาด้วยเบาะแส,y
rayar,ขีด ทำให้เป็นรอย,y
reanudar,ทำต่อ ดำเนินการต่อ,y
rebobinar,ย้อนเวลา (กริยา),y
rebotar,เด้ง สะท้อน เด้งกระดึ๋ง ตีกลับ,y
recalcar,เน้นเสียง เน้นย้ำ,y
rechinar,ทำเสียงเอี๊ยด,y
recortar,ครอป,y
recrudecer,ทำให้แย่ลง,
recóndito,ที่ห่างไกล ที่ซ่อนเร้น,y
redactar,เขียน (เป็นย่อหน้า เรียงความ),y
redondo,กลม,y
reencarnar,เกิดใหม่ กลับชาติมาเกิด,y
refunfuñar,ฮึดฮัด ฟึดฟัด,y
regar,รดน้ำต้นไม้,y
regatear,ต่อรองราคา,y
regir,ปกครอง ควบคุม บริหารราชการ (!g),y
relinchar,(ม้า)ร้อง,y
remangar,เลิก (แขนเสื้อ),y
remolcar,ลากจูง,y
remugar,เคี้ยวเอื้อง ครุ่นคิด ค่อย ๆ พิจารณา (๓),y
rendir,ปฏิบัติ สร้างผลงาน ทำให้เหนื่อย ทำให้เกิด,y
rentable,ที่มีกำไร ที่มีผลประโยชน์ (!b),y
repentino,(คำคุณศัพท์) อย่างทันที,y
repercutir,มีผลกระทบ (ทางอ้อม),y
repletar,ยัด ทำให้เต็มพิกัด ทำให้เต็มปริ่ม (!e),y
resaltar,เน้นข้อความ ไฮไลต์,y
resbaladizo,ที่ลื่น ที่ละเอียดอ่อน,
resbalarse,สะดุด (r),y
rescatar,ช่วยชีวิต,
resfriarse,เป็นหวัด,y
resoplar,พ่นลมปาก,y
resplandecer,ส่องแสง สะท้อนเป็นประกาย,y
restante,ที่เหลือ (คุณศัพท์),y
restringir,จำกัด (!l),y
resultante,ที่เป็นผลลัพธ์,y
retar,ท้า (r),y
retener,เก็บ ขัง,y
retirar,เอาออก,
retroceder,ย้อนกลับ ถอยหลัง ยอกย้อน,y
retumbar,(ส่งเสียง)ดังก้อง สะท้อน,y
retórico,เชิงสำนวนโวหาร,y
reventado,ที่เหนื่อยมาก หมดแรง,y
reventar,ทำให้ระเบิด (ยาง) แตกหัก แตก ทำให้เหนื่อยมาก,y
revolotear,กระพือ (ปีก),y
revolver,คนให้เข้ากัน,y
rezar,อธิษฐาน,y
reír a carcajadas,หัวเราะที่เสียงดัง (reír a~),y
reñir,เถียง ดุด่า,y
rimar,คล้องจอง,y
rizado,(ผม)หยักศก,y
rociar,ฉีดสเปรย์,y
roer,แทะ,y
rogar,ร้องขอ (!p),y
rojizo,สีแดง,
románico,ที่เป็นแบบโรมาเนสก์,y
roncar,กรน,y
rozar,ถู ลูบ,y
rubio,(ผม)สีทอง บลอนด์,y
rugoso,ที่ขรุขระ,y
ruin,นิสัยไม่ดี ใจร้าย,
rumiar,เคี้ยวเอื่อง ค่อย ๆ เคียว ครุ่นคิด (๒),y
rupestre,เกี่ยวกับหิน ที่สร้างในถ้ำ (คุณศัพท์ของหิน),y
saborear,ลิ้มรส,y
sacar a alguien las castañas del fuego,ช่วยเหลือ แก้ปัญหาให้ (สำนวน sacar ~),y
sacar la basura,เอาขยะไปทิ้ง,y
sacar la lengua,แลบลิ้น,y
sagrado,ศักดิ์สิทธิ์,y
salir el tiro por la culata,พลิกล็อก (สำนวน),y
salpicar,สาด ปาด ทำให้พุ่ง,y
saltarse algo a la torera,เยาะเย้ย ดูหมิ่น เหยียดหยาม (สำนวน),y
saltarse el semáforo,ฝ่าไฟแดง,y
sangrar,เพิ่มย่อหน้า (tab) (คำกริยา),y
sanguíneo,ที่เกี่ยวกับเลือด,y
satelital,ที่เกี่ยวกับดาวเทียม,y
saturado,อิ่มตัว ท่วมท้น,
secuestrar,ปล้น ไฮแจ็ก ลักพาตัว,y
secular,(adj.) เกี่ยวกับทางโลก ไม่เกี่ยวกับศาสนา,y
sedentario,ซึ่งคุ้นเคยกับการนั่ง อยู่เฉย ๆ,y
segar,เกี่ยว (ข้าว) ตัดพืช,y
semejante,ซึ่งใกล้เคียง (ไม่ใช่ similar),y
semejarse,ดูเหมือน (กริยา s),y
sensato,ที่มีเหตุผล ที่เมคเซนส์,y
sensible,ที่มีไหวพริบ ที่มีวิจารณญาณ เฉลียวฉลาด,y
sepultar,ฝังดิน (!e),y
ser un rata,ขี้เหนียว (สำนวน) (!t),y
ser un trozo de pan,เป็นคนดี,
serruchar,เลื่อย (กริยา),y
si bien,แม้ว่า ในขณะที่,
siempre que,ตราบใดที่ ก็ต่อเมื่อ,y
sigiloso,(adj.) ที่แอบ ๆ ลับ ๆ,y
sirio,คุณศัพท์ของซีเรีย,y
sobrecoger,ทำให้สะดุ้ง ทำให้กลัว,
sobresalir,ยื่นออก โผล่ออก โดดเด่น แตกต่าง (!a),y
sofocar,ทำให้หายใจไม่ออก (!a),y
solemne,เคร่งขึม ขึงขัง,
solidario,มีน้ำใจ ชอบช่วยเหลือ (s),y
sollozar,สะอึกสะอื้น,y
someter,ปราบ ทำให้อ่อนลง จัดการ กำราบ,y
someterse,เชื่อฟัง ทำตามกฏ,y
sonarse la nariz,สั่งน้ำมูก,y
sonrojarse,หน้าแดง,y
sortear,หนี หลีก,
soso,เฉย ๆ จืด น่าเบื่อ ไม่มีรสนิยม,
sostener,ถือ,
subjetivo,นามธรรม ของใครของมัน ปัจเจก,y
sucesivo,ที่ต่อเนื่องกัน ที่เป็นลำดับ (!c),y
sucumbir,จำนน พ่ายแพ้ ตาย,y
sudar,เหงื่อออก,y
sumar,บวก รวม,y
suministrar,จัดหาให้ อุปทาน (s),"y "
sumo,ที่ถึงขีดสุด ที่สุด (!e),y
superficial,ที่ผิวเผิน ที่อยู่พื้นผิว ตื้น,y
sureño,เกี่ยวกับทิศใต้,y
sursurrar,กระซิบ,y
sutil,อ่อนโยน บาง ผอม ละเอียด ฉลาดหลักแหลม,y
tacaño,ขี้เหนียว,
taciturno,เงียบขรึม,y
tajante,ที่เด็ดขาด แน่ชัด,y
tallar,แกะสลัก ตัด วัดระยะ,y
tambalearse,เดินเซ เดินสะดุด กะเผลก,y
tangible,ชัดเจน จับต้องได้,
tantear,คลำหา,y
tararear,ฮัมเพลง (ร้องเพลงเป็นทำนองในลำคอ),y
tartamudear,พูดติดอ่าง,y
tejer,ถัก ทอ,y
telefonear,โทรหา,y
tembloroso,ที่สั่น ที่เขย่า,y
tenaz,เหนียว หนืด ยืนหยัด ยึดแน่น,y
tender,ตากผ้า,y
tenebroso,มืดมัว ดูเศร้าหมอง,y
tener el mono de ~,ชอบ ~ มาก / ติด ~ มาก / ต้องการ ~ มาก (สำนวน),y
tener mucho morro,หน้าด้าน (สำนวน),y
tener pájaros en la cabeza,เพ้อฝัน (สำนวน),y
tener su foco en ~,ถือกำเนิดใน~,y
tenue,จาง ๆ เบา ๆ,y
terráqueo,ที่เกี่ยวกับโลก (!m),y
tibio,ไม่ร้อน อุ่น อุณหภูมิห้อง,y
tieso,แข็งทื่อ,y
tirarse un pedo,(กริยา) ผายลม,y
tiritar,สั่น ตัวสั่น (!c),y
titubear,เขินอาย พูดแบบติด ๆ ขัด ๆ,y
toser,ไอ,y
tozudo,หัวแข็ง,y
tragar,กลืน,y
tramar,วางแผน ถักทอ,
transcurrir,ผ่าน ผ่านไป,
trapichear,ซื้อขายแลกเปลี่ยน,
trasero,(adj) ส่วนหลัง ด้านหลัง,y
trazar,วาดแผน วางแผน วางเส้นทาง,y
traérsela floja,ช่างแม่ง,
trenzar,ถักเป็นเปีย ทำให้เป็นกลีบ,y
trepar,ปีน,y
trillado,เป็นที่รู้จักดี เป็นที่นิยม,
triturar,บด,<div>y</div>
trocar,แลกเปลี่ยน (ค้าขาย),y
tropezar,สะดุด (t),y
tropezarse con,เจอโดยบังเอิญ,y
trágico,ที่น่าสลดใจ ที่เกี่ยวกับโศกนาฏกรรม,y
tumbar,ทำให้สลบ มอมเหล้า,y
turbio,ขุ่น,y
turquesa,สีน้ำเงินอมเขียว,y
ultrajar,ดูหมิ่น,y
un pelín,นิดหน่อย,
urdir,ห่อ หุ้ม,
vacilar,สั่นเครือ ตะกุกตะกัก (!c),y
vanguardista,ซึ่งก้าวหน้า หัวก้าวหน้า,
vano,ที่ไร้ประโยชน์ ที่สูญเปล่า,y
vencer,ชนะ (!g),y
venenoso,ซึ่งเป็นพิษ (v),y
verde (no color),ดิบ,
verter,เท,y
vertiginoso,ที่ไว ที่ทำให้ตาลาย,y
verídico,จริง,
viril,ที่เป็นเพศชาย ที่เกี่ยวกับเพศชาย (!m),y
viudo,หม้าย,y
volcar,ไหลเข้าไป หก / reflexivo: กลับด้าน พลิก คว่ำ เข้าร่วม,y
ya que,เพราะว่า เนื่องจาก,
ya sea ~ o ~,ไม่ว่าจะเป็น ~ หรือ ~,
zampar,กินอย่างหิวโหย,y
zanjar,เคลียร์ จบเรื่อง คลายปม,y
zumbir,ส่งเสียงเครื่องยนต์ (en: buzz),y
zurdo,ถนัดซ้าย,y
¡manda huevos!,ไม่มีทาง เป็นไปไม่ได้ (สำนวน),
¡qué asco!,น่าขยะแขยง (qué ~),y
¡qué corte!,น่าอายจริง ๆ (qué ~),y
¡qué peste!,เหม็นสาบ (qué ~),y
¡qué rollo!,น่าเบื่อ ยม (qué ~),y
África,ทวีปแอฟริกา,y
íntegro,จิตใจสูงส่ง ผู้ที่ใจดี,
