日本語,日本語の読み方,タイ語,Add Reverse
帰一算,きいちざん,บัญญัติไตรยางค์,y
あんかけ,,น้ำบนไข่ตุ๋น,y
いたち,,เพียงพอน,y
うずら,,นกกระทา,y
うたた寝,うたたね,การงีบหลับ การเผลอหลับ,y
うつ伏せに寝る,うつぶせにねる,นอนคว่ำ,y
うなじ,,หลังคอ ง่อน,y
えら,,เหงือก (ปลา),y
おしむ,,เสียดาย อาลัยอาวรณ์,y
おたま,,ที่ตักแกง ที่ตักซุป,y
おたまじゃくし,,ลูกอ๊อด,y
おっかない,,น่ากลัว,
お墨付き,おすみつき,ลายเซ็น การรับรอง เอกสารที่รับรองความถูกต้องแล้ว,y
お殿様,おとのさま,ขุนนาง ผู้ปกครองแคว้น,y
お節介を焼く,おせっかいをやく,จุ้นจ้านเรื่องของคนอื่น,y
お転婆,おてんば,ห้าว แก่น,y
お辞儀,おじぎ,การก้มแสดงความเคารพ,y
かたつむり,,หอยทาก,y
かりんとう,,ขนม (แป้งชุบน้ำตาลทอด),y
こぶみかん,,มะกรูด,y
こもる,,ปิดอยู่ กักอยู่ เก็บตัว,y
ご高説を賜る,ごこうせつをたまわる,ได้รับคำชม ยกย่อง,y
ざくろ,,ทับทิม,y
しゃがむ,,ย่อ นั่งยอง คุกเข่า,y
しゃもじ,,ป้ากตักข้าว,y
すっぽかす,<div><br></div>,ปล่อยทิ้งไว้ ละเลย ผิดนัดผิดสัญญา,y
すなわち,,กล่าวคือ,y
ずきずき,,อย่างเจ็บปวด,
せいぜい,,อย่างมากก็,y
せびる,,ขอ (เงิน),y
そこら中,そこらじゅう,มีทั่วทุกที่,y
たちまち,,แป๊ปเดียว ชั่วครู่ ทันทีทันใด,
たてがみ,,ขนหลังม้า,y
たんぱく質,たんぱくしつ,โปรตีน,y
つぎ込む,,ใช้(เงิน คน)ไปเป็นจำนวนมาก,y
つっぺ,,การเอาทิชชู่ยัดจมูก,y
つばめ,,นกนางแอ่น,y
つぶさに,,อย่างละเอียด,y
つまづく,,สะดุด,y
とんかち,,ค้อน (!k),y
どんぶらこ,,(ลูกท้อ)ไหลมาตามน้ำ,y
なぞらえる,,เปรียบเทียบ เลียนแบบ,
なにぶん,,อย่างไรก็ตาม,
ねじ回し,ねじまわし,ไขควง (ฮิรากานะ),y
のどちんこ,,ลิ้นไก่ (和),y
ふかふか,,นิ่มและหยุ่น,
ふくらはぎ,,น่อง,y
ふけ,,รังแค,y
ふすま,,ประตูกระดาษ (ไม่มีตาราง),y
ぷかぷか,,ลอย(อยู่กับที่),y
ほうき,,ไม้กวาด,y
ほうれい線,ほうれいせん,ร่องแก้ม,y
ぼやける,,เบลอ ไม่ชัด (!ブ),y
まき散らす,まきちらす,โปรย หว่าน พรม,y
まな板,まないた,เขียง,y
むせる,,สำลัก,y
めざましい,,โดดเด่น น่าทึ่ง,
もがく,,ดิ้นรน กระเสือกกระสน,y
もぐら,,ตัวตุ่น,y
もつれ,,การพันกัน วุ่น ยุ่งเหยิง,y
ものもらい,,ตากุ้งยิง (和語),y
アクセル,,คันเร่ง,y
アスペクト比,アスペクトひ,อัตราส่วนรูปภาพ,y
アライグマ,,แรคคูน,y
インターホン,,โทรศัพท์ประตูบ้าน,y
インチキ,,การหลอกลวง ต้มตุ๋น (カタカナ),y
ウィンカー,,ไฟเลี้ยว,y
エンドロール,,ฉากเครดิต,y
オジギソウ,,ต้นไมยราบ,y
オートマ,,เกียร์อัตโนมัติ,y
カチコミ,,ยกพวก (ไปรุมต่อย),y
カモメ,,นกนางนวล,y
カワウソ,,นาก,y
カーキー色,カーキーいろ,สีกากี,y
クラクション,,แตรรถ,y
クラゲ,,แมงกะพรุน,y
グリッター,,กากเพชร,y
コソ弁,コソべん,การแอบกินขณะเรียน,y
コンドル,,นกแร้ง,y
コンプレックス,,ปมด้อย,y
サイドミラー,,กระจกมองข้าง,y
サシ飲み,サシのみ,การดื่มกันสองต่อสอง,y
サムネイル,,ภาพย่อ ภาพตัวอย่าง,y
シャーペン,,ดินสอกด,y
シャー芯,シャーしん,ไส้ดินสอ,y
ジャッキ,,แม่แรง,y
ジュラ紀,ジュラき,ยุคจูราสสิก,y
ジレンマ,,การกลืนไม่เข้าคายไม่ออก ภาวะที่ยากจะตัดสินใจได้,y
スケバン,,หัวหน้าแก๊งที่เป็นผู้หญิง นักเลงผู้หญิง,y
スコップ,,จอบ เสียม（カタカナ）,y
スパナ,,ประแจ,y
スペクトル,,สเปกตรัม,y
タイマン,,ต่อยเดี่ยว หนึ่งต่อหนึ่ง,y
タライ,,กะละมัง,y
ダイジェスト,,การสรุปย่อ,
テコンドー,,เทควันโด,y
デフレ,,เงินฝืด,y
トイレブラシ,,แปรงขัดส้วม,y
トランジスタ,,ทรานซิสเตอร์,y
トランプ,,ไพ่,y
トリュフ,,เห็ดทรัฟเฟิล,y
ドアアイ,,ตาแมว (คาตาคานะ),y
ドア枠,ドアわく,วงกบประตู,y
ドライバー,,ไขควง (คาตาคานะ),y
ニュートラル,,เกียร์ว่าง,y
ニラ,,กุยช่าย,y
ネズミ講,ネズミこう,มิจฉาชีพลูกโซ่,y
ハシゴする,,ไปหลาย ๆ ร้าน,y
ハンドル,,พวงมาลัย,y
バックギア,,เกียร์ถอยหลัง,y
バックミラー,,กระจกมองหลัง,y
バッタ,,ตั๊กแตน,y
パヤパヤ,,หัวปุ้,y
パラボラアンテナ,,จานดาวเทียม,y
ヒスる,,อารมณ์แปรปรวน อาละวาด,y
ヒヒ,,ลิงบาบูน,y
ヒモ,,แมงดา (เกาะเมียกิน),y
ビーフン,,เส้นหมี่,y
ピンキリ,,ช่วงราคากว้าง,y
ピンセット,,แหนบ,y
ピータン,,ไข่เยี่ยวม้า,y
ファスナー,,ซิป,
フロントガラス,,กระจกหน้ารถ,y
ブレッドボード,,โพรโทบอร์ด,y
ヘドロ,,<div>โคลนตม</div>,y
ベルノキ,,มะตูม,y
ペンチ,,คีม คีมหนีบ,y
ペーパードライバー,,คนที่มีใบขับขี่แต่ไม่ขับรถ,y
ホイッスル,,นกหวีด,y
ポケベル,,เพจเจอร์ (カタカナ),y
マジックテープ,,ตีนตุ๊กแก,y
マツエク,,การต่อขนตา,y
マツパ,,การดัดขนตา,y
マルチ商法,マルチしょうほう,ทำธุรกิจแบบลูกโซ่,y
ミーハー,,คนที่ตามกระแส,y
ラバ,,ล่อ (สัตว์),y
ラバーカップ,,ที่ดูดส้วม,y
リップクリーム,,ลิปมัน,y
リューズ,,เม็ดมะยม (นาฬิกา),y
ルージュ,,ลิปสติก (คาตาคานะ),y
レントゲン,,เอ็กซ์เรย์,y
ワイパー,,ที่ปัดน้ำฝน,y
一世を風靡する,いちよをふうびする,มีอิทธิพลต่อผู้คนส่วนมาก,y
一喜一憂,いっきいちゆう,（四字熟語） เดี๋ยวดีใจเดี๋ยวเสียใจ อารมณ์ผันแปรไปตามสถานการณ์,y
一張羅,いっちょうら,ชุดตัวเอก เสื้อประจำตัว,y
一心不乱,いっしんふらん,（四字熟語） จิตใจจดจ่อแน่วแน่ไม่วอกแวก,y
一念発起,いちねんほっき,（四字熟語）มีความตั้งใจอย่างเต็มที่,y
一意,いちい,หนึ่งเดียว ไม่ซ้ำกัน,
一意専心,いちいせんしん,（四字熟語） น้ำหนึ่งใจเดียว สามัคคีคือพลัง,y
一日一善,いちにちいちぜん,（四字熟語）ทำความดีวันละครั้ง,y
一朝一夕,いっちょういっせき,（四字熟語）ข้ามคืน ชั่วระยะเวลาสั้น ๆ,y
一長一短,いっちょういったん,（四字熟語） มีทั้งด้านดีและด้านไม่ดี มีทั้งข้อดีและข้อเสีย,y
万事,ばんじ,ทุกเรื่อง ทุกอย่าง,
万国博覧会,ばんこくはくらんかい,การแสดงนิทรรศการนานาชาติ,y
三つ編み,みっつあみ,ผมเปีย,y
三角食べ,さんかくたべ,การรับประทานอาหารให้สมดุล (ข้าวกับกับพร้อม ๆ กัน),y
上告,じょうこく,การยื่นฎีกา,y
下請け,したうけ,การรับงานต่อจากคนอื่น การทำงานต่อจากคนอื่น,y
不信任決議,ふしんにんけつぎ,การอภิปรายไม่ไว้วางใจ,y
不均衡,ふきんこう,การขาดดุล,y
不憫,ふびん,น่าสงสาร น่าเวทนา,
不時着,ふじちゃく,การลงจอดฉุกเฉิน,y
不朽,ふきゅう,ไม่เสื่อมสลาย ยังคงอยู่,
不毛,ふもう,ไม่ได้ผล ไม่เกิดประโยชน์,
不測,ふそく,ไม่สามารถคาดการณ์ได้ ไม่คาดคิด ไม่คาดฝัน,y
不滅,ふめつ,ไม่เสื่อมสลาย,y
不祥事,ふしょうじ,เรื่องไม่พึงประสงค์ เรื่องที่ไม่เป็นมงคล,y
不謹慎,ふきんしん,ไม่มีความเกรงใจ ไม่รู้จักกาลเทศะ,y
不随,ふずい,อัมพาต,y
与する,くみする,เข้าร่วม เข้าเป็นพวก,y
与党,よとう,พรรคร่วมรัฐบาล,y
世界保健機関,せかいほけんきかん,องค์การอนามัยโลก,y
世論,よろん,ประชาพิจารณ์,y
両生類,りょうせいるい,สัตว์ครึ่งบกครึ่งน้ำ,y
中性子,ちゅうせいし,นิวตรอน,y
中枢,ちゅうすう,นิวเคลียส ส่วนกลาง,y
中毒,ちゅうどく,ติด~ เสพติด,y
中肉中背,ちゅうにくちゅうぜい,（四字熟語）  รูปร่างและส่วนสูงอยู่ในมาตรฐานทั่วไป,y
丸括弧,まるかっこ,วงเล็บธรรมดา,y
主催者,しゅさいしゃ,เจ้าภาพ โฮสต์(งาน),y
主従,しゅじゅう,นายและบ่าว เจ้านายและลูกน้อง,y
主旨,しゅし,วัตถุประสงค์ เป้าหมาย,
主権,しゅけん,อำนาจอธิปไตย,y
乖離,かいり,แปลก แตกแยก,
乙女座,おとめざ,ราศีกันย์,y
乞食,こじき,ขอทาน (๒),y
亀甲,きっこう,กระดองเต่า,y
亀甲括弧,きっこうかっこ,วงเล็บกระดองเต่า,y
事勿れ主義,ことなかれしゅぎ,หลักปลอดภัยไว้ก่อน ท่าที่ที่หลีกเลี่ยงความขัดแย้งหรือการปะทะ,y
事柄,ことがら,เรื่องราว,
事項,じこう,หัวข้อ,
二の次,にのつぎ,เรื่องไม่สำคัญ ลำดับที่สอง,
二律背反,にりつはいはん,（四字熟語） ขัดแย้งกันเอง เรื่องที่ขัดแย้งกัน,y
二酸化炭素,にさんかたんそ,คาร์บอนไดออกไซด์,y
互恵,ごけい,ซึ่งกันและกัน ความสัมพันธ์ที่เป็นพันธมิตรระหว่างประเทศ,y
些細,ささい,เล็กน้อย ไม่สำคัญ,y
亜鉛,あえん,สังกะสี,y
交錯,こうさく,ซับซ้อน ผสมปนเป,
享受,きょうじゅ,การรับเอา การเพลิดเพลินกับสิ่งนั้น ๆ,
人権侵害,じんけんしんがい,การละเมิดสิทธิมนุษยชน,y
人狼,じんろう,มนุษย์หมาป่า,y
人生を謳歌する,じんせいをおうかする,มีความสุขกับชีวิต,y
人相学,にんそうがく,การดูโหงวเฮ้งของใบหน้า,y
人見知り,ひとみしり,การเข้ากับคนแปลกหน้าได้ยาก,y
人質,ひとじち,ตัวประกัน,y
仁王立ち,におうだち,ยืนข่ม ยืนเท้าสะเอว,y
仁義,じんぎ,คุณธรรม ศีลธรรม,y
仄めかす,ほのめかす,พูดเป็นนัย,y
他方,たほう,อีกฝ่าย อีกด้าน,
付き纏う,つきまとう,ตามติด ตามรังควาญ,y
付属,ふぞく,ในสังกัด ในการควบคุม,y
付録,ふろく,ภาคผนวก ของแถม,y
以心伝心,いしんでんしん,（四字熟語） ใช้ใจสื่อถึงกัน,y
仰ぐ,あおぐ,เคารพ,
仰向けに寝る,あおむけにねる,นอนหงาย,y
仲介,ちゅうかい,คนกลาง ตัวกลาง,y
任意同行,にんいどうこう,การเรียกมาสอบปากคำ,y
伏せる,ふせる,หมอบ(ไพ่),y
会心,かいしん,ได้ตามใจหวัง สมดังใจหวัง,y
会話が弾む,かいわがはずむ,พูดคุยกันอย่างเพลิดเพลิน,y
伝導体,でんどうたい,ตัวนำ(ไฟฟ้า/ความร้อน),y
伝搬,でんぱん,การถ่ายทอด การกระจาย การส่งสัญญาณ,y
低俗,ていぞく,ชั้นต่ำ ต่ำทราม สถุล (!h),y
低迷,ていめい,การตกต่ำ,y
体積,たいせき,ปริมาตร,y
体系,たいけい,ระบบ,
体裁,ていさい,รูปลักษณ์ภายนอก หน้าตาในสังคม,y
併合,へいごう,การรวมบริษัท การยึดดินแดนของประเทศ,y
供述,きょうじゅつ,การให้ปากคำ,y
侮辱,ぶじょく,การลบหลู่ดูหมิ่น การทำให้เสียเกียรติ,y
便秘,べんぴ,ท้องผูก,y
促す,うながす,กระตุ้น เสนอแนะ บีบให้กระทำ,y
促進,そくしん,การสนับสนุน ส่งเสริม ผลักดัน (!推),y
保留,ほりゅう,พักสาย รอสาย,y
保護,ほご,การอนุรักษ์ การรักษา การคุ้มครอง,y
信仰,しんこう,ความศรัทธา การเคารพบูชา,y
信楽焼き,しがらきやき,เครื่องเผา (รูปปั้นทานูกิ),y
信託,しんたく,การเชื่อใจให้จัดการทรัพย์สินให้,y
修める,おさめる,เล่าเรียน ฝึกฝน ขัดเกลาตนเอง ปรับปรุงตัว,y
修験道,しゅげんどう,ธุดงค์,y
俯瞰,ふかん,การมองลงไปจากที่สูง,y
俵,たわら,กระสอบ,y
値渡し,あたいわたし,(en: passed by value),y
倦怠感,けんたいかん,อาการอ่อนแรง,y
偏見,へんけん,ลำเอียง อคติ,y
健全,けんぜん,แข็งแรง สมบูรณ์,
健闘,けんとう,การต่อสู้อย่างเต็มกำลังและความสามารถ,y
偵察,ていさつ,สายลับ สอดแนม,y
傍受,ぼうじゅ,การดักฟังสัญญาณ,y
傑作,けっさく,ผลงานชิ้นเอก,y
傘寿,さんじゅ,การฉลองอายุ 80 ปี,y
傲慢,ごうまん,หยิ่ง,y
儚い,はかない,ไร้สาระ,
元素,げんそ,ธาตุ,y
元素記号,げんそきごう,สัญลักษณ์ธาตุ,y
兆し,きざし,ลางสังหรณ์,y
兆候,ちょうこう,แนวโน้ม ลาง แวว สัญญาณ（漢字）,y
先駆け,さきがけ,การล่วงหน้าไป การล้ำหน้า การเลยไป,y
光合成,こうごうせい,การสังเคราะห์ด้วยแสง,y
光子,こうし,โฟตอน,y
全盛,ぜんせい,ช่วงพีค ช่วงถึงขีดสุด,y
公にする,おおやけにする,เปิดเผย ประกาศให้ทราบโดยทั่วกัน,y
公平無私,こうへいむし,（四字熟語） อุเบกขา ความเป็นกลาง ความยุติธรรมไม่ลำเอียง,y
公明正大,こうめいせいだい,（四字熟語） ยุติธรรม โปร่งใส ไม่มีอะไรแอบแฝง,y
公金横領,こうきんおうりょう,ฉ้อราษฎร์บังหลวง,y
共存共栄,きょうぞんきょうえい,（四字熟語） การพึ่งพาอาศัยกัน การเจริญเติบโตไปด้วยกัน,y
典型的,てんけいてき,อย่างเป็นแบบแผน อย่างเป็นมาตรฐาน,y
内訳,うちわけ,การแจกแจงบัญชี การแจกแจงรายการ,y
円卓,えんたく,โต๊ะกลม,y
円満,えんまん,ความปรองดอง เป็นไปด้วยดี,y
再三,さいさん,ครั้งแล้วครั้งเล่า,y
再起不能,さいきふのう,（四字熟語）ไม่สามารถฟื้นตัวได้ ไม่สามารถกลับมาได้,y
冒涜,ぼうとく,การลบหลู่ (สิ่งศักดิ์สิทธิ์),y
冒頭,ぼうとう,ตอนเริ่ม ตอนต้น คำนำ ด้านหัว ด้านบน,
冥王星,めいおうせい,ดาวพลูโต,y
冴える,さえる,สุกสกาว หายง่วง แจ่มใส ฉายแวว,
冷めならぬ,さめならぬ,อารมณ์ค้าง หนังจบคนไม่จบ,
冷却,れいきゃく,การแช่เย็น การทำความเย็น,y
凌ぐ,しのぐ,อดทน ฝ่าฟัน,y
凝る,こる,แข็ง ยึด ตรึง เกร็ง,y
凝視,ぎょうし,การจับตาดู การจ้องมองดู,
几帳面,きちょうめん,พิถีพิถัน ละเอียดถี่ถ้วน เจ้าระเบียบ,y
凡例,はんれい,คำอธิบาย คำนำ (!z),y
凧,たこ,ว่าว,y
凧を揚げる,たこをあげる,ชักว่าว(ขึ้นท้องฟ้า),y
出る杭は打たれる,でるくいはうたれる,อย่าทำตัวเด่นจะเป็นภัย,y
出会い頭,であいがしら,ตัดหน้า,y
出処進退,しゅっしょしんたい,（四字熟語） การตัดสินใจว่าจะไปต่อหรือพอแค่นี้,y
出納,すいとう,การรับและจ่ายเงิน,
出資,しゅっし,การลงทุน,
出馬,しゅつば,การสมัครรับเลือกตั้ง,y
分かち合う,わかちあう,แบ่งปันกัน,
分子,ぶんし,เศษของเศษส่วน โมเลกุล,y
分岐器,ぶんきき,ประแจ (รถไฟ),y
分数,ぶんすう,เศษส่วน,y
分母,ぶんぼ,ส่วนของเศษส่วน,y
切磋琢磨,せっさたくま,พัฒนาศักยภาพ ขัดเกลาคุณภาพชีวิต,y
刑事裁判所,けいじさいばんしょ,ศาลอาญา,y
列挙型,れっきょがた,อีนูเมอเรชัน,y
利己,りこ,ผลประโยชน์ส่วนตัว ความเห็นส่วนตัว,
利息,りそく,ดอกเบี้ย (จากการกู้เงิน),y
利益,りえき,กำไร ผลประโยชน์ (!s),y
制御,せいぎょ,การควบคุม การจัดการ,
制裁,せいさい,การลงโทษ,
刺股,さすまた,ไม้ยาว ๆ มีง่ามโค้งตรงปลายสำหรับล็อกคน,y
前立腺,ぜんりつせん,ต่อมลูกหมาก,y
剣山,けんざん,แปรงหนามสำหรับช่วยจัดดอกไม้,
剥奪,はくだつ,การตัดสิทธิ การลิดรอน การปลดจากตำแหน่ง,y
割愛,かつあい,ตัดใจ,y
創刊号,そうかんごう,(หนังสือ/นิตยสาร) เล่มแรก เล่มเปิดตัว เล่มปฐมฤกษ์,y
創意,そうい,ความคิดสร้างสรรค์,y
創意工夫,そういくふう,（四字熟語） การหาวิธี การใช้ความคิดสร้างสรรค์ในการประยุกต์,y
創設,そうせつ,สถาปนา,y
功罪,こうざい,คุณและโทษ,
劣る,おとる,ด้อย สู้ไม่ได้,y
劣等,れっとう,ด้อยกว่า สู้ไม่ได้,y
劣等感,れっとうかん,ปมด้อย,
助成金,じょせいきん,เงินช่วยเหลือ,y
助演,じょえん,ตัวประกอบ (การแสดง) (漢字),y
助言,じょげん,ให้คำปรึกษา แนะนำ,
努める,つとめる,พยายาม,
労う,ねぎらう,แสดงความขอบคุณในความเหนื่อยยาก,y
動機,どうき,เหตุจูงใจ,y
勤勉,きんべん,ขยัน ความอุตสาหะ,y
勾配,こうばい,ความชัน ความลาดเอียง,y
包囲,ほうい,การล้อม การเข้าไปล้อม,y
包括,ほうかつ,ครอบคลุมทั้งหมด,
包装,ほうそう,การห่อ การบรรจุผลิตภัณฑ์,y
匍匐前進,ほふくぜんしん,การคลานไปข้างหน้า,y
医食同源,いしょくどうげん,（四字熟語） แนวความคิดการสร้างสมดุลระหว่างสุขภาพและการรับประทานอาหาร,y
匿名,とくめい,นิรนาม นามแฝง,y
千載一遇,せんざいいちぐう,（四字熟語）ร้อยวันพันปี นานทีปีหน,y
千鳥足,ちどりあし,การเดินเซ,Y
升,ます,<div>ถ้วยไม้รูปสี่เหลี่ยม<br></div>,y
半導体,はんどうたい,สารกึ่งตัวนำ,y
半月板,はんげつばん,หมอนรองกระดูก,y
卑劣,ひれつ,ต่ำช้า,y
卑猥,ひわい,ชั้นต่ำ สกปรก,
卒なく,そつなく,อย่างไม่มีตำหนิ ไม่ด่างพร้อย แม่นยำ,
協調,きょうちょう,การประนีประนอม,y
南京錠,なんきんじょう,แม่กุญแจตัวยู,y
単刀直入,たんとうちょくにゅう,(四字熟語) การเข้าประเด็น ไม่ต้องอ้อมค้อม,y
単純明快,たんじゅんめいかい,（四字熟語）เข้าใจง่าย เรียบง่าย,y
博打,ばくち,การเล่นพนัน,y
博打こき,ばくちこき,นักพนัน มือพนัน,y
博覧強記,はくらんきょうき,（四字熟語） ความรู้ความอ่านเป็นเลิศ,y
占める,しめる,ยึดครอง กินเนื้อที่,y
占有,せんゆう,การถือครอง การครอบครอง (อาจไม่ได้เป็นเจ้าของ),y
危急存亡,ききゅうそんぼう,（四字熟語） เรื่องเสี่ยง คอขาดบาดตาย,y
危機一髪,ききいっぱつ,（四字熟語） เส้นยาแดงผ่าแปด,y
即座,そくざ,ทันที ตรงนั้นเลย เดี๋ยวนั้นเลย,
原付き,げんつき,รถจักรยานยนต์ (和語),y
原始人,げんしじん,ผู้บุกเบิก,y
原子,げんし,อะตอม,y
原子核,げんしかく,นิวเคลียส,y
原稿,げんこう,ต้นฉบับ โพยสคริปต์บทพูด,y
厨房,ちゅうぼう,ครัว (ち),y
厳密,げんみつ,ละเอียดละออ เคร่งครัด,
参照渡し,さんしょうわたし,(en: passed by reference),y
双子座,ふたござ,ราศีเมถุน,y
反比例,はんひれい,แปรผกผัน,y
収める,おさめる,ได้รับ เก็บ บรรจุ,
収容所,しゅうようじょ,ค่ายกักกัน,y
取っ手,とって,ด้ามจับ ที่จับ,y
取り巻き,とりまき,บริวาร ผู้ติดตาม,y
取り締まる,とりしまる,ควบคุม ดูแล สอดส่อง ตรวจตรา,y
取引履歴,とりひきりれき,ประวัติการทำธุรธรรม,y
取捨,しゅしゃ,การคัดเลือก,y
口実,こうじつ,ข้ออ้าง ข้อแก้ตัว,
口紅,くちべに,ลิปสติก (漢字),y
口蓋,こうがい,เพดานปาก,y
口蓋垂,こうがいすい,ลิ้นไก่ (漢字),y
口車に乗せる,くちぐるまにのせる,หลอกล่อให้หลงเชื่อ,y
古典,こてん,เป็นธรรมเนียมปฏิบัติ วรรณคดี ศิลปะโบราณ เก่าแก่,
古希,こき,การฉลองอายุ 70 ปี,y
句読点,くとうてん,จุดแบ่งวรรคตอน,y
可逆圧縮,かぎゃくあっしゅく,(en: lossless compression),y
台形,だいけい,สี่เหลี่ยมคางหมู,y
台無し,だいなし,พัง ล้มไม่เป็นท่า,
叱責,しっせき,ตำหนิ,
司書,ししょ,บรรณารักษ์,y
司法権,しほうけん,อำนาจตุลาการ,y
吃音,きつおん,การพูดติดอ่าง,y
同工異曲,どうこういきょく,（四字熟語） ภายในเหมือนกันแต่ภายนอกต่างกัน,y
同胞,どうほう,เพื่อนร่วมชาติ เพื่อนร่วมเผ่าพันธุ์ พี่น้องในสายเลือด,y
名目,めいもく,ชื่อเรียก ข้ออ้างที่ยกมาบังหน้า,y
名誉毀損,めいよきそん,การทำให้เสียชื่อเสียง,y
吟じる,ぎんじる,ขับกลอน ร้อง,y
否めない,いなめない,หลีกเลี่ยงไม่ได้ ปฏิเสธไม่ได้,y
呆れる,あきれる,งงจนทำอะไรไม่ถูก พูดไม่ออก,y
呆気に取られる,あっけにとられる,ตกตะลึง,
呈する,ていする,ถวาย แสดง,
呉越同舟,ごえつどうしゅう,（四字熟語） ศัตรูขึ้นเรือลำเดียวกัน,y
呼応,こおう,การขานรับ การทำงานประสานกัน,y
咀嚼,そしゃく,การเคี้ยว,y
咆哮,ほうこう,การคำราม,y
咎める,とがめる,ตำหนิติเตียน ถามแบบตั้งแง่ ถามแบบสงสัย,y
咳払い,せきばらい,กระแอม,y
唸る,うなる,โหยหวน หอน (動詞),y
商売,しょうばい,การค้าขาย,
問答無用,もんどうむよう,（四字熟語）เถียงไปก็เท่านั้น,y
善意,ぜんい,ความปรารถนาดี จิตใจที่เอื้ออาธร,y
喘ぐ,あえぐ,คราง หายใจหอบ,y
喚く,わめく,โหวกเหวก โวยวาย ตะโกนเสียงดัง,y
喜寿,きじゅ,การฉลองอายุ 77 ปี,y
喜怒哀楽,きどあいらく,（四字熟語）อารมณ์ทั้งหลายของมนุษย์,y
喜色満面,きしょくまんめん,ใบหน้าที่เปี่ยมสุข,y
喧騒,けんそう,เสียงอึกทึก,y
喩える,たとえる,อุปมาให้เห็นภาพ,y
営む,いとなむ,ทำธุรกิจ บริหารธุรกิจ (訓読み),y
嗅覚,きゅうかく,การรับกลิ่น,y
嗚咽,おえつ,การร้องไห้สะอึกสะอื้น,y
嗜む,たしなむ,ชิม ลิ้มรส (!あ),y
嘆く,なげく,คร่ำครวญ โศกเศร้า ถอนหายใจ,y
嘔吐,おうと,อ้วก (漢字2文字),y
嘲笑,ちょうしょう,การหัวเราะเยาะ,y
嘶く,いななく,(ม้า)ร้อง,y
囚人,しゅうじん,นักโทษ,y
四六時中,しろくじちゅう,（四字熟語）ตลอดวันเวลา,y
四季折々,しきおりおり,ตามแต่ฤดูกาล,y
四方八方,しほうはっぽう,（四字熟語） ทุกทิศทุกทาง ทั่วทุกสารทิศ,y
四面楚歌,しめんそか,การถูกศัตรูล้อมทั้งสี่ด้าน,y
因む,ちなむ,เกี่ยวพัน เกี่ยวข้อง (～む),y
因数分解,いんすうぶんかい,การแยกตัวประกอบ,y
因果,いんが,สาเหตุและผล ผลกรรม,y
囮,おとり,นกต่อ ตัวล่อ ตัวหลอก,y
図星,ずぼし,การทายถูก ตรงตามที่คิด,y
固執,こしつ,การยืนกราน การยืนหยัดยึดมั่นในความคิด,y
国連,こくれん,องค์การสหประชาชาติ,y
国連民間高等弁務官事務所,こくれんみんかんこうとうべんむかんじむしょ,สำนักงานข้าหลวงใหญ่ผู้ลี้ภัยแห่งสหประชาชาติ (UNHCR),y
土俵,どひょう,เวทีเล่นซูโม่,y
土砂降り,どしゃぶり,ฝนตกหนักมาก,
圧政,あっせい,ทรราชย์ การปกครองโดยการกดขี่,y
地中海,ちちゅうかい,ทะเลเมดิเตอร์เรเนียน,y
地団駄を踏む,じだんだをふむ,กระทืบเท้า,y
地毛,じげ,ขนจริง ผมจริง,y
均一,きんいつ,เท่ากัน เสมอกัน,
垂れる,たれる,ห้อย ย้อย ย้วย,y
垂直,すいちょく,ตั้งฉาก แนวดิ่ง,y
垣間見える,かいまみえる,รู้ลึก เห็นถึงนิสัยใจคอ รู้ธาตุแท้,y
執筆,しっぴつ,การเขียน,y
執行猶予,しっこうゆうよ,รอลงอาญา,y
基幹,きかん,แกนกลาง เป็นหลัก (二文字),y
堅実,けんじつ,มั่นคง หนักแน่น,y
堤防,ていぼう,ทำนบกั้นน้ำ ตลิ่ง คันดิน,y
報う,むくう,ตอบแทน,
報道官,ほうどうかん,โฆษก,y
塒,とぐろ,การขดตัวเป็นวงกลม,y
塞ぐ,ふさぐ,ปิด (ปิดปาก ปิดจมูก ปิดฝา),y
境目,さかいめ,เส้นแบ่งขอบเขต,y
増刊号,ぞうかんごう,นิตยสารฉบับพิเศษ,y
売れ行き,うれゆき,ยอดขาย,
変温動物,へんおんどうぶつ,สัตว์เลือดเย็น,y
変貌,へんぼう,การเปลี่ยนโฉมหน้า การเปลี่ยนรูปลักษณ์,y
外交政策,がいこうせいさく,นโยบายทางการทูต,y
外科医,げかい,ศัลยแพทย์,y
多事多難,たじたなん,（四字熟語） มากเรื่องมากความ ยุ่งยาก,y
夜通し,よどおし,ทั้งคืน,
大らか,おおらか,ใจกว้าง คนง่าย ๆ,
大同小異,だいどうしょうい,（四字熟語） โดยรวมแล้วก็เหมือนกันแต่ต่างกันแค่รายละเอียดเล็ก ๆ,y
大器晩成,たいきばんせい,（四字熟語） ช้า ๆ ได้พร้าเล่มงาม,y
大御所,おおごしょ,ผู้ยิ่งใหญ่ในวงการ,y
大木,たいぼく,ต้นไม้ใหญ่,y
大胆,だいたん,ความกล้าหาญ,
大腸,だいちょう,ลำไส้ใหญ่,y
大衆,だいしゅう,สาธารณะ,
大鋸屑,おがくず,ขี้เลื่อย,y
大願成就,たいがんじょうじゅ,（四字熟語） คำอธิษฐานที่สัมฤทธิ์ผล,y
大黒柱,だいこくばしら,เสาหลักของครอบครัว,y
天下り,あまくだり,รัฐมนตรีออกจากราชการไปทำงานเอกชน เทพอวตารมาเกิด,y
天下太平／天下泰平,てんかたいへい／てんかたいへい,（四字熟語） ความสงบสุขที่มีในประเทศ,y
天地創造,てんちそうぞう,การสร้างโลกและจักรวาล,y
天変地異,てんぺんちい,（四字熟語） สภาพผิดปกติที่เกิดขึ้นของภัยธรรมชาติ,y
天守閣,てんしゅかく,ป้อมปราการในปราสาท,y
天引き,てんびき,การหักภาษี ณ ที่จ่าย,y
天然痘,てんねんとう,ฝีดาษ,y
天王星,てんのうせい,ดาวยูเรนัส,y
天秤座,てんびんざ,ราศีตุลย์,y
天道虫,てんとうむし,แมลงเต่าทอง,y
失態,しったい,การทำผิดพลาด ความผิดพลาด เสื่อมเสีย,
失敗をしでかす,しっぱいをしでかす,ทำผิดพลาด ทำพลาด,y
失神する,しっしんする,เป็นลม สลบ,
奉納,ほうのう,การถวายเป็นเครื่องสักการะบูชา,y
奮い立つ,ふるいたつ,คึกคัก ร่าเริง ฮึกเหิม,y
女王蜂,じょおうばち,นางพญาผึ้ง,y
好奇心,こうきしん,ความอยากรู้อยากเห็น จิตที่ใฝ่รู้,
妥協,だきょう,ยอมพบกันครึ่งทาง อะลุ่มอล่วย,y
妥当,だとう,เหมาะสม,
妨げる,さまたげる,ขัดขวาง กีดกั้น,
妬む,ねたむ,อิจฉา ชิงชัง,
妻子,さいし,ภรรยาและลูก,y
姪,めい,หลานสาว,y
威嚇,いかく,การข่มขวัญ,y
威張る,いばる,หยิ่งยโส ทนงตัว เบ่ง,
婦警,ふけい,ตำรวจหญิง,y
媒介,ばいかい,การเป็นพาหะ การเป็นตัวกลาง,y
媚びる,こびる,ยั่วยวน ประจบประแจง (和語),y
媚薬,びやく,ยาเสน่ห์ ยากระตุ้น,y
嫌悪,けんお,ความเกลียดชัง ความขยะแขยง,
子宮,しきゅう,มดลูก,y
孔雀,くじゃく,นกยูง,y
字下げ,じさげ,ย่อหน้า (tab),y
存命,ぞんめい,การมีชีวิตอยู่,
孤軍奮闘,こぐんふんとう,（四字熟語） การต่อสู้โดยลำพังโดยไม่มีใครช่วย,y
守備,しゅび,การป้องกัน,
安楽死,あんらくし,การุณยฆาต,
安物買いの銭失い,やすものかいのぜにうしない,(สำนวน) เสียน้อยเสียยาก เสียมากเสียง่าย,y
宙返り,ちゅうがえり,การตีลังกากลางอากาศ,y
定規,じょうぎ,ไม้บรรทัด (ไม่มี padding),y
実況見分,じっきょうけんぶん,แผนประกอบคำรับสารภาพ,y
実践,じっせん,การปฏิบัติจริง การนำทฤษฎีมาใช้ในทางปฏิบัติ,y
宮殿,きゅうでん,พระราชวัง,y
害虫駆除,がいちゅうくじょ,การกำจัดแมลงศัตรูพืช,y
宴会,えんかい,งานเลี้ยง ปาร์ตี้,y
家来,けらい,ข้าทาส ลูกน้อง สมุน,y
家畜,かちく,ปศุสัตว์,y
家臣,かしん,ข้ารับใช้,
家計,かけい,ค่าใช้จ่ายภายในครอบครัว,y
宿直,しゅくちょく,เวรกลางคืน,y
密命,みつめい,คำสั่งภายใน คำสั่งลับ,y
富貴,ふうき,คนที่ร่ำรวยและมีสถานภาพทางสังคมสูง,y
寛ぐ,くつろぐ,ทำตัวตามสบาย,y
寛大,かんだい,ใจกว้าง มีน้ำใจ,
寛容,かんよう,ไม่เคร่งครัด,y
寝相,ねぞう,ท่านอน,y
寸足らず,すんたらず,สั้นเกินไปหน่อย,y
対数目盛,たいすうめもり,สเกลลอการิธึม,y
対照的,たいしょうてき,เชิงเปรียบเทียบ,
専有,せんゆう,การเป็นเจ้าของ,y
射手座,いてざ,ราศีธนู,y
射程,しゃてい,พิกัดการยิง ขอบเขตอำนาจ,y
尊い,とうとい,สูงศักดิ์ ล้ำค่า,y
尊ぶ,とうとぶ,เคารพ นับถือ เทิดทูน ยกย่อง (!う),y
導火線,どうかせん,สายชนวน ชนวนก่อเหตุ,y
小惑星,しょうわくせい,ดาวเคราะห์น้อย,y
小数点,しょうすうてん,จุดทศนิยม,y
小腸,しょうちょう,ลำไส้เล็ก,y
尚更,なおさら,ยิ่งขึ้น ยิ่งกว่านั้น,
就航,しゅうこう,การบินของเครื่องบินประจำเส้นทางตามปกติ,y
尺取虫,しゃくとりむし,หนอนคืบ,y
屁理屈,へりくつ,คนที่พยายามเอาชนะด้วยตรรกะเหตุผลของตัวเอง,y
居間,いま,ห้องนั่งเล่น,
屈む,かがむ,นั่งยอง,y
屈折,くっせつ,การหักเห (ของคลื่น/แสง),y
屈指,くっし,โดดเด่น แนวหน้า,
属性,ぞくせい,แอททริบิวต์,y
屯する,たむろする,รวมตัว สุมหัว,y
山括弧,やまかっこ,วงเล็บมุมเหลี่ยม ＜＞,y
山羊座,やぎざ,ราศีมังกร,y
岐路,きろ,ทางแยก,
峠,とうげ,สันเขา จุดที่สูงที่สุด จุดพีค,y
島流し,しまながし,ย้ายตำแหน่งไปแผนกหรือสาขาที่ห่างไกล,y
嵩張る,かさばる,ใหญ่ เทอะทะ,y
巣窟,そうくつ,รังโจร,y
工夫,くふう,การประยุกต์ดัดแปลง,y
左遷,させん,ย้ายตำแหน่งไปต่ำกว่า,y
巧み,たくみ,ความฉลาด,
差し押さえる,さしおさえる,อายัด,y
巷,ちまた,กลางเมือง จุดเกิดเหตุ,
巻き尺,まきじゃく,ตลับเมตร,y
巻末,かんまつ,ตอนจบของหนังสือ ตอนท้ายของหนังสือ,y
巻頭,かんとう,ช่วงเริ่มของหนังสือ บทกลอน,y
市庁舎,しちょうしゃ,อาคารเทศบาลเมือง,y
市松模様,いちまつもよう,ลายตารางหมากรุก,y
希釈,きしゃく,การเจือจาง,y
帝王切開,ていおうせっかい,การผ่าคลอด,y
帰化,きか,การเปลี่ยนสัญชาติ การย้ายสัญชาติ,y
帰国子女,きこくしじょ,คนที่เดินทางกลับประเทศของตน,y
幕末,ばくまつ,ช่วงปลายของยุครัฐบาลโชกุน,y
干拓,かんたく,การถมดินเพื่อนำมาใช้ประโยชน์,y
干支,えと,ปีนักษัตร,y
干渉,かんしょう,การแทรกสอด การแทรกแซง การรบกวน (ของคลื่นสัญญาณ),y
平々凡々,へいへいぼんぼん,ธรรมด๊าธรรมดา สามัญ,y
平行四辺形,へいこうしへんけい,สี่เหลี่ยมด้านขนาน,y
年功序列,ねんこうじょれつ,ระบบการกำหนดค่าจ้างและตำแหน่งตามอาวุโส,y
幹,みき,ลำต้น แกน,y
幼年期,ようねんき,วัยทารก วัยเด็ก,y
幾何学,きかがく,เรขาคณิต,y
庇う,かばう,เถียงแทน โต้แย้งแทน ปกป้อง,y
序文,じょぶん,คำนำ (!h),y
度胸,どきょう,กล้าหาญ (!か),y
庶民,しょみん,ชาวบ้าน ประชาชน,
廃れる,すたれる,เลิกใช้ ล้าสมัย เสื่อม,y
廃墟,はいきょ,ซากอาคาร บ้านร้าง,y
弁える,わきまえる,ใช้วิจารณญาณแยกแยะได้อย่างถูกต้อง รู้ผิดรู้ถูก,y
弁解,べんかい,การแก้ตัว การชี้แจง,y
弄ぶ,もてあそぶ,เห็นเป็นของเล่น เล่นเป็นของเล่น,y
引き裂く,ひきさく,ฉีก ทำให้แยกทางกัน,y
弥勒菩薩,みろくぼさつ,พระศรีอริยเมตไตรย,y
強行,きょうこう,การฝืนทำ การบังคับ,
強行採決,きょうこうさいけつ,การฝืนลงคะแนนตัดสิน,y
強調,きょうちょう,เน้น,y
強迫性障害,きょうはくせいしょうがい,โรคย้ำคิดย้ำทำ (OCD),y
弾幕,だんまく,ยิงสาดกระสุน,y
彗星,すいせい,ดาวหาง,y
形見,かたみ,ของดูต่างหน้า,y
彩る,いろどる,แต่งเติมสีสัน,y
往時,おうじ,สมัยโบราณ อดีต,
待ち構える,まちかまえる,เตรียมรอ เฝ้ารอ,
待ち針,まちばり,เข็มหมุด,y
待遇,たいぐう,การต้อนรับแขก การได้รับการปฏิบัติ,
律する,りっする,กำหนด ปฏิบัติ,
後ろ盾,うしろだて,ผู้สนับสนุน ผู้หนุนหลัง,y
徐に,おもむろに,จู่ ๆ ก็ อยู่ดี ๆ ก็,
徐行,じょこう,การชะลอรถ,y
徒競走,ときょうそう,การวิ่งแข่ง,y
従来,じゅうらい,จากอดีตถึงปัจจุบัน,y
従順,じゅうじゅん,ว่าง่าย ที่เชื่อฟัง,
御用になる,ごようになる,โดนจับ (!捕),y
復号化,ふくごうか,การถอดรหัส,y
復興,ふっこう,การกลับมารุ่งเรือง การฟื้นฟูบูรณะ,
徹底,てってい,การทำถึงที่สุด การทำอย่างเต็มที่,y
心ここにあらず,こころここにあらず,ใจไม่อยู่กับเนื้อกับตัว,y
心技体,しんぎたい,ความพร้อมในการแข่งขันทั้งด้านร่างกาย เทคนิค และจิตใจ,y
心機一転,しんきいってん,(四字熟語) การกลับใจ การเริ่มต้นใหม่,y
志,こころざし,ความตั้งใจ ความมุ่งมั่น ความปรารถนา,y
志向,しこう,ตั้งใจ เจตนา จงใจ,
応急処置,おうきゅうしょち,การปฐมพยาบาลเบื้องต้น,y
忠告する,ちゅうこくする,ให้คำปรึกษา แนะนำ,
忠実,ちゅうじつ,ซื่อสัตย์ ซื่อตรง จริงจัง ตามความเป็นจริง,
忠誠,ちゅうせい,ความซื่อสัตย์,
快い,こころよい,สบายใจ สนุกสนาน พอใจ ยินดี,
念頭,ねんとう,ในใจ ในความคิด,
怠ける,なまける,ทำตัวขี้เกียจ นั่ง ๆ นอน ๆ ไม่ทำอะไร,y
怠る,おこたる,ไม่สนใจ ไม่เอาใจใส่,y
怯える,おびえる,ตื่นตระหนก ตกใจกลัว,y
恒例,こうれい,เหมือนทุกครั้ง เหมือนที่เคยผ่านมา สิ่งที่ทำติดต่อกันมาจนเป็นประเพณี,y
恒温動物,こうおんどうぶつ,สัตว์เลือดอุ่น,y
恥じらい,はじらい,ขี้อาย,y
恩恵,おんけい,ความกรุณา พระคุณ,
恩赦,おんしゃ,การอภัยโทษ,y
息継ぎ,いきつぎ,การหายใจระหว่างร้องเพลงหรือเป่าเครื่องดนตรี,y
悟る,さとる,บรรลุแจ้ง ตระหนัก เข้าใจ,y
情勢,じょうせい,สถานการณ์ปัจจุบัน,y
情熱,じょうねつ,ความคลั่งไคล้,y
惚ける,とぼける,แกล้งทำเป็นใสซื่อ เปิ่น แกล้งโง่,y
惚気,のろけ,การแสดงความชื่นชมในตัวภรรยาหรือสามี,y
惰性,だせい,แรงเฉื่อย,y
意地張る,いじはる,ดื้อรั้น,y
意気投合,いきとうごう,（四字熟語） คิดเหมือนกัน ใจตรงกัน,y
意気消沈,いきしょうちん,（四字熟語） หมดอาลัยตายอยาก,y
意義,いぎ,ความหมาย,
愕然,がくぜん,ตะลึง,
愚痴,ぐち,การบ่นไม่เป็นเรื่อง,
愛でる,めでる,เอ็นดู ชื่นชม,y
感激,かんげき,ความตื้นตัน ความประทับใจ,
慎重,しんちょう,อย่างละเอียดถี่ถ้วน,
慣用句,かんようく,สำนวนโวหาร,
慰労会,いろうかい,งานเลี้ยงขอบคุณ สำหรับความเหนื่อย,y
慰霊碑,いれいひ,ป้ายหลุมศพ,y
憔悴,しょうすい,ผอมซูบ อิดโรย,y
憩い,いこい,การพักผ่อน,
憩いの場,いこいのば,สถานที่พักผ่อน,y
懲りる,こりる,เข็ดหลาบ,y
懺悔,ざんげ,การสารภาพบาป,y
成す術がない,なすすべがない,ไม่มีทางทำอะไรได้ ทำอะไรไม่ได้เลย ไม่มีหนทาง,y
成熟,せいじゅく,การเจริญเติบโตเต็มที่,y
成金,なりきん,เศรษฐี คนอวดรวย,y
我武者羅,がむしゃら,บ้าระห่ำ หามรุ่งหามค่ำ,y
我田引水,がでんいんすい,（四字熟語） เอาแต่ประโยชน์ของตัวเองเป็นหลัก,y
戒める,いましめる,ห้ามปราม ตักเตือน ตำหนิ ว่ากล่าวสั่งสอน,
戒名,かいみょう,ชื่อในงานศพ,y
戦略,せんりゃく,กลยุทธ์ ยุทธศาสตร์,y
戯れる,たわむれる,หยอกเย้า แหย่ จีบ,y
所得税,しょとくぜい,ภาษีเงินได้,y
所詮,しょせん,ผลสุดท้าย ในที่สุด ท้ายที่สุด,y
所轄,しょかつ,ขอบเขตของอำนาจ ขอบเขตของการปกครองดูแล,y
扁桃腺,へんとうせん,ต่อมทอนซิล,y
手の甲,てのこう,หลังมือ,y
手取り,てどり,เงินได้สุทธิ,y
手品,てじな,มายากล การเล่นกล,y
手品師,てじなし,นักมายากล (คำญี่ปุ่น),y
手当て,てあて,เบี้ยเลี้ยง เงินช่วยเหลือ,
手探り,てさぐり,การคลำหา การใช้มือควานหา,y
手枷足枷,てかせあしかせ,การพันธนาการ การจำกัดอิสรภาพ,y
手榴弾,しゅりゅうだん,ระเบิดน้อยหน่า,y
手段,しゅだん,วิธี หนทาง,y
手織り,ており,ผ้าทอมือ การทอผ้าด้วยมือ,y
手裏剣,しゅりけん,ดาวกระจาย,y
手錠,てじょう,กุญแจมือ,y
手頃,てごろ,กำลังดี พอเหมาะ สมน้ำสมเนื้อ,y
抉る,えぐる,คว้าน เจาะ เผชิญหน้า,y
把握,はあく,การจับจนแน่น การเข้าใจเป็นอย่างดี,
抑制,よくせい,การควบคุมให้อยู่ในขอบเขต,y
投資家,とうしか,นักลงทุน,y
抗う,あらがう,ต่อต้าน แข็งขืน,
折り返す,おりかえす,วกกลับ โทรกลับ ติดต่อกลับ,y
披露宴,ひろうえん,งานเลี้ยงงานแต่งงาน งานเฉลิมฉลอง,y
抱擁,ほうよう,การกอด,y
抱負,ほうふ,ความตั้งใจที่จะทำ ความคาดหวัง เป้าหมาย (เช่น ปีใหม่),y
抵抗器,ていこうき,ตัวต้านทาน,y
抽象,ちゅうしょう,นามธรรม,y
担う,になう,แบก ขน รับภาระ,
担保,たんぽ,การจำนอง การค้ำประกันในการชำระหนี้,y
担架,たんか,เปลสนาม,y
拉致,らち,การลักพาตัว,y
拒む,こばむ,ปฏิเสธ (!断),y
拗ねる,すねる,งอน,y
拙い,つたない,แย่ เลวร้าย,
拙者,せっしゃ,ฉัน,
拙著,せっちょ,หนังสือของฉัน ผลงานของฉัน,y
拝む,おがむ,ไหว้ รับชม (รูปถ่อมตัวของ 見る),y
拡張子,かくちょうし,นามสกุลไฟล์,y
括約筋,かつやくきん,หูรูด,y
拳,こぶし,กำปั้น,y
拾得,しゅうとく,การเก็บของได้ การหาเจอของที่คนทำหาย,y
持久力,じきゅうりょく,อึด ทรหด สมาธิ,
挑発,ちょうはつ,ยั่วยุ ยั่วยวน (漢字),y
挫ける,くじける,ยอมแพ้ ตัดใจ อ่อนกำลังลง อ่อนแรง (!お),y
振る舞う,ふるまう,กระทำ ประพฤติ เลี้ยงต้อนรับ,
振幅,しんぷく,แอมพลิจูดคลื่น,y
捏ねる,こねる,นวด (แป้ง),y
捏造,ねつぞう,การกุเรื่องขึ้น การปั้นน้ำให้เป็นตัว,y
捕捉,ほそく,การจับ(ศัตรู) การจับ(ความหมาย),y
捕虜,ほりょ,เชลย,y
捻挫,ねんざ,ข้อพลิก / แพลง,y
掃く,はく,กวาด,y
授与,じゅよ,มอบให้,
掌,てのひら,ฝ่ามือ อุ้งมือ,y
排他的論理和,はいたてきろんりわ,XOR,y
排泄,はいせつ,การขับถ่าย การกำจัดของเสียออกจากร่างกาย,y
掟,おきて,กฎชุมชน,y
採決,さいけつ,การลงคะแนนตัดสิน,y
採算,さいさん,ผลกำไร ผลประโยชน์ (!r),y
控訴,こうそ,การยื่นอุธรณ์,y
控除,こうじょ,การลดหย่อนภาษี การหักออก,y
推奨,すいしょう,การแนะนำ การสนับสนุน การเชิดชู,
推移,すいい,การเปลี่ยนผัน การเปลี่ยนแปลงตามเวลา,y
推薦,すいせん,การเสนอชื่อให้ดำรงตำแหน่ง,y
推進,すいしん,การขับเคลื่อน การสนับสนุน การส่งเสริม,y
措置,そち,การจัดการ,
掲載,けいさい,ตีพิมพ์,y
揉み消す,もみけす,ปิดข่าว,y
提示,ていじ,การนำออกมาแสดง การยื่นเอกสาร,
揶揄,やゆ,การหยอกล้อ เย้าแหย่,
揺り籠,ゆりかご,เปล,y
損なう,そこなう,ทำเสียหาย,y
携える,たずさえる,ถือ พาไปด้วย,
搾取,さくしゅ,การรีดไถ การเอาเปรียบ,y
摂取,せっしゅ,การรับเข้า,
摂氏,せっし,องศาเซลเซียส,y
摘発,てきはつ,การเปิดโปง การตีแผ่ การกวาดล้าง การบุกทะลาย,y
撥音,はつおん,เสียง ん,y
操る,あやつる,ควบคุม เชิด บังคับ,y
擦り付ける,なすりつける,โทษ โยนความผิด ป้ายความผิด,y
擦れる,すれる,กระทบ เสียดสี ถลอก สึก,y
支配下,しはいか,อยู่ภายใต้อาณานิคม,
改革,かいかく,ปฏิรูป,y
攻勢,こうせい,การโจมตี การรุกราน,
放射能汚染,ほうしゃのうおせん,การปนเปื้อนสารกัมมันตรังสี,y
政府官邸,せいふかんてい,ทำเนียบรัฐบาล,y
故人,こじん,ผู้วายชนม์,y
救世主,きゅうせいしゅ,ผู้กอบกู้โลก พระผู้ช่วย,y
救済,きゅうさい,การปลดเปลื้อง(หนี้) การบรรเทาทุกข์,y
救護班,きゅうごはん,หน่วยพยาบาล กู้ชีพ,y
教師あり学習,きょうしありがくしゅう,(en: supervised learning),y
教師なし学習,きょうしなしがくしゅう,(en: unsupervised learning),y
教徒,きょうと,ศาสนิกชน,y
敬う,うやまう,เคารพนับถือ (!と),
数学的帰納法,すうがくてききのうほう,การอุปนัยทางคณิตศาสตร์ (en: mathematical induction),y
数珠,じゅず,ลูกประคำ,y
整える,ととのえる,จัดเตรียม จัดแจงให้เรียบร้อย,
整数,せいすう,จำนวนเต็ม,y
敷く,しく,ปู (ที่นอน),y
文字列,もじれつ,สตริง (คอมพิวเตอร์),y
文献,ぶんけん,เอกสาร หนังสือ,
文脈,ぶんみゃく,บริบท,y
料亭,りょうてい,ร้านอาหารญี่ปุ่น,
斬首,ざんしゅ,การตัดหัว การตัดคอ,y
断崖絶壁,だんがいぜっぺき,หน้าผาสูงชัน,y
新疆,しんきょう,ซินเจียง,y
方位磁針,ほういじしん,เข็มทิศ,y
方眼紙,ほうがんし,กระดาษตาราง กระดาษกราฟ,y
方針,ほうしん,นโยบาย เป้าหมาย,
旋毛,つむじ,ลายก้นหอย ขวัญบนหัว,y
日付,ひづけ,วันที่,y
旺盛,おうせい,เต็มเปี่ยม ท่วมท้น,
昇華,しょうか,การระเหิด,y
昇順,しょうじゅん,เรียงจากน้อยไปมาก,y
明朗快活,めいろうかいかつ,（四字熟語） ร่าเริงแจ่มใส,y
星雲,せいうん,เนบิวลา,y
時々刻々,じじこっこく,（四字熟語）ทุกเวลา ทุกขณะ,y
時効,じこう,อายุความ,y
時報,じほう,การเทียบเวลา,y
時節柄,じせつがら,(คำทักทายในจดหมาย) ในช่วงเวลานี้ ในช่วงฤดูกาลนี้,y
晒す,さらす,แฉ,y
晩婚,ばんこん,การแต่งงานช้า,y
晩年,ばんねん,บั้นปลายชีวิต ช่วงหลัง,y
晩節,ばんせつ,ช่วงหลัง ช่วงบั้นปลาย,
晩酌,ばんしゃく,การดื่มเหล้าช่วงอาหารเย็นหรือก่อนนอน,y
普及,ふきゅう,การเผยแพร่ การแพร่หลาย,
景気,けいき,สภาพเศรษฐกิจ,y
晴耕雨読,せいこううどく,（四字熟語）ทำงานในไร่วันแดดออก อ่านหนังสืออยู่บ้านวันฝนตก,y
暁,あかつき,ยามเช้า,
暖炉,だんろ,เตาผิง,y
暗号化,あんごうか,การเข้ารหัส,y
暗唱,あんしょう,ท่องจากความจำ,y
暗算,あんざん,การคิดคำนวณในใจ,
暗黙,あんもく,โดยปริยาย,y
暴く,あばく,ขุดคุ้ย แฉ เปิดโปง (和語),y
暴露,ばくろ,แฉ เปิดโปง (漢字),y
更迭,こうてつ,การย้ายตำแหน่งไปช่วยราชการ,y
書留,かきとめ,จดหมายแบบลงทะเบียน,y
最高裁判所,さいこうさいばんしょ,ศาลฎีกา,y
有益,ゆうえき,เป็นประโยชน์,
服役,ふくえき,การรับโทษ,y
朗読,ろうどく,การอ่านออกเสียง,y
朝三暮四,ちょうさんぼし,（四字熟語） ฟังดูเหมือนจะต่างกันแต่จริง ๆ แล้วเหมือนกัน,y
朝令暮改,ちょうれいぼかい,（四字熟語） เช้าอย่างเย็นอย่าง กลับคำอยู่บ่อย ๆ,y
朝飯前,あさめしまえ,เรื่องเล็กน้อย เรื่องง่าย ๆ กล้วย ๆ,y
木綿,もめん,ฝ้าย นุ่น,y
未熟,みじゅく,ยังไม่ชำนาญ ประสบการณ์น้อย ดิบ,y
本家本元,ほんけほんもと,（四字熟語） ต้นตำรับแรกสุด,y
本能,ほんのう,สัญชาตญาณ,y
朱に交われば赤くなる,しゅにまじわればあかくなる,คบคนพาล พาลพาไปหาผิด คบบัณฑิต บัณฑิตพาไปหาผล,y
朱雀,すざく,หงส์แดง,y
朽ちる,くちる,เน่า ผุพัง เสื่อมสลาย,y
朽ち葉,くちば,ใบไม้แห้ง,y
村八分,むらはちぶ,เนรเทศ ขับไล่,y
杖,つえ,ไม้เท้า,y
杜撰,ずさん,ชุ่ย มักง่าย,y
束縛,そくばく,การจำกัดการกระทำ การควบคุมการกระทำ,
杭,くい,เสาเข็ม,y
松竹梅,しょうちくばい,ต้นสนไผ่บ๊วย สินค้าเกรดสูงกลางต่ำ,y
果敢,かかん,กล้าหาญ,
果樹園,かじゅえん,สวนผลไม้,y
枠,わく,กรอบ รั้ว ขอบเขต โครง,
枠組み,わくぐみ,กรอบ ขอบข่ายงาน,y
枢密,すうみつ,องคมนตรี,y
枷,かせ,ตรวน เครื่องพันธนาการ,y
柔術,じゅうじゅつ,ศิลปะการป้องกันตัว,Y
柵,さく,รั้วไม้ รั้วล้อม,y
栄転,えいてん,เลื่อนขั้นไปหน่วยอื่น,y
栞,しおり,ที่คั่นหนังสือ กำหนดการเดินทาง,y
核心,かくしん,แก่น ใจกลาง เมล็ด,y
根底,こんてい,รากเหง้า รากฐาน ต้นกำเนิด,y
根拠,こんきょ,มูลความจริง,y
格納,かくのう,การเก็บไว้ในโรงเก็บ การเก็บไว้ในหน่วยความจำของคอมพิวเตอร์,y
栽培,さいばい,การเพาะปลูกพืช,y
案山子,かかし,หุ่นไล่กา,y
桑,くわ,หม่อน,y
梱包,こんぽう,การห่อ (พัสดุ),y
棄権,きけん,สละสิทธิ์,y
植木鉢,うえきばち,กระถางต้นไม้,y
植樹,しょくじゅ,การปลูกต้นไม้,y
検察官,けんさつかん,อัยการ,y
検死,けんし,ชันสูตร (ตรวจหาสาเหตุการตาย อาจจะไม่ผ่า),y
検疫,けんえき,การกักกันเพื่อป้องกันโรคติดต่อ,y
検討,けんとう,การพิจารณา,y
楔形文字,くさびがたもじ,อักษรลิ่ม,y
楕円,だえん,วงรี,y
業績,ぎょうせき,ผลประกอบการ,y
極まる,きわまる,มาก ๆ ถึงที่สุด สิ้นสุด ถึงทางตัน,y
極楽浄土,ごくらくじょうど,แดนสุขาวดี,y
楽隊,がくたい,วงดุริยางค์,y
概念,がいねん,แนวความคิด,y
槍（やり）,,หอก,y
標本,ひょうほん,กลุ่มตัวอย่าง (สถิติ),y
標識,ひょうしき,เครื่องหมาย ป้าย สัญญาณ,y
模倣,もほう,การลอกเลียนแบบ,y
模写,もしゃ,คัดลอก ลอกแบบ,y
模型,もけい,โมเดลจำลอง,
横向きに寝る,よこむきにねる,นอนตะแคง,y
横隔膜,おうかくまく,กะบังลม,y
樹木,じゅもく,ต้นไม้（漢字）,y
橇,そり,เกวียนลาก,y
欠陥,けっかん,ข้อบกพร่อง ตำหนิ จุดด่างพร้อย,y
欧州連合,おうしゅうれんごう,สหภาพยุโรป,y
欲張り,よくばり,ความโลภ,y
欺く,あざむく,หลอกลวง (訓読み),y
正当防衛,せいとうぼうえい,การป้องกันตัวสมควรแก่เหตุ,y
正規品,せいきひん,สินค้าของแท้ ถูกลิขสิทธิ์,y
正視,せいし,การมองตรง การเผชิญหน้า,
武将,ぶしょう,นายพล ผู้บัญชาการทหาร,y
歯に衣着せぬ,はにきぬきせぬ,พูดจาขวานผ่าซาก (歯),y
歯石,しせき,หินปูน,y
歯茎,はぐき,เหงือก,y
段取り,だんどり,แผนการดำเนินงาน ขั้นตอน,
母集団,ぼしゅうだん,ประชากร (สถิติ),y
比例,ひれい,แปรผันตรง,y
気晴らし,きばらし,การทำจิตใจให้สดชื่น การหาความบันเทิง,y
気絶する,きぜつする,เป็นลม สลบ,
水平,すいへい,เส้นแนวนอน,y
水準,すいじゅん,ระดับน้ำ ระดับมาตรฐาน,
水瓶座,みずがめざ,ราศีกุมภ์,y
水素,すいそ,ไฮโดรเจน,y
氷柱,つらら,แท่งน้ำแข็ง,y
氷点下,ひょうてんか,อุณหภูมิติดลบ,y
汎用,はんよう,การใช้ได้หลากหลาย เอนกประสงค์,y
汗ばむ,あせばむ,เหงื่อไหล,y
汽笛,きてき,หวูดไอน้ำ,y
沈殿,ちんでん,การตกตะกอน,y
沈黙,ちんもく,การนิ่งเงียบ,y
河口,かこう,ปากแม่น้ำ,y
治外法権,ちがいほうけん,สิทธิสภาพนอกอนาเขต,y
沿う,そう,แล่น เลียบไปตาม ทำตาม,y
沿道,えんどう,ข้างทาง สองฟากทาง,y
法廷,ほうてい,ห้องพิจารณาคดี,y
波括弧,なみかっこ,วงเล็บปีกกา,y
泣き寝入り,なきねいり,นอนร้องไห้,y
泥酔,でいすい,เมาหัวราน้ำ,y
注釈,ちゅうしゃく,การอธิบายประกอบ คำอธิบายเพิ่มเติม เชิงอรรถ,y
洋裁,ようさい,การตัดเย็บเสื้อผ้าแบบตะวันตก,y
洗練する,せんれんする,ขัดเกลา,y
活かす,いかす,ปล่อยให้มีอยู่ ใช้ให้เป็นประโยชน์,y
派遣,はけん,การส่งไปประจำ,y
派閥,はばつ,กลุ่มพวกพ้อง,y
流産,りゅうざん,การแท้ง,y
浪費,ろうひ,ใช้อย่างสิ้นเปลือง,y
浮動小数点数,ふどうしょうすうてんすう,ระบบทศนิยมในคอมพิวเตอร์ (floating point),y
浮腫む,むくむ,บวม เป่ง,y
海王星,かいおうせい,ดาวเนปจูน,y
浸水,しんすい,น้ำท่วมขัง (!か行),y
浸透,しんとう,ซึมซาบ,
消極的,しょうきょくてき,ไม่คล่องแคล่ว ไม่กระตือรือร้น ไม่เป็นฝ่ายรุกหรือเข้าหา,y
消耗,しょうもう,การเผาผลาญ การใช้งาน การใช้พลังงาน,y
淹れる,いれる,ชงเครื่องดื่ม ทำเครื่องดื่ม,y
渇望,かつぼう,ความปรารถนาอย่างยิ่ง การอยากได้มาก,y
減衰,げんすい,การลดทอน การหน่วง การอ่อนกำลัง,
渦中,かちゅう,ในวังวน การเข้าไปพัวพันกับปัญหาหรือความยุ่งยาก,y
温厚,おんこう,สุภาพอ่อนโยน,y
温情,おんじょう,ความมีน้ำใจ,
渾身,こんしん,ทั่วทั้งร่าง,
湿布,しっぷ,แผ่นประคบ กอเอี๊ยะ,y
溶接,ようせつ,การเชื่อมโลหะ,y
滅ぶ,ほろぶ,ล่มสลาย พินาศ (訓読み),y
滑稽,こっけい,ตลก,
滞る,とどこおる,ชะงัก,y
漁る,あさる,หาปลา งมน้ำ งมหา,y
漂う,ただよう,ล่องลอย ท่องไปอย่างไร้จุดหมาย,y
漏洩,ろうえい,การรั่วไหล,y
演算子,えんざんし,ตัวดำเนินการทางคณิตศาสตร์,y
潔い,いさぎよい／いさぎいい,กล้าที่จะตัดใจ,y
潔白,けっぱく,ไม่มีความผิด บริสุทธิ์ ไม่มีพิษภัย (!z),y
潜む,ひそむ,ซุ่มซ่อน หลบ,
潜在,せんざい,การหลบอยู่ภายใน ด้านใต้ อยู่ในจิตใต้สำนึก,
潮汐,ちょうせき,น้ำขึ้นน้ำลง,y
澱む,よどむ,(น้ำ)ขัง,y
激励,げきれい,การให้กำลังใจ,y
濁る,にごる,ขุ่น เสียงขุ่น (กริยา),y
瀕死状態,ひんしじょうたい,สภาวะใกล้ตาย,y
瀬戸際,せとぎわ,ภาวะวิกฤต ตัวชี้ชะตา หัวเลี้ยวหัวต่อ,y
火種,ひだね,ต้นเพลิง สาเหตุที่ทำให้เกิดเรื่องวุ่นวาย,y
火薬,かやく,ดินปืน,y
灯台,とうだい,ประภาคาร,y
灯油,とうゆ,น้ำมันก๊าด,y
炎天下,えんてんか,กลางแจ้งในวันที่แดดจัด,y
炭水化物,たんすいかぶつ,คาร์โบไฮเดรต,y
点呼,てんこ,การขานชื่อทีละคน,y
点検,てんけん,ตรวจตราทีละจุด ตรวจอย่างละเอียด<br>,y
為政者,いせいしゃ,ผู้ปกครองบ้านเมือง,
焙煎する,ばいせんする,คั่ว,y
無我夢中,むがむちゅう,（四字熟語）ทำอย่างไม่คิดชีวิต หมกมุ่นในสิ่งหนึ่งโดยไม่รู้ตัว,y
無洗米,むせんまい,ข้างที่หุงได้เลยแบบไม่ต้องล้าง,y
無神経,むしんけい,ไม่นึกถึงใจเขาใจเรา ไม่รู้สึกรู้สา,y
無線呼び出し,むせんよびだし,เพจเจอร์ (和語),y
無謀,むぼう,สะเพร่า ไม่รู้จักคิด ไม่รู้จักไตร่ตรองให้รอบคอบ (漢字),y
焦らす,じらす,แหย่ ทำให้ฉุนเฉียว,y
照合,しょうごう,การเปรียบเทียบ การตรวจเทียบ,
煩わしい,わずらわしい,ยุ่งยาก น่ารำคาญ,
熟練,じゅくれん,ได้รับการฝึกทักษะ (en: skilled),y
熱心,ねっしん,ความกระตือรือร้น,
熱意,ねつい,ความปรารถนา ความกระตือรือร้น,
熱燗,あつかん,สาเกอุ่น,y
熾烈,しれつ,รุนแรง ดุเดือด,
燦然,さんぜん,สุกใส เป็นประกาย รุ่งโรจน์,
爬虫類,はちゅうるい,สัตว์เลื้อยคลาน,y
片栗粉,かたくりこ,แป้งมัน,y
版画,はんが,ภาพพิมพ์,y
牡牛座,おうしざ,ราศีพฤษภ,y
牡羊座,おひつじざ,ราศีเมษ,y
牢屋,ろうや,คุก,
物乞い,ものごい,ขอทาน (๓),y
物差し,ものさし,ไม้บรรทัด,y
物色,ぶっしょく,เลือก คัดสรร เฟ้นหา รูปร่างสีสัน,
物質,ぶっしつ,สาร วัสดุ (ฟิสิกส์),y
牽制,けんせい,การสกัดกั้น,y
狂牛病,きょうぎゅうびょう,โรควัวบ้า,y
狛犬,こまいぬ,รูปปั้นสุนัขเฝ้าประตู,y
狩猟,しゅりょう,การล่าสัตว์,y
独り占め,ひとりじめ,เอกสิทธิ์ ผูกขาด,y
独断専行,どくだんせんこう,（四字熟語） ทำตามที่ใจคิด ลุยเดี่ยว,y
独楽,こま,ลูกข่าง,y
独立自尊,どくりつじそん,（四字熟語） พึ่งพาตนเอง ก้าวหน้าด้วยตนเองและชื่นชมตนเอง,y
狸寝入りする,たぬきねいりする,แกล้งหลับ,y
猟奇,りょうき,ที่แปลกประหลาด ที่ลึกลับ,
猫糞,ねこばば,การเอาของคนอื่นมาเป็นของตัวเอง,y
猫背,ねこぜ,หลังค่อม,y
献血,けんけつ,การบริจาคเลือด,y
猶予,ゆうよ,ลังเล เลื่อน ผัดผ่อน,y
獅子座,ししざ,ราศีสิงห์,y
玄武,げんぶ,เต่าดำ,y
率いる,ひきいる,นำ เป็นหัวหน้า,y
率先,そっせん,การทำให้ดูเป็นเยี่ยงอย่าง,
珪藻土,けいそうど,ดินเบา,y
琥珀,こはく,สีเหลืองอำพัน,y
瓜,うり,พืชจำพวกแตง (う),y
瓜二つ,うりふたつ,เหมือนกันราวกับแกะ,y
甘味処,あまみどころ,ร้านขนมหวาน,
生き霊,いきりょう,วิญญาณคนเป็น,y
生け贄,いけにえ,ผู้ถูกบูชายัญ,y
生態系,せいたいけい,ระบบนิเวศ,y
生殖,せいしょく,การแพร่พันธ์ การขยายพันธุ์,y
甥,おい,หลานชาย,y
由緒,ゆいしょ,ประวัติความเป็นมา ความเก่าแก่,y
甲冑,かっちゅう,ชุดและหมวกเกราะ,y
甲斐性,かいしょう,ความเป็นที่พึ่งพาได้ ความน่าเชื่อถือ,y
画鋲,がびょう,หมุด,y
界隈,かいわい,บริเวณ,
異口同音,いくどうおん,（四字熟語） พูดเป็นเสียงเดียวกัน,y
疎,そ,หรอมแหรม ห่างไกล แตกแยก,
疎か（おろか）,,ไม่ต้องพูดถึง,y
疎か（おろそか）,,ไม่เอาใจใส่ แบบลวก ๆ ขอไปที,y
疑心暗鬼に駆られる,ぎしんあんきにかられる,ตกอยู่ในความหวาดระแวงไปทุกเรื่อง,y
疑心暗鬼を生ず,ぎしんあんきをしょうず,หวาดระแวงไปทุกเรื่อง,y
疫学,えきがく,ระบาดวิทยา,y
疼く,うずく,เจ็บ ปวด รวดร้าว,y
疼痛,とうつう,อาการปวดตุ๊บ ๆ,y
病床,びょうしょう,เตียงผู้ป่วย,y
痕跡,こんせき,ร่องรอย หลักฐานที่ทิ้งไว้,
痙攣,けいれん,กล้ามเนื้อกระตุก หดเกร็ง,y
発足,ほっそく,การออกเดินทาง,
登竜門,とうりゅうもん,ประตูสู่ความสำเร็จ,y
白状,はくじょう,การสารภาพ การเปิดเผยความผิดของตัวเอง,y
白虎,びゃっこ,สิงห์ขาว,y
百害あって一利なし,ひゃくがいあっていちりなし,(สำนวน) มีแต่เรื่องแย่ ๆ ไม่มีเรื่องดี ๆ เลย,y
的を射る,まとをいる,เข้าใจ จับประเด็นได้ ตรงเป้า,y
皆勤賞,かいきんしょう,รางวัลสำหรับพนักงานที่มาทำงานโดยไม่ขาดงาน,y
目が眩む,めがくらむ,ตาพร่า หน้ามืดตามัว,y
目が肥える,めがこえる,มีตาดี ตาถึง เทสดี,y
目出し帽,めだしぼう,หมวกไอ้โม่ง,y
目盛り,めもり,สเกล(ในกราฟ),y
目論む,もくろむ,วางแผนการ,y
目論見,もくろみ,แผนการ,
盲腸炎,もうちょうえん,ไส้ติ่งอักเสบ (!ち),y
直向き,ひたむき,ทุ่มเท ใจจดใจจ่อ มุ่งกับ,y
直積,ちょくせき,ผลคูณคาร์ทีเซียน,y
直箸,じかばし,การเอาตะเกียบคีบอาหารโดยตรง,y
相俟って,あいまって,อาศัย (2 สิ่ง) ประกอบกัน,y
相対的,そうたいてき,เชิงสัมพัทธ์,y
相応しい,ふさわしい,เหมาะสม,
相棒,あいぼう,หุ้นส่วน,y
相関,そうかん,ความเกี่ยวข้องกัน,y
眉間,みけん,หว่างคิ้ว,y
看板娘,かんばんむすめ,พนักงานที่เป็นจุดขายของร้าน,y
真実味,しんじつみ,ความเป็นจริง,
真摯,しんし,จริงจัง ซีเรียส,
真空,しんくう,สุญญากาศ,y
眼差し,まなざし,สายตา (แววตา ที่มองด้านลบ),y
着服,ちゃくふく,ยักยอกเงิน,y
睨む,にらむ,จ้องมอง กำกับ คาดเดา,
睾丸,こうがん,ลูกอัณฑะ (漢字・音読),y
矛盾,むじゅん,ความขัดแย้ง,
短冊,たんざく,กระดาษคำอธิษฐานทานาบาตะ,y
短所,たんしょ,ข้อเสีย,y
短針,たんしん,เข็มสั้น (นาฬิกา),y
石油精製,せきゆせいせい,การกลั่นน้ำมัน,y
石膏,せっこう,ปูนปลาสเตอร์,y
砂金,さきん,ผงทอง ตะกอนทองคำ,y
研ぐ,とぐ,ขัดให้เงา ลับให้คม ซาวข้าว,
砕ける,くだける,แตกเป็นผุยผง,y
破傷風,はしょうふう,บาดทะยัก,y
破天荒,はてんこう,ทำลายสถิติ ทำเรื่องที่ไม่มีใครเคยทำมาก่อน,y
破片,はへん,เศษ ส่วนที่เหลือ,y
破綻,はたん,ล่มสลาย พัง ไม่สำเร็จ,
硬派,こうは,พวกหัวแข็ง อันธพาล,y
硬直,こうちょく,การเกร็ง,y
碑,いしぶみ,อนุสาวรีย์ หลักหิน,y
確固,かっこ,มั่นคง แน่วแน่,
確約する,かくやくする,สัญญา รับปาก,
磁束,じそく,ฟลักซ์แม่เหล็ก,
磁石,じしゃく,แม่เหล็ก,y
礎,いしずえ,ฐานหินของสิ่งก่อสร้าง,y
示唆,しさ,การชี้แนะ การแนะนำ,
社交,しゃこう,การเข้าสังคม,y
社交不安障害,しゃこうふあんしょうがい,โรคกลัวการเข้าสังคม,y
祀る,まつる,บูชา บวงสรวง,y
神のみぞ知る,かみのみぞしる,ไม่มีใครรู้ได้ ไม่มีใครรู้ ไม่อาจทราบได้,y
神経衰弱,しんけいすいじゃく,ประสาทเสื่อม,y
祟る,たたる,ลงทัณฑ์ (เทพเจ้า)ลงโทษ,y
祠,ほこら,ศาลเจ้าที่,y
禁忌,きんき,ข้อห้าม,
福利,ふくり,สวัสดิการ สังคมสงเคราะห์ (welfare),y
福神漬け,ふくじんづけ,ผักดองในแกงกะหรี่,y
私利私欲,しりしよく,（四字熟語） เห็นแก่ได้ หน้าเงิน,y
稀,まれ,หายาก มีไม่มาก น้อยครั้งมาก,y
稚拙,ちせつ,ความไม่มีศิลป์ ดูอ่อนหัด,y
種明かし,たねあかし,เฉลยกล เปิดเผยทริค,y
稲光,いなびかり,ฟ้าแลบ (!～ず),y
稲妻,いなずま,ฟ้าแลบ (!～び),y
空き巣狙い,あきすねらい,การถือโอกาสขโมยตอนไม่มีคนอยู่บ้าน,y
空理空論,くうりくうろん,（四字熟語）  ทฤษฎีหรือหลักการที่ไม่มีประโยชน์ในทางปฏิบัติ,y
空襲,くうしゅう,การโจมตีทางอากาศ,y
窒素,ちっそ,ไนโตรเจน,y
立替金,たてかえきん,เงินสำรองจ่าย เงินจ่ายล่วงหน้า,y
立法権,りっぽうけん,อำนาจนิติบัญญัติ,y
符号,ふごう,เครื่องหมาย สัญลักษณ์ อักษร,y
第一審裁判所,だいいっしんさいばんしょ,ศาลชั้นต้น,y
筆跡,ひっせき,ลายมือ (ตัวหนังสือ),y
筵,むしろ,เสื่อ,y
箇所,かしょ,ที่ จุด แห่ง,
節,ふし,ข้อต่อ นิสัย,y
節目,ふしめ,จุดเปลี่ยน,y
築く,きずく,สร้าง ก่อร่างสร้างตัว,y
簡明,かんめい,กระชับ ชัดเจน ชัดแจ้ง,y
簡潔,かんけつ,โดยย่อ โดยกระชับ,y
米俵,こめだわら,กระสอบข้าว,y
米寿,べいじゅ,อายุ ๘๘ ปี,y
粒子,りゅうし,อนุภาคเล็ก ๆ,y
粗悪,そあく,คุณภาพไม่ดี,
粘土,ねんど,ดินเหนียว,y
粘膜,ねんまく,เยื่อบุ เยื่อเมือก,y
精力,せいりょく,ความมุ่งมั่น,
精製水,せいせいすい,น้ำกลั่น,y
糞発,ふんはつ,การปลุกใจ การเร้าใจ การทุ่มเงินจ่าย เปย์,y
糸口,いとぐち,ปลายด้าย ปัจจัยที่นำไปสู่ เบาะแส,
紀元前,きげんぜん,ก่อนคริสตศักราช,y
純真,じゅんしん,ความบริสุทธิ์ ไม่มีสิ่งเจือปน ไร้ราคี (!k),y
紛れる,まぎれる,ปนเป เนียนเข้าไป,y
紛争,ふんそう,ความขัดแย้ง การโต้เถียง,
素朴,そぼく,ที่บริสุทธิ์ ไม่ได้ตกแต่ง เรียบง่าย ซื่อ ๆ,y
素面,しらふ,ตอนยังไม่เมา,y
終焉,しゅうえん,สิ้นสุด ช่วงสุดท้าย บั้นปลาย,
組織,そしき,องค์กร,y
組閣,そかく,การตั้งคณะรัฐมนตรี,y
経度,けいど,เส้นลองจิจูด,y
結び目,むすびめ,ปม (ที่ขมวด),y
結界,けっかい,ที่คั่นกลางระหว่างโลกมนุษย์กับดินแดนศักดิ์สิทธิ์,y
結納,ゆいのう,การหมั้น,y
結膜,けつまく,เยื่อบุตา,y
結託,けったく,สมรู้ร่วมคิด รวมหัวกัน,y
絞る,しぼる,บิด คั้น,y
給仕人,きゅうじにん,บริกร,
絶対的,ぜったいてき,เชิงสัมบูรณ์,y
絶縁体,ぜつえんたい,ฉนวน(ไฟฟ้า/ความร้อน),y
絹,きぬ,เส้นไหม แพร,y
絹糸,けんし,ด้ายไหม เส้นไหม,
継承,けいしょう,การสืบทอด (คลาส),y
維持,いじ,บำรุง รักษา ค้ำจุน,y
網戸,あみど,มุ้งลวด,y
網羅,もうら,ครอบคลุมทั้งหมด,y
網膜,もうまく,เรตินา,y
綿毛,わたげ,ปุยขนที่นุ่มอ่อนราวกับสำลี,
緊迫,きんぱく,ความตึงเครียด บีบคั้น,y
総当たり,そうあたり,en: brute-force,y
総括,そうかつ,การสรุปรวม การพิจารณาโดยรวม,y
総称,そうしょう,ชื่อรวม การเรียกรวม ๆ,y
線形目盛,せんけいめもり,สเกลเชิงเส้น,y
緯度,いど,เส้นละติจูด,y
緻密,ちみつ,ถี่ถ้วน ละเอียดละออ,
縁,ふち,กรอบ รอบ ๆ,y
縁起,えんぎ,ของมงคล,y
縋る,すがる,เกาะ ยึดติด พึ่งพิง,y
縛る,しばる,มัด,y
縞,しま,แถบ ลาย ริ้ว,y
縫う,ぬう,เย็บ,y
縮む,ちぢむ,หด,y
縮れる,ちぢれる,หยัก ย่น,y
繊細,せんさい,ละเอียดละออ,y
繊維,せんい,กากไย (ผัก),y
繰る,くる,สาว ม้วน หมุนเก็บ(เชือก),y
罅,ひび,รอยร้าว ความร้าวฉาน,y
罠,わな,กับดัก หลุมพราง,y
罪を免れる,つみをまぬかれる,หลบหนีความผิด,y
美辞麗句,びじれいく,ถ้อยคำที่ประดิษฐ์ประดอยมาให้ฟังดูไพเราะ,y
羞恥心を抱く,しゅうちしんをだく,รู้สึกละอายใจ,y
群衆,ぐんしゅう,ฝูงคน,y
群青,ぐんじょう,สีน้ำเงินเข้ม,y
羨望,せんぼう,ความอิจฉา,y
義足,ぎそく,ขาเทียม,y
習字,しゅうじ,การคัดลายมือ การเขียนตัวบรรจง,y
翡翠,ひすい,หยก,y
老若男女,ろうにゃくなんにょ,（四字熟語） ทุกเพศทุกวัย,y
考慮,こうりょ,การพิจารณา ไตร่ตรอง ใคร่ครวญ,y
耕す,たがやす,ไถนา พรวนดิน,y
耕作,こうさく,การเพาะปลูก การทำไร่นา,y
耳垢,みみあか,ขี้หู,y
耳打ち,みみうち,การกระซิบข้างหู,y
耳栓,みみせん,ที่อุดหู,y
聖人君子,せいじんくんし,（四字熟語） คนที่สมบูรณ์แบบ คนที่มีความรู้และคุณธรรมสูงส่ง,y
職質,しょくしつ,การที่ตำรวจเรียกให้สอบสวน,y
肋骨,ろっこつ,กระดูกซี่โครง,y
肖像権,しょうぞうけん,สิทธิในภาพถ่าย,y
肝に銘じる,きもにめいじる,จำไว้ไม่ลืม,y
肝炎,かんえん,ตับอักเสบ,y
肥える,こえる,อ้วนขึ้น สมบูรณ์ขึ้น มั่งคั่งขึ้น,y
肥満,ひまん,ความอ้วน (漢字),y
肩車,かたぐるま,การขี่คอ,y
肺活量,はいかつりょう,พลังปอด,y
背面,はいめん,ด้านหลัง หันหลัง,y
胎児,たいじ,ลูกในครรภ์,y
胡坐をかく,あぐらをかく,นั่งขัดสมาธิ,y
胡散臭い,うさんくさい,น่าสงสัย ไม่น่าไว้ใจ (!あ),y
脅す,おどす,ขู่,y
脆い,もろい,เปราะ แตกหักง่าย บอบบาง,y
脆弱性,ぜいじゃくせい,ความเปราะบาง ความอ่อนไหว ความอ่อนแอ,
脚本,きゃくほん,บทละคร บทภาพยนตร์,y
脛,すね,หน้าแข้ง,y
脱皮,だっぴ,การลอกคราบ,y
脱臼,だっきゅう,ข้อหลุด ข้อเคลื่อน,y
脳卒中,のうそっちゅう,โรคหลอดเลือดสมอง (en: stroke),y
脳梗塞,のうこうそく,โรคเส้นเลือดในสมองตีบ,y
脳裏,のうり,ในสมอง ในใจ,y
脳裏をよぎる,のうりをよぎる,แว๊บเข้ามาในหัว ความคิดผุดขึ้นมา,y
腕白,わんぱく,ซน ซุกซน วุ่นวาย,y
腫瘍,しゅよう,เนื้องอก,y
腰が抜ける,こしがぬける,เข่าอ่อน ล้มทั้งยืน,y
腰を捻る,こしをひねる,บิดเอว,y
腹黒い,はらぐろい,ปากอย่างใจอย่าง เชื่อถือไม่ได้,y
膀胱,ぼうこう,กระเพาะปัสสาวะ,y
膨らむ,ふくらむ,โป่ง พอง ผลิ,y
膨大,ぼうだい,ขนาดใหญ่ มโหฬาร,
膿,うみ,หนอง,y
臆病,おくびょう,ขี้ขลาด,y
臨戦態勢,りんせんたいせい,（四字熟語） เตรียมพร้อมต่อสู้ พร้อมรบ,y
臨機応変,りんきおうへん,（四字熟語） การแก้ไขปัญหาเฉพาะหน้า การปรับตัวเพื่อรับมือกับสถานการณ์,y
臨終,りんじゅう,วาระสุดท้ายของชีวิต,y
自ずから,おのずから,ด้วยตัวเอง เป็นไปตามธรรมชาติ,
自己嫌悪,じこけんお,การเกลียดชังตัวเอง,y
自治州,じちしゅう,เขตปกครองตนเอง แคว้น,y
自画自賛,じがじさん,（四字熟語）การชมตัวเอง,y
至って,いたって,มาก ๆ,
至福,しふく,มีความสุขที่สุด,
興業,こうぎょう,การเริ่มธุรกิจใหม่ การเริ่มทำอะไรใหม่ ๆ,
色彩,しきさい,สีสัน,y
色褪せる,いろあせる,สีซีด สีจาง,y
芽生える,めばえる,แตกกิ่ง แตกต้นอ่อน,y
苗,なえ,ต้นกล้า,y
苛立つ,いらだつ,ประสาทกิน ถูกกวนประสาท,y
苦境に立たされる,くきょうにたたされる,การตกที่นั่งลำบาก ตกอยู่ในสถานการณ์ลำบาก,y
苦汁,にがり,ดีเกลือ,y
苦言を呈する,くげんをていする,ว่ากล่าวตักเตือนด้วยคำพูดรุนแรง,y
英断,えいだん,การกล้าตัดสินใจ,y
茂み,しげみ,พุ่มไม้,y
茫然自失,ぼうぜんじしつ,（四字熟語） เหม่อลอย ไม่อยู่กับเนื้อกับตัว,y
華奢,きゃしゃ,ละเอียดอ่อน บอบบาง น่าทะนุถนอม,y
華氏,かし,องศาฟาเรนไฮต์,y
萎える,なえる,เหี่ยว ห่อเหี่ยว,y
落胆,らくたん,ความท้อแท้ ความสิ้นหวัง,
落花生,らっかせい,ถั่วดิน,y
落雷,らくらい,ฟ้าผ่า (ลงมา),y
葉酸,ようさん,กรดโฟลิก วิตามินบี 9,y
著しい,いちじるしい,โดดเด่น,y
著す,あらわす,จดบันทึกในหนังสือ แต่งหนังสือ,
著作権,ちょさくけん,ลิขสิทธิ์,y
葛藤,かっとう,เรื่องขัดแย้ง ความบาดหมาง,y
蒸発,じょうはつ,การระเหย,y
蒸籠,せいろ／せいろう,เข่ง ภาชนะนึ่งอาหาร,y
蒼白,そうはく,สีขาวซีด,y
蔓,つる,เถาวัลย์,y
蔓延,まんえん,การแพร่กระจาย,y
蔵書,ぞうしょ,หนังสือที่มีในครอบครอง,
蕁麻疹,じんましん,โรคลมพิษ,y
薪,まき,ฟืน ไม้ฟืน,y
虎口を逃れて竜穴に入る,ここうをのがれてりゅうけつにいる,หนีเสือปะจระเข้,y
虚しい,むなしい,ว่างเปล่า ไร้ประโยชน์,y
虫垂炎,ちゅうすいえん,ไส้ติ่งอักเสบ (!も),y
虫酸が走る,むしずがはしる,พะอืดพะอม อาการกดไหลย้อน,y
虱,しらみ,เหา,y
蚊柱,かばしら,ฝูงยุง,y
蚕,かいこ,ตัวไหม,y
蚤,のみ,เห็บ หมัด,y
蚤の市,のみのいち,ตลาดนัด,y
蛭,ひる,ปลิง,y
蛹,さなぎ,ดักแด้,y
融資,ゆうし,การปล่อยเงินกู้,
螺旋階段,らせんかいだん,บันไดวน,y
蟹座,かにざ,ราศีกรกฎ,y
蠍座,さそりざ,ราศีพิจิก,y
血小板,けっしょうばん,เกล็ดเลือด,y
血栓症,けっせんしょう,ลิ่มเลือดอุดตัน,y
衆議院,しゅうぎいん,สภาผู้แทนราษฎร,y
行事,ぎょうじ,พิธี งาน ธรรมเนียม,y
行政権,ぎょうせいけん,อำนาจบริหาร,y
衛生,えいせい,อนามัย,y
衣食住,いしょくじゅう,เครื่องนุ่มห่ม อาหาร ที่อยู่อาศัย,y
表裏一体,ひょうりいったい,（四字熟語） สองสิ่งที่เป็นหนึ่งเดียวกัน,y
衰える,おとろえる,เสื่อม ถดถอย อ่อนกำลัง มอด,y
袖をまくる,そでをまくる,เลิกแขนเสื้อ,y
装飾,そうしょく,การประดับ เครื่องประดับ,y
補う,おぎなう,เสริม ชดเชย เติม,y
補強,ほきょう,เสริมให้แข็งแรงขึ้น,y
裾,すそ,ปลายขากางเกง,y
襟,えり,ปกเสื้อ คอเสื้อ,y
襲う,おそう,เข้าโจมตี เข้าถล่ม,
要旨,ようし,สรุปใจความสำคัญ,y
要約,ようやく,สรุป,y
覆い隠す,おおいかくす,บัง,y
覆す,くつがえす,ล้มล้าง หักล้าง คว่ำ,y
覗き穴,のぞきあな,ตาแมว (訓読み),y
覚悟,かくご,การยอมรับ การทำใจยอมรับ,y
覚醒,かくせい,ตาสว่าง ตื่น,y
親孝行,おやこうこう,กตัญญูกตเวที,y
角括弧,かくかっこ,วงเล็บเหลี่ยม［］,y
解く（ほどく）,,คลาย(ปม) แก้(เชือก),y
解剖,かいぼう,ชันสูตรพลิกศพ (ผ่า),y
解雇,かいこ,การเลิกจ้าง การไล่ออก,y
言いたげ,いいたげ,ทำท่าเหมือนอยากจะพูดอะไรสักอย่าง,y
言い丸める,いいまるめる,พูดตะล่อม หว่านล้อม โน้มน้าว,y
言及,げんきゅう,การพาดพิง อ้างถึง,y
言語道断,ごんごどうだん,（四字熟語） หมดคำจะพูด โหดร้ายจนกว่าจะสรรหาคำมาพูด,y
言質,げんち,คำสัญญา คำปฏิญาณ,
討議,とうぎ,การอภิปราย ถกเถียง,y
設ける,もうける,จัดเตรียม (งาน),y
許容,きょよう,ยอมรับได้,
該当,がいとう,ตรงเกณฑ์ ความเกี่ยวข้อง,
詳らか,つまびらか,ละเอียด,
誇示,こじ,การโอ้อวด,y
語り尽くす,かたりつくす,พูดในเรื่องที่คู่สนทนาสนใจ,y
誠意,せいい,ความจริงใจ ความบริสุทธิ์ใจ,y
読経,どきょう,สวดมนต์,y
誰彼,だれかれ,ไม่ว่าใครก็ตาม,
誰彼なしに,だれかれなしに,ไม่ว่าจะกับใคร,y
誹謗中傷,ひぼうちゅうしょう,ใส่ร้ายป้ายสี,y
調律,ちょうりつ,การจูนเสียง การปรับเสียงของเครื่องดนตรี,y
請求書,せいきゅうしょ,ใบแจ้งหนี้,y
論功行賞,ろんこうこうしょう,（四字熟語） ให้รางวัลตอบแทนความสำเร็จ,y
論旨,ろんし,ประเด็นถกเถียง ประเด็นในบทความวิจัย,y
諸君,しょくん,พวกคุณทุกคน (พูดกับหมู่คณะ),y
諸外国,しょがいこく,นานาประเทศ,y
謹慎,きんしん,การพักการเรียน การควบคุมความประพฤติ,y
護身,ごしん,การป้องกันตัวเอง,
護送車,ごそうしゃ,รถคุมขัง,y
豊富,ほうふ,มั่งคั่ง อุดมสมบูรณ์,
豪州,ごうしゅう,ออสเตรเลีย,
負傷,ふしょう,การได้รับบาดเจ็บ,
負担,ふたん,ภาระ,y
財宝,ざいほう,สมบัติ,y
財界,ざいかい,แวดวงธุรกิจ,y
財閥,ざいばつ,กลุ่มทุนใหญ่,y
貧困,ひんこん,ความยากจน,y
貪欲,どんよく,โลภมาก ความโลภ ความกระหาย,y
貫く,つらぬく,เจาะ ทะลุ บรรจุ,
貫禄,かんろく,ดูมีภูมิฐาน น่าเกรงขาม,y
貫通,かんつう,ทะลุ（漢字）,y
責め立てる,せめたてる,ตำหนิ ต่อว่าอย่างต่อเนื่อง,y
貯蓄,ちょちく,การออมทรัพย์,y
貯蔵庫,ちょぞうこ,โกดัง ที่เก็บของ,y
貶す,けなす,ดูถูก / พูดจากล่าวร้าย,y
買い占める,かいしめる,กว้านซื้อ กักตุน,y
費やす,ついやす,ใช้ ทุ่มเท เสีย,
賄賂,わいろ,สินบน,y
資する,しする,ช่วยเหลือ,
資金洗浄,しきんせんじょう,การฟอกเงิน,y
賛同,さんどう,การเห็นชอบ การอนุมัติ การสนับสนุน,y
賛否両論,さんぴりょうろん,（四字熟語） การมีความเห็นทั้งเห็นด้วยและไม่เห็นด้วย,y
質疑,しつぎ,คำถาม,
質素,しっそ,อย่างเรียบง่าย,
質量,しつりょう,มวล (ฟิสิกส์),y
贔屓,ひいき,ลำเอียง ให้ท้าย,y
赤の他人,あかのたにん,คนอื่น คนนอกสายเลือด คนที่ไม่เกี่ยวข้อง,y
赤道,せきどう,เส้นศูนย์สูตร,y
起因する,きいんする,เกิดมาจาก สืบเนื่องมาจาก,
起死回生,きしかいせい,（四字熟語）พลิกฟื้นจากสถานการณ์สิ้นหวังมาได้อย่างปาฏิหาริย์,y
起点,きてん,จุดเริ่มต้น,
超伝導状態,ちょうでんどうじょうたい,สภาพนำยวดยิ่ง,y
超越,ちょうえつ,การเป็นเลิศ ยอดเยี่ยมเหนือทั่วไป อยู่เหนือกว่า,y
足を引っ張る,あしをひっぱる,ขัดขา ขัดขวาง เป็นอุปสรรค,y
跨ぐ,またぐ,คร่อม ข้าม,y
跪く,ひざまずく,คุกเข่า,y
跪座,きざ,การนั่งท่าเทพบุตร นั่งบนส้นเท้า,y
路肩,ろかた,ไหล่ทาง,y
踊り場,おどりば,ชานพักบันได,y
踝,くるぶし,ข้อเท้า ตาตุ่ม,y
躊躇,ちゅうちょ,การลังเล,y
躊躇う,ためらう,ลังเล,
身の丈,みのたけ,ความพอดีตัว ไม่เกินความสามารถ,y
身の丈を知る,みのたけをしる,รู้จักพอดี เจียมตัว รู้จักประมาณตัว,y
身も蓋もない,みもふたもない,พูดจาขวานผ่าซาก พูดตรง ๆ (身),y
車上荒らし,しゃじょうあらし,ทุบรถเพื่อขโมยของ,y
軒並み,のきなみ,ทุก ๆ แห่ง ทุก ๆ ที่ ไม่ว่าที่ไหนก็เหมือน ๆ กัน,y
軒先,のきさき,หน้าบ้าน ริมชายคา,y
軽んじる,かろんじる,ประมาท สะเพร่า ละเลยความสำคัญ (和語),y
軽視,けいし,การประมาท ไม่เห็นความสำคัญ,
輪っか,わっか,วงแหวน,y
輸血,ゆけつ,การให้เลือด,y
辺鄙,へんぴ,ห่างไกลความเจริญ,y
辿る,たどる,ตามรอย,
迅速に,じんそくに,อย่างฉับไว,y
迫る,せまる,เข้าใกล้ ประชิด บีบบังคับ,y
迫力,はくりょく,พลัง อำนาจ,
迸る,ほとばしる,ไหลทะลักออกมา,y
逆らう,さからう,ฝืนกฎ แหกกฎ ขัดแย้ง,
逆境,ぎゃっきょう,อุปสรรค ความยากลำบาก,y
逆流性食道炎,ぎゃくりゅうせいしょくどうえん,กรดไหลย้อน,y
造詣,ぞうけい,แตกฉาน,y
連中,れんちゅう,พรรคพวก,y
連盟,れんめい,สมาพันธ์ สภา สหพันธ์ สมาคม,y
進捗,しんちょく,ความคืบหน้า,y
逸れる,それる,คลาดเคลื่อน หักเห ไปทางอื่น (～る),y
逸話,いつわ,เรื่องเล็ก ๆ น้อย ๆ,
運勢,うんせい,โชคชะตา,
過保護,かほご,เลี้ยงดูอย่างทะนุถนอนมากเกินไป,y
過信,かしん,เชื่อมั่นมากเกินไป มั่นใจมากเกินไป,y
過剰,かじょう,มากเกินไป มากเกินควร,
過剰防衛,かじょうぼうえい,การป้องกันตัวเกินกว่าเหตุ,y
過疎,かそ,มีประชากรเบาบาง,y
達観,たっかん,การมองการณ์ไกล การมองทะลุปรุโปร่ง,y
遠方,えんぽう,แดนไกล,y
適宜,てきぎ,อย่างเหมาะสม (ตามสถานการณ์),y
遮る,さえぎる,ขวางกั้น กั้น,
遮断,しゃだん,การปิดกั้น,y
遺失,いしつ,การทำตกหล่นสูญหาย,
遺志,いし,เจตนารมณ์ของผู้ตาย ความประสงค์ของผู้ตาย,y
邂逅,かいこう,เจอกันโดยบังเอิญ โดยไม่คาดคิด,y
還暦,かんれき,การฉลองอายุ 60 ปี,y
郷里,きょうり,บ้านเกิด (!ふ!こ),y
配偶者,はいぐうしゃ,คู่สมรส,y
配属,はいぞく,การแบ่งหน้าที่ การจัดคนทำงานหรือกองกำลัง,y
配慮,はいりょ,คำนึงถึง,
酒池肉林,しゅちにくりん,（四字熟語）งานเลี้ยงที่เต็มไปด้วยอาหาร เหล้า อบายมุข,y
酔客,すいきゃく,คนที่เมาเหล้า,y
酸素,さんそ,ออกซิเจน,y
釈放,しゃくほう,ปล่อยตัว,
重篤,じゅうとく,ป่วยร้ายแรง อาการหนัก,y
野党,やとう,พรรคร่วมฝ่ายค้าน,y
金婚式,きんこんしき,การฉลองแต่งงานครบรอบ ๕๐ ปี,y
金槌,かなづち,ค้อน คนที่ว่ายน้ำไม่เป็น,y
金縛り,かなしばり,ผีอำ,y
金融,きんゆう,การเงิน,y
釘,くぎ,ตะปู,y
針小棒大,しんしょうぼうたい,（四字熟語） พูดเกินจริง พูดเวอร์,y
鉛筆削り,えんぴつけずり,กบเหลาดินสอ,y
鉤括弧,かぎかっこ,วงเล็บมุม「」,y
鉱脈,こうみゃく,สายแร่ แนวแร่ในหิน,y
銀杏,ぎんなん,แปะก๊วย,y
銅鑼,どら,ฆ้อง,y
鋼,はがね,เหล็กกล้า,y
鋼鉄,こうてつ,เหล็ก,
錠前,じょうまえ,กลอน (ประตู),y
錠剤,じょうざい,ยาเม็ด,y
鍛錬,たんれん,การฝึกฝน การขัดเกลา การตีดาบ/โลหะ,y
鍬,くわ,จอบ เสียม คราด（和語）,y
鎧,よろい,เกราะ,y
長所,ちょうしょ,ข้อดี ข้อได้เปรียบ จุดเด่น,
長針,ちょうしん,เข็มยาว (นาฬิกา),y
閏年,うるうどし,ปีอธิกสุรทิน,y
間取り,まどり,แปลนห้อง การวางตำแหน่งห้องในบ้าน,y
間隔,かんかく,ระยะห่าง ช่องไฟ,y
闇市,やみいち,ตลาดมืด,y
防御,ぼうぎょ,การป้องกันภัย,
防疫,ぼうえき,การป้องกันโรคระบาด,y
降参,こうさん,การยอมแพ้,
降順,こうじゅん,เรียงจากมากไปน้อย,y
陣営,じんえい,ค่าย แคมป์ หลักแหล่ง,
除幕式,じょまくしき,พิธีเปิดป้าย,y
陥る,おちいる,ตกอยู่ใน(สถานะ~) ติดกับ,y
陶芸,とうげい,เครื่องปั้นเซรามิกซ์,y
陽子,ようし,โปรตอน,y
隅付き括弧,すみつきかっこ,วงเล็บ【】,y
隕石,いんせき,สะเก็ดดาว อุกกาบาต,y
際どい,きわどい,เสี่ยง อันตราย,y
際立つ,きわだつ,โดดเด่น แตกต่างอย่างเห็นได้ชัด (!い),y
障壁,しょうへき,อุปสรรค สิ่งกีดขวาง,y
障子,しょうじ,ประตูกระดาษ (มีตาราง),y
隠蔽,いんぺい,ปิดบัง อำพราง,y
雀,すずめ,นกกระจอก,y
集中治療室,しゅうちゅうちりょうしつ,ห้องไอซียู,y
集団幻覚,しゅうだんげんかく,อุปทานหมู่,y
集落,しゅうらく,หมู่บ้าน,
雇用市場,こようしじょう,ตลาดแรงงาน,y
雑木林,ぞうきばやし,ป่าเบญจพรรณ,y
雑炊,ぞうすい,ข้าวต้มทรงเครื่อง,y
雑然,ざつぜん,สับสน วุ่นวาย ยุ่งเหยิง ไม่เป็นระเบียบ,
雑穀,ざっこく,ธัญญาหาร ธัญพืช,y
雑草,ざっそう,วัชพืช,y
雑魚寝,ざこね,การนอนรวมกัน,y
雪隠,せっちん,ห้องส้วมโบราณ,y
雲梯,うんてい,โหนบาร์,y
零細企業,れいさいきぎょう,ธุรกิจขนาดย่อม,y
雷撃,らいげき,ฟ้าผ่า (แรงกระแทกจากสายฟ้า),y
雷鳴,らいめい,ฟ้าร้อง,y
電光石火,でんこうせっか,（四字熟語） รวดเร็วปานสายฟ้าแลบ,y
電子,でんし,อิเล็กตรอน,y
電磁波,でんじは,คลื่นแม่เหล็กไฟฟ้า,y
電荷,でんか,ประจุไฟฟ้า,y
霜,しも,เหมยขาบ,y
露,つゆ,น้ำค้าง,y
青天井,あおてんじょう,ทะลุเพดาน,y
青天白日,せいてんはくじつ,（四字熟語） บริสุทธิ์ผุดผ่อง ไร้มลทิน,y
青酸,せいさん,กรดไฮโดรไซยานิค,y
青龍,せいりゅう,มังกรฟ้า,y
非可逆圧縮,ひかぎゃくあっしゅく,(en: lossy compression),y
非営利,ひえいり,ไม่แสวงหาผลกำไร,y
非対称,ひたいしょう,อสมมาตร,y
非正規品,ひせいきひん,สินค้าไม่แท้ ผิดลิขสิทธิ์,y
非行,ひこう,การประกฤติไม่ดี,
面従腹背,めんじゅうふくはい,（四字熟語） หน้าไว้หลังหลอก หน้าซื่อใจคด,y
面食らう,めんくらう,ตะลึง ตกใจ,
革新,かくしん,การปฏิรูป การเปลี่ยนระบบใหม่,y
靭帯,じんたい,เอ็น,y
預金,よきん,เงินฝาก,y
領空侵犯,りょうくうしんぱん,การรุกล้ำเขตน่านฟ้า,y
頭蓋骨,ずがいこつ,หัวกะโหลก (การแพทย์),y
額,ひたい,หน้าผาก,y
額縁,がくぶち,กรอบรูป,y
顕著,けんちょ,โดดเด่น เห็นได้ชัด,
類似,るいじ,คล้ายคลึงกัน,
顧みる,かえりみる,มองย้อนหลัง,y
顧問,こもん,ที่ปรึกษาขององค์กร,y
風化,ふうか,การสึกกร่อน การเสื่อมสลายไปตามกาลเวลา,y
風潮,ふうちょう,แนวโน้มของสังคม เทรนด์ กระแส,y
風紀,ふうき,กฎเกณฑ์ศีลธรรมในสังคม,
風評被害,ふうひょうひがい,ผลกระทบจากข่าวลือ,y
飛躍的,ひやくてき,อย่างก้าวกระโดด,y
食い違い,くいちがい,การไม่ลงรอยกัน,
飴と鞭,あめとむち,ไม้อ่อนและไม้แข็ง รางวัลและลงโทษ,y
養う,やしなう,เลี้ยงดู อุปการะ อบรม ฝึกฝน ให้เติบใหญ่,y
養蚕,ようさん,การเลี้ยงไหม,y
饒舌,じょうぜつ,พูดมาก ช่างพูด,y
首を傾げる,くびをかしげる,เอียงหัว,y
首輪,くびわ,ปลอกคอ,y
騎手,きしゅ,คนขี่ม้า,y
髑髏,どくろ,หัวกะโหลก (ศิลปะ),y
高所恐怖症,こうしょきょうふしょう,โรคกลัวความสูง,y
高潔,こうけつ,ผู้ใจดี จิตใจสูงส่งงดงาม,
高等裁判所,こうとうさいばんしょ,ศาลอุธรณ์ (ญี่ปุ่น),y
鬼退治,おにたいじ,การปราบยักษ์,y
鬼門,きもん,ประตูผี สื่งอัปมงคล จุดอ่อน,y
魑魅魍魎,ちみもうりょう,（四字熟語）ภูติผีปีศาจ,y
魔女狩り,まじょがり,ล่าแม่มด,y
魚座,うおざ,ราศีมีน,y
鯱,しゃち,วาฬเพชฌฆาต,y
鰭,ひれ,ครีบปลา,y
鱗,うろこ,เกล็ด (หนังสัตว์),y
鳶が鷹を生む,とんびがたかをうむ,(สำนวน) ลูกที่เจริญก้าวหน้าเป็นใหญ่เป็นโตกว่าบุพการีตน,y
鵜呑みにする,うのみにする,การกลืนโดยไม่เคี้ยว การรับสารโดยไม่พิจารณาหรือตั้งข้อสงสัย,y
鶏冠,とさか,หงอนไก่,y
鶯,うぐいす,นกไนติงเกล,y
麦粒腫,ばくりゅうしゅ,ตากุ้งยิง (漢語),y
麦芽,ばくが,ข้าวมอลต์,y
麻薬密売,まやくみつばい,การค้ายาเสพติด,y
麻酔,ますい,ยาสลบ ยาชา,y
黄褐色,おうかっしょく,สีเหลืองอมเขียว,y
黄金分割,おうごんぶんかつ,อัตราส่วนทองคำ,y
黎明,れいめい,เวลาใกล้รุ่ง รุ่งอรุณ,y
黎明期,れいめいき,ยุคเริ่มต้นของสิ่งใหม่ ๆ,y
鼓膜,こまく,แก้วหู,y
鼻をかむ,はなをかむ,สั่งน้ำมูก,y
齷齪,あくせく,ทำงานงก ๆ (ยุ่งมาก),y
（トランプの）クラブ,,(ไพ่) ดอกจิก,y
（トランプの）スペード,,(ไพ่) โพธิ์ดำ,y
（トランプの）ダイヤモンド,,(ไพ่) ข้าวหลามตัด,y
（トランプの）ハート,,(ไพ่) โพธิ์แดง,y
（帽子の）鍔,つば,ปีกหมวก,y
（干支）丑,うし,ปีฉลู,y
（干支）亥,い,ปีกุน,y
（干支）午,うま,ปีมะเมีย,y
（干支）卯,う,ปีเถาะ,y
（干支）子,ね,ปีชวด,y
（干支）寅,とら,ปีขาล,y
（干支）巳,み,ปีมะเส็ง,y
（干支）戌,いぬ,ปีจอ,y
（干支）未,ひつじ,ปีมะแม,y
（干支）申,さる,ปีวอก,y
（干支）辰,たつ,ปีมะโรง,y
（干支）酉,とり,ปีระกา,y
