valencià,tailandés,Add Reverse
(f) l'ovella,แกะ (สัตว์),y
(f.) l'abraçada,(นาม)กอด,y
(f.) l'absència,การไม่อยู่,y
(f.) l'actriu,นักแสดงผู้หญิง,y
(f.) l'adreça,ที่อยู่,y
(f.) l'advocada,ทนายความผู้หญิง,y
(f.) l'agricultora,เกษตรกรผู้หญิง,y
(f.) l'agulla,เข็ม,y
(f.) l'aixeta,ก๊อกน้ำ,y
(f.) l'alcaldesa,นายกเทศมนตรีผู้หญิง,y
(f.) l'alfàbrega,กะเพรา,y
(f.) l'ambulància,รถพยาบาล,y
(f.) l'amiga,เพื่อน (ผู้หญิง),y
(f.) l'ampolla,ขวดน้ำ,y
(f.) l'andana,ชานชาลา,y
(f.) l'aranya,แมงมุม,y
(f.) l'arrel,ราก,y
(f.) l'assecadora,เครื่องอบผ้า,y
(f.) l'autopista,ทางด่วน (เก็บค่าผ่านทาง),y
(f.) l'autovia,ทางหลวง,y
(f.) l'avellana,เฮเซลนัท,y
(f.) l'avinguda,ถนน (a),y
(f.) l'educació física,พลศึกษา,y
(f.) l'eina,เครื่องมือ (es: herramienta),y
(f.) l'eixida,ทางออก,y
(f.) l'encisam,ผักสลัด,y
(f.) l'enginyera,วิศวกร (ญ),y
(f.) l'enginyeria,วิศวกรรมศาสตร์,y
(f.) l'enveja,ความอิจฉา,y
(f.) l'escala,บันได,y
(f.) l'escola,โรงเรียน (e),y
(f.) l'escombra,ไม้กวาด (กาตาลุญญา),y
(f.) l'escriptora,นักเขียนผู้หญิง,y
(f.) l'esglèsia,โบสถ์,y
(f.) l'espatlla,หัวไหล่ (!m),y
(f.) l'espiera,ตาแมว,y
(f.) l'esponja,ฟองน้ำ,y
(f.) l'esposa,ภรรยา (e),y
(f.) l'esquena,หลัง (อวัยวะ),y
(f.) l'esquerra,ซ้ายมือ,y
(f.) l'esquina,หัวมุม (e),y
(f.) l'estació,สถานีรถไฟ,y
(f.) l'estona,ช่วงเวลาสั้น ๆ (es: rato),y
(f.) l'estovalla,ผ้าปูโต๊ะ,y
(f.) l'euga,ม้าตัวเมีย,y
(f.) l'hostessa,แอร์โฮสเตส,y
(f.) l'illa,เกาะ,y
(f.) l'obrera,คนงานผู้หญิง,y
(f.) l'oficina,สำนักงาน (o),y
(f.) l'oliva,มะกอก,y
(f.) l'olor,กลิ่น,y
(f.) l'ombra,เงา,y
(f.) l'orella,หู,y
(f.) l'oïda,การได้ยิน,y
(f.) l'àlgebra,พีชคณิต,y
(f.) l'ànima,จิตใจ (!m),y
(f.) l'àvia,ย่า ยาย (a),y
(f.) la història,ประวัติศาสตร์,y
(f.) la jugadora,นักเล่นกีฬาผู้หญิง (j),y
(m) l'arbre,ต้นไม้,y
(m.) el interès,ความสนใจ กำไร,y
(m.) el jugador,นักเล่นกีฬาผู้ชาย (j),y
(m.) l'abric,เสื้อโค้ต เสื้อคลุม,y
(m.) l'abril,เมษายน,y
(m.) l'accés,การเข้าถึง,y
(m.) l'actor,นักแสดงผู้ชาย,y
(m.) l'advocat,ทนายความผู้ชาย,y
(m.) l'agost,สิงหาคม,y
(m.) l'agricultor,เกษตรกรผู้ชาย,y
(m.) l'aire condicionat,เครื่องปรับอากาศ,y
(m.) l'ajuntament,ที่ว่าการเมือง,y
(m.) l'albercoc,แอพริคอต,y
(m.) l'alcalde,นายกเทศมนตรีผู้ชาย,y
(m.) l'alemany,ภาษาเยอรมัน / คนเยอรมัน (ช),y
(m.) l'all porro,กระเทียมต้น,y
(m.) l'amic,เพื่อน (ผู้ชาย),y
(m.) l'angle,มุม หัวมุม (a),y
(m.) l'anglés,ภาษาอังกฤษ / คนอังกฤษ (ช),y
(m.) l'anglés,ภาษาอังกฤษ / คนอังกฤษ (ช),y
(m.) l'aniversari,วันเกิด,y
(m.) l'any llum,ปีแสง,y
(m.) l'aparell,อุปกรณ์,y
(m.) l'apòsit,ผ้าปิดแผล (ใหญ่),y
(m.) l'arc de Sant Martí,รุ้งกินน้ำ,y
(m.) l'armari,ตู้เสื้อผ้า,y
(m.) l'arqueòleg,นักโบราณคดี,y
(m.) l'arquitect,สถาปนิก,y
(m.) l'arròs,ข้าว,y
(m.) l'artell,ข้อนิ้ว,y
(m.) l'as,ลา (สัตว์ !r),y
(m.) l'aspecte,มุมมอง รูปลักษณ์,y
(m.) l'assecador,ไดร์เป่าผม,y
(m.) l'assumpte,ธุระ,y
(m.) l'atleta,นักกีฬา (a),y
(m.) l&#x27;atur,การตกงาน,y
(m.) l'autobús,รถประจำทาง,y
(m.) l'avi,ปู่ ตา (a),y
(m.) l'avió,เครื่องบิน,y
(m.) l'elefant,ช้าง,y
(m.) l&#x27;embolcall,การห่อของขวัญหรือสินค้า,y
(m.) l'embotit,อาหารตระกูลไส้กรอก,y
(m.) l'empresari,พนักงานบริษัท,y
(m.) l'encreuament,ทางแยก,y
(m.) l'endemà,วันถัดไป,y
(m.) l'enemic,ศัตรู,y
(m.) l'enginyer,วิศวกร (ช),y
(m.) l'equip,ทีม,y
(m.) l'esbufec,การถอนหายใจ,y
(m.) l'escac,หมากรุก,y
(m.) l'escalfor,ความร้อน (ร่างกาย),y
(m.) l'escriptor,นักเขียนผู้ชาย,y
(m.) l'escriptori,โต๊ะเขียนหนังสือ,y
(m.) l'escritori,โต๊ะเขียนหนังสือ (ES: el escritorio),y
(m.) l'esglaó,ขั้นบันได,y
(m.) l'esperit,วิญญาณ,y
(m.) l'espill,กระจก (e),y
(m.) l'esport,กีฬา,y
(m.) l'espàrrec,หน่อไม้ฝรั่ง,y
(m.) l'espòs,สามี (e),y
(m.) l'esquirol,กระรอก,y
(m.) l'est,ทิศตะวันออก,y
(m.) l'estadi,สเตเดียม,y
(m.) l'estel,ดวงดาว,y
(m.) l'estil,สไตล์,y
(m.) l'estiu,ฤดูร้อน,y
(m.) l'estómac,ท้อง,y
(m.) l'executiu,ผู้บริหาร (!g),y
(m.) l'exèrcit,กองทัพ,y
(m.) l'hivern,ฤดูหนาว,y
(m.) l'home,ผู้ชาย,y
(m.) l'hort,สวนผักผลไม้ในบ้าน,y
(m.) l'hoste,สจ๊วต,y
(m.) l'ioga,โยคะ,y
(m.) l'objecte,วัตถุ,y
(m.) l'obrer,คนงานผู้ชาย,y
(m.) l'ocell,นก,y
(m.) l'octubre,ตุลาคม,y
(m.) l'oest,ทิศตะวันตก,y
(m.) l'oli,น้ำมัน (ทำอาหาร),y
(m.) l'oncle,ลุง น้าอาผู้ชาย,y
(m.) l'or,ทอง,y
(m.) l'oratge,สภาพอากาศ,y
(m.) l'ordinador,คอมพิวเตอร์,y
(m.) l'os,กระดูก,y
(m.) l'ou,ไข่,y
(m.) l'ull,ดวงตา,y
(m.) l'àmbit,สายงาน,y
(m.) l'ànec,เป็ด,y
(m.) l'èxit,ความสำเร็จ,y
(m.) l'òrgan,อวัยวะ,y
Alemanya,ประเทศเยอรมนี,y
Amèrica del Nord,ทวีปอเมริกาเหนือ,y
Amèrica del Sud,ทวีปอเมริกาใต้,y
Anglaterra,ประเทศอังกฤษ,y
Angèria,ประเทศอัลจีเรีย,y
Bolívia,ประเทศโบลิเวีย,y
Canadà,ประเทศแคนาดา,y
Chile,ประเทศชิลี,y
Colòmbia,ประเทศโคลัมเบีย,y
Egipte,ประเทศอียิปต์,y
Equador,ประเทศเอกวาดอร์,y
Europa,ทวีปยุโรป,y
Filipines,ประเทศฟิลิปปินส์,y
França,ประเทศฝรั่งเศส,y
Itàlia,ประเทศอิตาลี,y
Japó,ประเทศญี่ปุ่น,y
Luxemburg,ประเทศลักเซมเบิร์ก,y
Líbia,ประเทศลิเบีย,y
Morroc,ประเทศโมรอกโก,y
Mèxic,ประเทศเม็กซิโก,y
República Checa,สาธารณรัฐเช็ก,y
Rússia,ประเทศรัสเซีย,y
Suècia,ประเทศสวีเดน,y
Tailàndia,ประเทศไทย,y
Tunisia,ประเทศตูนิเซีย,y
Uruguai,ประเทศอุรุกวัย,y
Veneçuela,ประเทศเวเนซุเอลา,y
Xina,ประเทศจีน,y
a finals de ~,ช่วงปลายเดือน,y
a la cantonada,ที่ตรงหัวมุม,y
a les palpes / a les palpentes,ด้วยการคลำ,y
a mitjan ~,ช่วงกลางเดือน,y
a principis de ~,ช่วงต้นเดือน ~,y
a prop,ใกล้,y
a vegades,บางครั้ง,y
abans,ก่อน,y
abstindre,งด,y
acampar,เข้าแคมป์,y
acaronar,ลูบ(หัว) เล่น(กับสัตว์),y
adequat,เหมาะสม,y
admetre,รับเข้าศึกษา เข้าศึกษา,y
adonar-se,นึกขึ้นได้ ระลึกได้ รู้ตัว,y
afegir,เพิ่ม,y
agafar,หยิบ จับ ขึ้นยานพาหนะ,y
agrair,กล่าวคำขอบคุณ ชื่นชม,y
agranar,กวาด,y
ahir,เมื่อวาน,y
aixecar,ทำให้ลุก ตื่นขึ้น (!~ç),y
això,สิ่งนี้ สิ่งนั้น,y
ajudar,(v.) ช่วยเหลือ,y
al costat,ด้านข้าง,y
al voltant,รอบ ๆ,y
alegre,เบิกบาน ยินดี (a),y
alemanya,เกี่ยวกับเยอรมัน (ญ),y
aleshores,ดังนั้น ตอนนั้น (es: entonces) (!ll),y
alt,สูง,y
alçar-se,ตื่น (ลุก) (a!~x),y
amagar,ซ่อน,y
amarg,ขม,y
amoïnar,ทำให้กังวล,y
ample,หลวม กว้าง,y
amunt i avall,ในทุก ๆ ทาง,y
anar,ไป,y
anar a comprar,ซื้อของ,y
anar-s'en,จาก ออกจาก ไป (es: irse),y
anglesa,เกี่ยวกับอังกฤษ (ญ),y
anomenar,เสนอชื่อ,y
antic,ที่โบราณ,y
apoderar,กำราบ (es: someter),y
aprendre,เรียน (es: aprender),y
aprimar-se,ผอมลง,y
aprofitar,ใช้ประโยชน์ (es: aprovechar),y
ara mateix,ณ ตอนนี้ บัดเดี๋ยวนี้,y
arquejar,ทำให้งอ,y
arreu,ทั่วทุกที่,y
arribar,ไปถึง (กริยา),y
arrissat,(ผม) หยักศก,y
arromangar-se,เลิกแขนเสื้อ,y
arrossegar,กระชาก,y
arruixar,ฉีด สาด โปรย,y
arrunsar,ย่อลง ทำให้หดลง,y
assecar,ทำให้แห้ง ตากให้แห้ง,y
assolellat,ที่โดนแดด,y
aturar,จับกุม หยุด,y
aviat,เร็ว (เช้า),y
avorrir,ทำให้เบื่อ,y
avorrit,เบื่อ,y
baix,เตี้ย ต่ำ,y
baixar,ลง,y
ballar,เต้นรำ,y
banyat,เปียก (b),y
barat,(ราคา) ถูก,y
batre,ตี,y
berenar,ทานอาหารบ่าย-เย็น (es: merendar),y
beure,ดื่ม (b),y
beure al gallet,ยกดื่มโดยไม่โดนปาก,y
blanc,สีขาว,y
blau,สีน้ำเงิน,y
boig,บ้า,y
bonic,สวย น่ารัก (es: bonito),y
brodar,เย็บปัก,y
brut,สกปรก,y
bufar,เป่าลม พ่นลมหายใจ หอบ,y
buit,ว่างเปล่า,y
cadascú,แต่ละหนึ่ง,y
calb,ที่หัวล้าน,y
caldre,จำเป็น ขาด ต้อง,y
callat,เงียบ ไม่พูด,y
cancel·lar,ยกเลิก,y
canviar,เปลี่ยน,y
cap (+ sustantiu),ไม่สักนิด แม้แต่น้อย (นามนับได้),y
cap a,มุ่งหน้า ไปยัง ไปทาง,y
capaç,ซึ่งสามารถ ที่ทำได้ ที่มีความสามารถ,y
castany,(ผม) สีน้ำตาล,y
castellana,เกี่ยวกับภาษาสเปน (ญ),y
catalana,เกี่ยวกับกาตาลัน (ญ),y
caure,หล่น ตก ร่วง,y
cavalcar,ขี่ (c),y
cec,ที่ตาบอด (ช),y
cega,ที่ตาบอด (ญ),y
cercar,ค้นหา,y
checa,เกี่ยวกับเช็ก (ญ),y
clar,แน่นอน แน่ชัด,y
clavar un colp,ต่อย,y
collir,เด็ด ถอน,y
colossal,มหึมา มหาศาล (c),y
comptar,เล่า,y
conèixer,รู้จัก,y
cremar,เผา,y
cridar,ตะโกน เรียก เรียกร้อง,y
cruspir-se,กินอย่างหิวโหย,y
créixer,เติบโต,y
cuinar,ทำอาหาร,y
curt,สั้น,y
córrer,วิ่ง,y
damunt,เหนือ ด้านบน (d),y
darrere,ด้านหลัง,y
davall,ด้านล่าง ด้านใต้ (d),y
davant,ข้างหน้า,y
de colp i volta,จู่ ๆ ก็ (๔),y
de franc,ฟรี (!d),y
de sopte,จู่ ๆ ก็ (๒),y
de tant en tant,นาน ๆ ที (es: de vez en cuando),y
debades,ฟรี (!f),y
deficiós,ยม ไม่อยากทำอะไร,y
delir,ทำลาย,y
delir-se per,ต้องการเป็นอย่างมาก อยากอย่างมาก,y
demanar,ร้องขอ,y
demà,พรุ่งนี้,y
descovrir,ค้นพบ หาเจอ (!t),y
desenvolupar,พัฒนา,y
desitjar,ปรารถนา หวัง,y
despertar-se,ตื่น (!ll),y
destre,ถนัดขวา,y
destruir,รื้อถอน ทำลาย (!t),y
deu ser que,จะเป็นเพราะว่า (es: será que),y
deure,ควร,y
devorar,ทุ่มเท ทำด้วยความตั้งใจ,y
dibuixar,วาดรูป,y
dinar,ทานอาหาร(กลางวัน) (es: comer),y
dins,ด้านใน,y
dir-se,เรียกว่า…,y
divertit,สนุก ตลก,y
doldre,เจ็บ ทำให้เจ็บ,y
dolent,แย่ เลว ไม่ดี,y
dolç,หวาน,y
donar un colp de mà,(ยื่นมือ)เข้าไปช่วยเหลือ,y
doncs,ก็ แล้ว (es: pues),y
dubtar,สงสัย,y
egoist,เห็นแก่ตัว,y
eixe,สิ่งนั้น (eso/ese),y
eixir,ออก จาก,y
eixugar,เช็ดให้แห้ง สะบัดให้แห้ง ทำให้แห้ง,y
el Nadal,คริสต์มาส,y
el ball,การเต้นรำ,y
el banc,ธนาคาร,y
el banquer,พนักงานธนาคารผู้ชาย,y
el bany,ห้องน้ำ (อาบน้ำ),y
el barret,หมวก,y
el barri,ละแวก (es: barrio),y
el batlle,นายกเทศมนตรี (!a),y
el bebé,เด็กทารก,y
el bes,(นาม)จูบ,y
el beset,(นาม)หอม (ES: besito),y
el bigoti,หนวด,y
el bol,ถ้วย,y
el bolet,เห็ดรา,y
el bolígraf,ปากกา,y
el bomber,นักดับเพลิงผู้ชาย,y
el borrador,ยางลบ,y
el bosc,ป่า,y
el bou,กระทิง,y
el bram,เสียงร้องของลา,y
el braç,แขน,y
el bressol,เปล,y
el bròquil,บร็อคโคลี,y
el buit,หลุม รู ช่องว่าง,y
el cabell,เส้นผม (c),y
el cadàver,ศพ,y
el cafè,กาแฟ,y
el caixer,แคชเชียร์ผู้ชาย,y
el calaix,ลิ้นชัก,y
el calcetí,ถุงเท้า (วาเลนเซีย),y
el camal,ขา (กางเกง),y
el cambrer,บริกรผู้ชาย,y
el camió,รถบรรทุก,y
el camp,ค่าย แคมป์,y
el camperol,ชาวนา (!g),y
el campionat,การแข่งชันชิงแชมป์,y
el campió,แชมป์,y
el camí,ทาง หนทาง ถนน (es: el camino),y
el canal,คลอง,y
el canell,ข้อมือ,y
el cantant,นักร้องผู้ชาย,y
el cantó,มุม หัวมุม (c),y
el canvi,ความเปลี่ยนแปลง,y
el cap,ศีรษะ / เจ้านาย,y
el cap de setmana,เสาร์อาทิตย์ สุดสัปดาห์,y
el cap de suro,คนง่าว หัวตัน,y
el capatàs,หัวหน้าคนงานผู้ชาย,y
el capellà,บาทหลวง,y
el capítol,บทเรียน (c),y
el caqui,ลูกพลับ,y
el cargol,หอยทาก,y
el carnisser,คนขายเนื้อสัตว์ผู้ชาย,y
el carrer,ถนน (c),y
el carreró,ตรอก ซอย,y
el carter,บุรุษไปรษณีย์,y
el cartó,กระดาษลัง,y
el castell,ปราสาท,y
el castellà,ภาษาสเปน,y
el castró,ตะกร้า,y
el català,ภาษากาตาลัน / คนกาตาลัน (ช),y
el cavall,ม้า,y
el cavaller,อัศวิน,y
el cel,ท้องฟ้า,y
el celiandre,ผักชี,y
el centre,ศูนย์กลาง,y
el chec,ภาษาเช็ก / คนเช็ก (ช),y
el chiquet,เด็กผู้ชาย (c),y
el científic,นักวิทยาศาสตร์ผู้ชาย,y
el cine,โรงภาพยนตร์,y
el cinturó,เข็มขัด,y
el cirurgià,ศัลยแพทย์ (ช),y
el ciutadà,พลเมือง,y
el clau,ตะปู,y
el cobertor,ผ้าปู ผ้าคลุม,y
el cobrellit,ผ้าคลุมเตียง,y
el codi,รหัส,y
el cognom,นามสกุล,y
el coixí,เบาะ,y
el coll,คอ,y
el colp,การต่อย (es: el golpe),y
el colze,ข้อศอก,y
el col·legi,โรงเรียน (c),y
el company,เพื่อนร่วมชั้น เพื่อนร่วมงาน (ชาย),y
el compte,เรื่องเล่า บิล,y
el concert,คอนเสิร์ต,y
el conductor,คนขับรถผู้ชาย (!x),y
el coneixement,ความรู้,y
el conill,กระต่าย,y
el contable,นักบัญชีผู้ชาย,y
el contingut,เนื้อหา,y
el contracte,สัญญา (ฉบับ),y
el cor,หัวใจ,y
el corrent,กระแส(น้ำ),y
el correu,ไปรษณีย์,y
el cos,ร่างกาย,y
el cosí,ลูกพี่ลูกน้องผู้ชาย,y
el cotxe,รถ,y
el cranc,ปู,y
el cristià,คริสตศาสนิกชน,y
el crit,การตะโกน เสียงตะโกน เสียงร้อง,y
el cuiner,คนทำอาหารผู้ชาย กุ๊กผู้ชาย,y
el cunyat,พี่เขย น้องเขย,y
el curs,วิชาเรียน กระบวนวิชา (ES: el curso),y
el càrrec,ภาระ,y
el dalt,ด้านบน ชั้นบน เหนือ (คำนาม),y
el dentiste,ทันตแพทย์ผู้ชาย,y
el dependent,ลูกจ้างผู้ชาย,y
el desembre,ธันวาคม,y
el desig,ความปรารถนา (es: el deseo),y
el despatx,สำนักงาน (d),y
el deute,หนี้,y
el diagnòstic,การวินิจฉัยโรค,y
el dijous,วันพฤหัสบดี,y
el dilluns,วันจันทร์,y
el dimarts,วันอังคาร,y
el dimecres,วันพุธ,y
el dissabte,วันเสาร์,y
el dit,นิ้วมือ,y
el dit de l'anell,นิ้วนาง,y
el dit del mig,นิ้วกลาง,y
el dit gros,นิ้วโป้ง,y
el dit petit,นิ้วก้อย,y
el dit senyalador,นิ้วชี้,y
el diumenge,วันอาทิตย์,y
el divendres,วันศุกร์,y
el dofí,ปลาโลมา,y
el dormitori,ห้องนอน,y
el drap,ผ้า,y
el déu,พระเจ้า,y
el fanal,โคมไฟ คบไฟ,y
el farmacèutic,เภสัชกร (ช),y
el febrer,กุมภาพันธ์,y
el fem,ขยะ,y
el femater,คนเก็บขยะผู้ชาย,y
el ferro,เหล็ก,y
el fetge,ตับ,y
el fill,ลูกชาย,y
el fillastre,ลูกติดผู้ชาย,y
el fillol,ลูกเลี้ยงผู้ชาย,y
el foc,ไฟ (!แสง),y
el foguer,เตา,y
el fontaner,ช่างประปา (!ll),y
el formatge,ชีส,y
el forn de pa,ร้านขนมปัง,y
el forner,คนทำขนมปังผู้ชาย,y
el fotògraf,ช่างถ่ายรูปผู้ชาย,y
el fracàs,ความผิดพลาด ความล้มเหลว,y
el francés,ภาษาฝรั่งเศส / คนฝรั่งเศส (ช),y
el fred,ความหนาวเย็น,y
el front,หน้าผาก,y
el fruit,ผลไม้,y
el full de paper,กระดาษจด ชีท,y
el fullet,แผ่นพับ ใบปลิว,y
el fum,ควัน,y
el fuster,ช่างไม้ผู้ชาย,y
el futboliste,นักฟุตบอลผู้ชาย,y
el fàstic,ความน่าขยะแขยง ความน่ารังเกียจ,y
el gall,ไก่ตัวผู้,y
el ganivet,มีด,y
el garatge,โรงรถ,y
el gel,น้ำแข็ง,y
el gelat,ไอศกรีม,y
el gendre,ลูกเขย,y
el gener,มกราคม,y
el genoll,หัวเข่า,y
el gerent,ผู้บริหารผู้ชาย (!e),y
el germanastre,พี่ชายน้องชายต่างพ่อแม่,y
el germà,พี่ชาย น้องชาย,y
el gimnàs,ยิม,y
el glaçó,ก้อนน้ำแข็ง,y
el gos,สุนัข,y
el got,แก้ว (พาชนะ),y
el granger,ชาวนา (!c),y
el grau,ระดับชั้น (!n),y
el grec,ภาษากรีก / คนกรีก (ช),y
el idioma,ภาษา (i),y
el indret,สถานที่,
el infermer,บุรุษพยาบาล,y
el ingrés,รายได้,y
el iogurt,โยเกิร์ต,y
el italià,ภาษาอิตาลี / คนอิตาลี (ช),y
el japonés,ภาษาญี่ปุ่น / คนญี่ปุ่น (ช),y
el joc,เกม,y
el judici,การพิพากษา,y
el juliol,กรกฎาคม,y
el juny,มิถุนายน,y
el jutge,ผู้พิพากษา,y
el kiwi,กีวี,y
el lavabo,ห้องน้ำ (ส้วม),y
el lector,เครื่องอ่าน ตัวอ่าน,y
el llac,ทะเลสาบ,y
el llamp,ฟ้าผ่า,y
el llanterner,ช่างประปาผู้ชาย (!f),y
el llapis,ดินสอ,y
el llavis,ริมฝีปาก,y
el llençol,ผ้าปูเตียง,y
el lleó,สิงโต,y
el llibre,หนังสือ,y
el llit,เตียง,y
el lloguer,การให้เช่า,y
el llop,หมาป่า,y
el llum,โคมไฟ (๑),y
el macarró,มักกะโรนี,y
el maig,พฤษภาคม,y
el malson,ฝันร้าย,y
el mapa,แผนที่ (m),y
el marge,ช่องไฟ,y
el mariner,กะลาสีเรือผู้ชาย,y
el marit,สามี (m),y
el martell,ค้อน,y
el març,มีนาคม,y
el matalàs,เบาะนั่ง เบาะรอง,y
el matí,ตอนเช้า,y
el mecànic,ช่างเครื่องยนต์ผู้ชาย,y
el meló d'Alger,แตงโม,y
el meló de tot l'any,เมลอน,y
el menjador,โรงอาหาร,y
el menjar,อาหาร,y
el mercat,ตลาด,y
el mestre,อาจารย์ (m ผู้ชาย),y
el metge,แพทย์ผู้ชาย,y
el mico,ลิง,y
el migdia,เที่ยงวัน,y
el miler,พัน จำนวนพัน (คำนาม),y
el militar,ทหาร (m),y
el miner,คนทำเหมืองผู้ชาย,y
el mirall,กระจก (m),y
el mitjó,ถุงเท้า (กาตาลุญญา),y
el moble,เฟอร์นิเจอร์,y
el model,นายแบบ นางแบบ,y
el monitor,ครูผู้ช่วย (ผู้ชาย),y
el monyo,มวยผม,y
el motiu,แรงผลักดัน,y
el motxo,ไม้ถูพื้น,y
el muntanyisme,การปีนเขา,y
el muscle,หัวไหล่ (!e),y
el museu,พิพิธภัณฑ์,y
el món,โลก,y
el músic,นักดนตรีผู้ชาย,y
el nadó,ทารก,y
el nas,จมูก,y
el nebot,หลานชายของลุงป้าน้าอา,y
el negoci,ธุรกิจ,y
el nen,เด็กผู้ชาย (n),y
el net,หลานชายของปู่ย่าตายาย,y
el nord,ทิศเหนือ,y
el noruec,ภาษานอร์เวย์ / คนนอร์เวย์ (ช),y
el notari,พนักงานทะเบียนผู้ชาย,y
el novembre,พฤศจิกายน,y
el núvol,เมฆ,y
el pa,ขนมปัง,y
el padrastro,พ่อเลี้ยง (จากแม่แต่งงานใหม่),y
el padrí,พ่อทูลหัว,y
el palau,วัง,y
el pallasso,ตัวตลกผู้ชาย,y
el palmito,พัดแบบวาเลนเซีย,y
el paper,กระดาษ,y
el paraigua,ร่ม,y
el paraigüer,ที่วางร่ม,y
el parament,การจัด การเตรียม,y
el parc,สวนสาธารณะ,y
el pare,พ่อ,y
el paràgraf,ย่อหน้า,y
el passadís,โถงทางเดิน,y
el pastís,ขนมเค้ก,y
el patí,ชานบ้าน,y
el peatge,ด่านเก็บค่าทางด่วน,y
el pegament,กาว,y
el pegat,พลาสเตอร์ปิดแผล (เล็ก),y
el peix,ปลา,y
el peluquer,ช่างตัดผมผู้ชาย,y
el percentatge,เปอร์เซ็นต์ ร้อยละ,y
el perill,อันตราย (คำนาม),y
el periodiste,นักข่าวผู้ชาย,y
el periòdic,หนังสือพิมพ์,y
el pescador,ชาวประมง,y
el petó,การหอมแก้ม,y
el peu,เท้า <sub><i>(ไม่ใช่ขา)</i></sub>,y
el pilot,นักบิน,y
el pingüí,นกเพนกวิน,y
el pintor,นักวาดภาพผู้ชาย,y
el pinzell,พู่กัน,y
el pis,แฟลต อพาร์ตเมนต์ (es: piso),y
el pit,อก หน้าอก,y
el pitet,ผ้ากันเปื้อนสำหรับรับประทานอาหาร,y
el pla,แผน แผนการ,y
el plaer,ความปิติยินดี ความเพลิดเพลิน (es: el placer),y
el plat,จาน,y
el plugim,ฝนอ่อย,y
el plànol,แผนที่ (!m),y
el plàtan,กล้วย,y
el pobret,คน สิ่งที่น่าสงสาร (ชาย),y
el polonés,ภาษาโปแลนด์ / คนโปแลนด์ (ช),y
el polític,นักการเมืองผู้ชาย,y
el pom,ลูกบิดประตู,y
el pont,สะพาน,y
el porc,เนื้อหมู,y
el port,ท่าเรือ,y
el portugués,ภาษาโปรตุเกส / คนโปรตุเกส (ช),y
el premi,รางวัล,y
el preu,ราคา,y
el producte,ผลิตภัณฑ์,y
el professor,อาจารย์ (p ผู้ชาย),y
el psicòleg,จิตแพทย์ (ช),y
el pulmó,ปอด,y
el pupitre,โต๊ะเขียนหนังสือ (โรงเรียน),y
el pèl,เส้นผม (p),y
el pèsol,ถั่วลันเตา,y
el quadern,สมุด (q),y
el quart,หนึ่งในสี่,y
el quilòmetre,กิโลเมตร,y
el rabosot,จิ้งจอก,y
el racó,หลืบ มุม,y
el raig,รังสี รัศมี,y
el raspall,แปรง (คำนาม),y
el ratolí,หนู เมาส์ (คอม),y
el rave,หัวไชเท้า,y
el raïm,องุ่น,y
el rebedor,โถงทางเข้า ห้องรับแขก,y
el regal,ของขวัญ,y
el rellotge,นาฬิกา,y
el remei,วิธีการรักษา หนทางแก้ไข ยา,y
el rentaplats,เครื่องล้างจาน,y
el renyó,ไต,y
el restaurant,ร้านอาหาร,y
el rierol,ลำห้วย,y
el risc,ความเสี่ยง,y
el ritme,จังหวะ,y
el riu,แม่น้ำ,y
el rostre,สีหน้า ใบหน้า,y
el rotulador,ปากกาเมจิก,y
el rovelló,เห็ดสน,y
el ruc,ลา (สัตว์ !a),y
el rumb,ทาง เส้นทาง,y
el rus,ภาษารัสเซีย / คนรัสเซีย (ช),y
el sabater,ช่างรองเท้า,y
el sabó,สบู่,y
el sacerdot,พระ,y
el sant,นักบุญ,y
el secretari,เลขาผู้ชาย,y
el segell,สแตมป์,y
el segle,ช่วงเวลา ศตวรรษ,y
el semàfor,สัญญาณจราจร,y
el senderisme,ไฮกิง,y
el senglar,หมูป่า,y
el senyal,สัญญาณ,y
el setembre,กันยายน,y
el so,เสียง,y
el sofà,โซฟา,y
el sogre,พ่อตา,y
el soldat,ทหาร (s),y
el somni,ความฝัน,y
el soroll,เสียงดัง อึกทึกจอแจ,y
el sostre,เพดาน,y
el soterrani,ห้องใต้ดิน,y
el suc,น้ำผลไม้,y
el sud,ทิศใต้,y
el suec,ภาษาสวีเดน / คนสวีเดน (ช),y
el suro,จุกคอร์ก,y
el suèter,สเวตเตอร์,y
el símptoma,อาการของโรค,y
el sòl,พื้น (!t),y
el tailandés,ภาษาไทย / คนไทย (ช),y
el tall,การตัด หั่นชิ้น,y
el tamboret,เก้าอี้สูงหน้าบาร์,y
el tema,หัวข้อ,y
el terreny,ที่ดิน,y
el torneig,ทัวร์นาเมนต์,y
el tramvia,รถราง,y
el treball,อาชีพ (t),y
el trellat,เหตุผล (ความเมกเซนส์),y
el tren,รถไฟ,y
el tro,ฟ้าร้อง,y
el trànsit,การจราจร,y
el turc,ภาษาตุรกี / คนตุรกี (ช),y
el turisme,การท่องเที่ยว,y
el vaixell,เรือ (!b),y
el valencià,ภาษาวาเลนเซีย / คนวาเลนเซีย (ช),y
el venedor,พนักงานขาย เซล,y
el vent,ลม,y
el ventall,พัด (คำนาม),y
el verí,พิษ,y
el veterinari,สัตวแพทย์ (ช),y
el veí,เพื่อนบ้าน (ผู้ชาย),y
el vi,ไวน์,y
el vidre,แก้ว (วัสดุ),y
el violí,ไวโอลิน,y
el volcà,ภูเขาไฟ,y
el wàter,ห้องน้ำ (w),y
el xampinyó,เห็ดแชมปิญอง,y
el ximo,ขนมปังทางกัสเตโยในงานช่วงมักดาเลนา,y
el xinés,ภาษาจีน / คนจีน (ช),y
el xòfer,โชเฟอร์,y
el yayo,ปู่ ตา (y),y
els Estats Units,สหรัฐอเมริกา,y
els apunts,การจดบันทึก,y
els deures,การบ้าน,y
els ferros (dentals),เหล็กดัดฟัน,y
els palets,ตะเกียบ,y
els pantalons,กางเกง,y
empipar,ทำให้รำคาญ ทำให้ขุ่นเคืองใจ,y
empényer,ผลัก,y
endavant,ตรงไป มุ่งไปหน้า ด้านหน้า (es: adelante),y
endreçat,ที่สะอาด รักความเป็นระเบียบ,y
enlloc,(ไม่)ที่ไหนสักที่,y
enmig,ท่ามกลาง,y
ensucrat,ซึ่งใส่น้ำตาล,y
entelar-se,ขึ้นฝ้า,y
entremeliat,ซน ดื้อ,y
entristir,ทำให้เศร้า,y
enverinar,วางยาพิษ,y
equivocar-se,ทำผิดพลาด,y
esbossar,สเก็ตช์ภาพ,y
esclatar,ระเบิด บาน,y
esclatar a riure,หัวเราะออกมาอย่างดัง,y
escoltar,ฟัง,y
escriure,เขียน,y
escurar,ล้าง ทำความสะอาด (!n!r),y
esgotar,ทำให้เหนื่อย ทำให้หมดแรง,y
esmorzar,ทานอาหารเช้า (es: almorzar),y
esquerrer,ถนัดซ้าย,y
esquiar,เล่นสกี,y
estalviar,เก็บออม ประหยัด,y
estatunidenc,ที่เกี่ยวกับสหรัฐอเมริกา,y
estimar,ชอบ รัก,y
estirar,ดึง,y
estret,แคบ คับ,y
estripar,แกะออก ผ่าไส้,y
estúpid,โง่,y
esvelt,ผอมเพรียว สลิม,y
etzibar,ต่อย ขว้าง เถียง,
europeu,ที่เกี่ยวกับยุโรป,y
fals,ที่เป็นความเท็จ,y
famós,มีชื่อเสียง,y
fer,ทำ,y
fer l'efecte,ให้ความรู้สึก… (es: parecer),y
fer la mandra,อยู่เฉย ๆ ไม่ทำอะไร,y
fer pudor,ส่งกลิ่นเหม็น,y
fer servir,ใช้ (๒),y
fer tard,มาสาย,y
ficar,ยัด ดัน (es: meter),y
fin,บาง,y
fora,ด้านนอก,y
fosc,มืด,y
francesa,เกี่ยวกับฝรั่งเศส (ญ),y
fregar,ถู (พื้น) [คำกริยา],y
fregir,ทอด,y
gairebé,เกือบ (!q),y
generós,ใจดี ใจกว้าง,y
gens de,ไม่สักนิด แม้แต่น้อย (นามนับไม่ได้),y
grega,เกี่ยวกับกรีก (ญ),y
greu,หนักหนาสาหัส,y
groc,สีเหลือง,y
gros,อ้วน หนา (๑),y
gruixut,อ้วน หนา (๒),y
guanyar,ชนะ,y
haver,(es: haber),y
holandesa,เกี่ยวกับดัตช์ (ญ),y
hom,ใครบางคน (!a) คนใดคนหนึ่ง,y
immens,มโหฬาร มหึมา (i),y
incloure,รวม (es: incluir),y
infringir,ละเมิด,y
italiana,เกี่ยวกับอิตาลี (ญ),y
japonesa,เกี่ยวกับญี่ปุ่น (ญ),y
jove,อายุน้อย,y
jueu,ที่เกี่ยวกับยิว,y
l'alumne,นักเรียน (a),y
l'estudiant,นักเรียน (e),y
l'holandés,ภาษาดัตช์ / คนดัตช์ (ช),y
l'oració,โฮมรูม การปราศรัย,y
la Lluna,ดวงจันทร์,y
la balança,ตาชั่ง เครื่องชังน้ำหนัก,y
la banda,ด้านข้าง (คำนาม),y
la banquera,พนักงานธนาคารผู้หญิง,y
la banya,เขาสัตว์,y
la banyera,อ่างอาบน้ำ,y
la barba,เครา,y
la barca,เรือ (!v),y
la beguda,เครื่องดื่ม,y
la bicicleta,รถจักรยาน,y
la biologia,ชีววิทยา,y
la bleda,ผักชาร์ด,y
la boca,ปาก,y
la boira,หมอก,y
la bombera,นักดับเพลิงผู้หญิง,y
la bossa,กระเป๋าถือ,y
la botifarra,ไส้กรอก(เลือด),y
la botiga,ร้านค้า,y
la branca,กิ่งก้านสาขา,y
la brusa,ชุดสตรี,y
la bufanda,ผ้าพันคอ,y
la butaca,เก้าอี้นวม,y
la butxaca,กระเป๋ากางเกง,y
la cadira,เก้าอี้,y
la caiguda,การร่วงหล่น,y
la caixera,แคชเชียร์ผู้หญิง,y
la calor,ความร้อน,y
la cama,ขา,y
la cambrera,บริกรผู้หญิง,y
la cantant,นักร้องผู้หญิง,y
la capatassa,หัวหน้าคนงานผู้หญิง,y
la cara,ใบหน้า,y
la carabassa,ฟักทอง,y
la carlota,แครอท,y
la carn,เนื้อสัตว์,y
la carnissera,คนขายเนื้อสัตว์ผู้หญิง,y
la carnisseria,ร้านขายเนื้อ,y
la carpeta,แฟ้ม,y
la cartera,พนักงานไปรษณีย์ผู้หญิง,y
la carxofa,อาร์ติโชก,y
la ceba,หัวหอม,y
la cella,คิ้ว,y
la cerimònia,พิธี งานเฉลิมฉลอง,y
la chiqueta,เด็กผู้หญิง (c),y
la científica,นักวิทยาศาสตร์ผู้หญิง,y
la cigonya,นกกระสา,y
la cirera,เชอร์รี,y
la cirurgiana,ศัลยแพทย์ (ญ),y
la ciutat,เมือง,y
la ciència,วิทยาศาสตร์,y
la classe,ชั้นเรียน,y
la clau,กุญแจ,y
la claveguera,ท่อระบายน้ำ,y
la comoditat,การอำนวยความสะดวก สิ่งอำนวยความสะดวก,y
la companya,เพื่อนร่วมชั้น เพื่อนร่วมงาน (หญิง),y
la competència,การแข่งขัน,y
la conductora,คนขับรถผู้หญิง,y
la conseqüència,ผลสืบเนื่อง,y
la contable,นักบัญชีผู้หญิง,y
la conversa,บทสนทนา,y
la cortina,ผ้าม่าน,y
la cosina,ลูกพี่ลูกน้องผู้หญิง,y
la creu,กางเขน กากบาท,y
la creïlla,มันฝรั่ง (!p),y
la cuina,ห้องครัว,y
la cuinera,คนทำอาหารผู้หญิง กุ๊กผู้หญิง,y
la cuixa,น่อง,y
la cullera,ช้อน,y
la cunyada,พี่สะใภ้ น้องสะใภ้,y
la cèl·lula,เซลล์,y
la dansa,การเต้น,y
la data,วันที่,y
la deessa,พระเจ้า (ญ.),y
la dentista,ทันตแพทย์ผู้หญิง,y
la dependenta,ลูกจ้างผู้หญิง,y
la desfilada,ขบวนพาเรด,y
la despesa,รายจ่าย ค่าสาธารณูปโภค,y
la dieta,ไดเอ็ต พฤติกรรมการรับประทานอาหาร,y
la dona,ผู้หญิง ภรรยา,y
la dreta,ขวามือ,y
la facultat,คณะ (ในมหาวิทยาลัย),y
la fam,ความหิว,y
la farmàcia,ร้านขายยา,y
la fava,ถั่วฝัก ถั่วปากอ้า,y
la fe,ความเชื่อ,y
la feina,อาชีพ (f),y
la fematera,คนเก็บขยะผู้หญิง,y
la festa,งานเลี้ยง วันหยุด,y
la fi,จุดสุดท้าย จุดสิ้นสุด จุดจบ,y
la figa,ลูกฟิก,y
la filla,ลูกสาว,y
la fillastra,ลูกติดผู้หญิง,y
la fillola,ลูกเลี้ยงผู้หญิง,y
la finestra,หน้าต่าง,y
la fira,มหกรรม แฟร์,y
la flaire,กลิ่นหอม,y
la flauta,ขลุ่ย,y
la font,น้ำพุ,y
la fornera,คนทำขนมปังผู้หญิง,y
la forquilla,ส้อม,y
la fotocòpia,การถ่ายเอกสาร,y
la fotògrafa,ช่างถ่ายรูปผู้หญิง,y
la frase,ประโยค,y
la frontera,ชายแดน,y
la fruiteria,ร้านขายผลไม้,y
la fulla,ใบไม้,y
la fusta,ไม้,y
la fustera,ช่างไม้ผู้หญิง,y
la futbolista,นักฟุตบอลผู้หญิง,y
la galeta,คุกกี้,y
la geniva,เหงือก,y
la gerent,ผู้บริหารผู้หญิง (!e),y
la germana,พี่สาว น้องสาว,y
la germanastra,พี่สาวน้องสาวต่างพ่อแม่,y
la gerra,ไห,y
la gespa,หญ้า,y
la gimnàstica,ยิมนาสติก การออกกำลังกาย,y
la goma,ยาง,y
la granera,ไม้กวาด (วาเลนเซีย),y
la grapadora,ที่เย็บกระดาษ,y
la il·lusió,ภาพลวงตา,y
la infermera,นางพยาบาลผู้หญิง,y
la informàtica,วิชาคอมพิวเตอร์,y
la inversió,การลงทุน,y
la llaminadura,ขนมหวาน (๕),y
la llampada,ฟ้าแลบ,y
la llanda,กระป๋อง,y
la llanternera,ช่างประปาผู้หญิง (!f),y
la llançadora,ชัตเติลบัส,y
la llar,ที่อยู่อาศัย,y
la llengua,ภาษา (ll),y
la llentilla,ถั่วเลนทิล (es: lenteja),y
la llepolia,ขนมหวาน (๓),y
la llesca,ขนมปังหั่นชิ้น,y
la lletra,เนื้อเพลง อักษร,y
la llibreta,สมุดบันทึก (ll),y
la lliga,ลีก,y
la llima,มะนาว (!เลมอน),y
la llimona,เลมอน,y
la llista,รายการ ลิสต์,y
la llitera,เตียงสองชั้น,y
la lliçó,บทเรียน (ll),y
la llum,แสง ไฟ ไฟฟ้า,y
la llàgrima,น้ำตา,y
la llàstima,ความน่าเสียดาย ความรู้สึกสงสาร,y
la làmpada,โคมไฟ (๓),y
la madrastra,แม่เลี้ยง (จากพ่อแต่งงานใหม่),y
la madrina,แม่ทูลหัว,y
la maduixa,สตรอว์เบอร์รี,y
la magrana,ทับทิม,y
la malaltia,อาการป่วย,y
la mandra,ความขี้เกียจ (!p),y
la maquineta,กบเหลาดินสอ,y
la mare,แม่,y
la marinera,กะลาสีเรือผู้หญิง,y
la mascletà,การแสดงประทัด,y
la mecànica,ช่างเครื่องยนต์ผู้หญิง,y
la ment,จิตใจ ความคิด (!a),y
la mestra,อาจารย์ (m ผู้หญิง),y
la mestressa de casa,แม่บ้าน,y
la metgessa,แพทย์ผู้หญิง,y
la migdiada,พักกลางวัน (เซียสตา),y
la minera,คนทำเหมืองผู้หญิง,y
la misèria,ความจนมาก เงินจำนวนน้อยมาก,y
la mitja,ครึ่งหนึ่ง,y
la mitjanit,เที่ยงคืน,y
la monitora,ครูผู้ช่วย (ผู้หญิง),y
la mora,แบล็กเบอร์รี,y
la motxilla,กระเป๋าสะพาย,y
la muntanya,ภูเขา,y
la mà,มือ,y
la mànega,แขนเสื้อ,y
la música,นักดนตรีผู้หญิง,y
la natura,ธรรมชาติ,y
la neboda,หลานสาวของลุงป้าน้าอา,y
la nena,เด็กผู้หญิง (n),y
la neta,หลานสาวของปู่ย่าตายาย,y
la neteja,การทำความสะอาด (คำนาม),y
la neu,หิมะ,y
la nit,ตอนกลางคืน,y
la nora,ลูกสะใภ้,y
la nota,โน๊ต คะแนน,y
la notària,พนักงานทะเบียนผู้หญิง,y
la novel·la,นิยาย,y
la nòria,กังหัน,y
la palanca,คาน คันโยก,y
la pallassa,ตัวตลกผู้หญิง,y
la papallona,ผีเสื้อ (กาตาลุญญา),y
la paperera,ถังขยะ,y
la papereria,ร้านขายเครื่องเขียน,y
la paraula,คำ,y
la paret,กำแพง (!m),y
la pastera,เรือบดเล็ก (สำหรับผู้อพยพ),y
la pastisseria,ร้านขนมเค้ก,y
la pebrera,พริกหยวก,y
la pedra,หิน ลูกเห็บ,y
la peixateria,ร้านขายปลา,y
la pell,ผิวหนัง,y
la peluquera,ช่างตัดผมผู้หญิง,y
la pel·lícula,ภาพยนตร์,y
la pera,ลูกแพร,y
la peresa,ความขี้เกียจ (!m),y
la periodista,นักข่าวผู้หญิง,y
la perseverança,การทำเป็นประจำ,y
la perxa,ไม้แขวนเสื้อ,y
la peça,ชิ้น,y
la pilota,ลูกบอล,y
la pinta,หวี (คำนาม),y
la pintora,นักวาดภาพผู้หญิง,y
la pintura,ภาพวาด,y
la pinya,สับปะรด,y
la pissarra,กระดานดำ,y
la planxa,เตารีด,y
la platja,ชายหาด,y
la plaça,ลานกว้าง พลาซา,y
la ploma,ขนนก,y
la pluja,ฝน (คำนาม),y
la pobreta,คน สิ่งที่น่าสงสาร (หญิง),y
la pols,ฝุ่น,y
la política,นักการเมืองผู้หญิง,y
la poma,แอปเปิล,y
la por,ความกลัว,y
la porqueria,ความสกปรก ของไม่มีค่า,y
la porta,ประตู,y
la postal,โปสการ์ด,y
la premsa,สื่อ ผู้สื่อข่าว,y
la prestatgeria,ชั้นหนังสือ,y
la presó,คุก,y
la primavera,ฤดูใบไม้ผลิ,y
la professora,อาจารย์ (p ผู้หญิง),y
la proteïna,โปรตีน,y
la pruna,ลูกพรุน,y
la psicòloga,จิตแพทย์ (ญ),y
la pudor,กลิ่นเหม็น,y
la pàgina,หน้า (es: la página),y
la pàtria,บ้านเกิด ภูมิลำเนา,y
la pèrdua,การสูญเสีย,y
la química,วิชาเคมี,y
la rasqueta,คราด,y
la raó,เหตุผล (ความคิด ความสัมพันธ์),y
la remolatxa,บีตรูต,y
la rentadora,เครื่องซักผ้า,y
la resposta,คำตอบ,y
la reunió,การรวมตัว การประชุม,y
la rialla,การหัวเราะ,y
la roba,เสื้อผ้า,y
la roda,ล้อรถ,y
la rosada,เหมย,y
la ràbia,ความโกรธ,y
la ràdio,วิทยุ,y
la sala menjador,ห้องรับประทานอาหาร,y
la samarreta,เสื้อยืด,y
la sanció,การลงโทษ ค่าปรับ,y
la sang,เลือด,y
la secretaria,งานเลขาธิการ,y
la secretària,เลขาผู้หญิง,y
la set,ความกระหายน้ำ,y
la sogra,แม่ยาย,y
la solitud,ความโสด ความเหงา,y
la son,ความง่วง,y
la sorra,ทราย (!a),y
la sort,โชค,y
la suor,เหงื่อ,y
la sèrie,ซีรีส์,y
la síndria,แตงโม (กาตาลุญญา),y
la taca,ลาย รอยจุด (es: la mancha),y
la tardor,ฤดูใบไม้ร่วง,y
la tasca,งาน สิ่งที่ต้องทำ (ชิ้นงาน),y
la taula,โต๊ะ,y
la tauleta de nit,โต๊ะข้างเตียง,y
la taxa,ค่าบริการ อัตราค่าธรรมเนียม,y
la televisió,โทรทัศน์,y
la tempesta,พายุ (es: tormenta),y
la terra,พื้นดิน,y
la terrassa,ระเบียง ชานบ้าน (t),y
la tesi,วิทยานิพนธ์,y
la tia,ป้า น้าอาผู้หญิง,y
la tomaca,มะเขือเทศ,y
la tona,ตัน,y
la torrada,ขนมปังปิ้ง,y
la torre,หอคอย,y
la tortuga,เต่า,y
la tovallola,ผ้าเช็ดตัว,y
la trobada,การพบเจอ,y
la truita,ตอร์ติยา,y
la unitat,ความเป็นหนึ่งเดียว ความสามัคคี,y
la universitat,มหาวิทยาลัย,y
la vacança,การพักร้อน,y
la venda,การขาย,y
la venjança,การแก้แค้น,y
la vesprada,ตอนบ่าย,y
la veterinària,สัตวแพทย์ (ญ),y
la veu,เสียง (สิ่งมีชีวิต),y
la veïna,เพื่อนบ้าน (ผู้หญิง),y
la víctima,เหยื่อ ผู้ประสบภัย,y
la xarxa,เครือข่าย,y
la xifra,ตัวเลข (!n),y
la yaya,ย่า ยาย (y),y
lent,ช้า,y
les ceres,สีเทียน,y
les ciències naturals,วิทยาศาสตร์ธรรมชาติ,y
les golfes,ห้องใต้หลังคา,y
les llengües,วิชาภาษา,y
les matemàtiques,คณิตศาสตร์,y
les sabates,รองเท้า,y
les sandàlies,รองเท้าแตะ (สำหรับใส่ออกไปข้างนอก),y
les tisores,กรรไกร,y
les ulleres,แว่นตา เลนส์,y
llançar,ขว้าง โยน,y
llarg,ยาว,y
llavar,ล้าง,y
llavors,ตอนนั้น ดังนั้น (es: entonces) (!a),y
llegir,อ่าน,y
lleig,น่าเกลียด อัปลักษณ์,y
llest,ฉลาด,y
llevar-se,ลุก (ตื่น) (ll),y
llis,(ผม) ตรง,y
lliure,ว่าง,y
llogar,ให้เช่า,y
lluminós,สว่าง มีแสงมาก,y
lluny,ไกล,y
mai,ไม่เลย ไม่เคย,y
malalt,ป่วย,y
malgrat això,แม้อย่างนั้น,y
mandrós,ขี้เกียจ,y
maravellar,ทำให้อัศจรรย์ (es: maravillar),y
marró,สีน้ำตาล,y
massa,มากเกินไป / เกินไป,y
mentider,ชอบโกหก,y
menut,เล็ก (m),y
menysprear,ดูถูก,y
milió,ล้าน,y
morat,สีม่วงเข้ม,y
morir,ตาย เสียชีวิต,y
mossegar,กัด,y
moure,เคลื่อนไหว เคลื่อนที่,y
mullat,เปียก (m),y
muntar,ขี่ (m),y
necessitar,ต้องการ,y
negre,สีดำ,y
nerviós,ประหม่า,y
net,สะอาด,y
netejar,ทำความสะอาด,y
nevar,(หิมะ)ตก,y
ningú,ไม่มีใครเลย,y
no gaire,ไม่เยอะมาก,y
nombrós,ที่มีจำนวนมาก,y
només,แค่ เพียง,y
noruega,เกี่ยวกับนอร์เวย์ (ญ),y
nyas coca,โคะ ว้าว โห,y
nàixer,เกิด,y
oblidar,ลืม,y
ofegar-se,จมน้ำ หายใจไม่ออก,y
oferir,เสนอให้,y
omplir,ทำให้เต็ม,y
on,ที่ไหน,y
optimist,มองโลกในแง่บวก,y
pacient,อดทน (คุณศัพท์),y
parar la taula,จัดโต๊ะ,y
parlar,พูด,y
passejar,เดินเล่น,y
patir,ทรมาน,y
pedregar,(ลูกเห็บ)ตก,y
pel que fa a,ในส่วนของ… ทางด้านของ…,y
penedir-se,รู้สึกผิด เสียใจ,y
pentinar-se,หวีผม (คำกริยา),y
per acabar-ho d'adobar,ซ้ำร้าย ยิ่งไปกว่านั้น แย่ไปกว่านั้น,y
per descomptat,แน่นอน (es: por supuesto),y
perillós,อันตราย (คำวิเศษณ์),y
permetre,อนุญาต,y
pertànyer,เป็นของ,y
pesar,ชั่งน้ำหนัก,y
pessimist,มองโลกในแง่ลบ,y
petit,เล็ก (p),y
pitjar,เหยียบ เน้น ย้ำ,y
pitjor,แย่กว่า,y
pla,เพียงพอ เหมาะสม,y
ple,เต็ม,y
plorar,ร้องไห้,y
ploure,(ฝน)ตก,y
ploure a bots i barrals,ฝนตกหนักมาก (สำนวน),y
plujós,ที่มีฝนตก,y
polonesa,เกี่ยวกับโปแลนด์ (ญ),y
pondre-se,(ดวงอาทิตย์/ดวงจันทร์) ตก,y
portuguesa,เกี่ยวกับโปรตุเกส (ญ),y
posar,ใส่ เหยาะ เพิ่มไป (es: poner),y
posar-se,สวมใส่,y
potser,อาจจะ เป็นไปได้ บางที (p),y
prendre,ดื่ม เอา,y
prendre apunts,จดบันทึก,y
prim,ผอม,y
primer,ที่หนึ่ง,y
produir,ผลิต,y
proper,ถัดไป,y
pujar,ขึ้น,y
puntual,ตรงต่อเวลา,y
quart,ที่สี่,y
quasi,เกือบ (!g),y
queixar-se,บ่น,y
qui,ใคร,y
rai,ไม่สำคัญ ดีแล้ว พอแล้ว ไม่มีปัญหา,y
raspallar,แปรง ถู (๓),y
reballar,เขวี้ยง ขว้าง,y
rebre,รับ ได้รับ,y
rebutjar,ปฏิเสธ,y
recentment,เร็ว ๆ นี้ ช่วงหลัง ๆ นี้,y
redó,กลม เป็นรูปวงกลม เป็นทรงกลม,y
refredar-se,เป็นหวัด,y
refregar,ถู ไถล ลูบ,y
regatejar,ต่อรองราคา,y
relaxar-se,พักผ่อน,y
religiós,ที่เคร่งศาสนา,y
renegar,สบถ,y
rentar,แปรง ขัด (๒),y
rentar-se les dents,แปรงฟัน,y
respondre,ตอบ,y
reventat,ที่เหนื่อยมาก หมดแรง,y
riure,หัวเราะ,y
roig,สีแดง (!v),y
ros,(ผม) สีทอง บลอนด์,y
rosa,สีชมพู,y
roín,แย่ เลว (!d),y
roïna,แย่ เลว (ญ!d),y
russa,เกี่ยวกับรัสเซีย (ญ),y
ràpid,เร็ว ไว,y
saber,รู้,y
sec,แห้ง,y
segon,ที่สอง,y
sentir,รู้สึก ได้ยิน ขอโทษ,y
senyor,คุณผู้ชาย,y
senyora,คุณนายผู้หญิง,y
senyoreta,คุณผู้หญิง(สาว),y
ser,เป็น คือ,y
seriós,ที่จริงจัง,y
seure,นั่ง,y
sincer,จริงใจ,y
sobre,เหนือ ด้านบน (s),y
somriure,ยิ้ม,y
sopar,รับประทานอาหารเย็น,y
sospitar,สงสัย คลางแคลงใจ (!d),y
sota,ด้านล่าง ด้านใต้ (s),y
sovint,บ่อย ๆ,y
suar,เหงื่อออก (กริยา),y
sucar,ถู ถูไปกับ,y
sueca,เกี่ยวกับสวีเดน (ญ),y
sumar,บวก รวม,y
tailandesa,เกี่ยวกับไทย (ญ),y
tallar,ตัด,y
tant de bo,ขอให้… (es: ojalá),y
taronja,สีส้ม,y
telefonar,โทรหา,y
tercer,ที่สาม,y
tindre,มี,y
tocar,เรียก,y
tocar el dos,(สำนวน) ไป หนี ออกไป,y
tot i que,แม้ว่า (!e),y
tot just,เพิ่ง แค่ ไม่ถึง แทบจะไม่ถึง,y
tothom,ทุกคน,y
traduir,แปล,y
tranquil,สงบ,y
traure el fem,เอาขยะไปทิ้ง,y
treballador,ขยันทำงาน ชอบทำงาน,y
treballar,ทำงาน,y
trencar,ทำลาย,y
trencat,พัง ชำรุด,y
treure,หยิบ เอาออก,y
triar,เลือก,y
trist,เศร้า,y
trobar,พบ เจอ,y
trobar a faltar,คิดถึง,y
turca,เกี่ยวกับตุรกี (ญ),y
un fum,เยอะมาก (un montón),y
v. dur,สวมใส่ (แว่นตา…) / มี (หนวด…) / (es: llevar),y
valenciana,เกี่ยวกับวาเลนเซีย (ญ),y
vell,เก่า แก่,y
vendre,ขาย,y
venjar,แก้แค้น โต้ตอบ,y
verd,สีเขียว,y
vermell,สีแดง (!r),y
vertader,ที่เป็นความจริง,y
vestir-se,แต่งตัว,y
veure/vore,ดู,y
viatjar,ท่องเที่ยว (กริยา),y
vindre,มา,y
viure,อาศัย มีชีวิต,y
vèncer,ชนะ มีชัยเหนือ (!g),y
xerraire,ช่างพูด,y
xicotet,เล็ก (x),y
xinesa,เกี่ยวกับจีน (ญ),y
xiular,เป่านกหวีด,y
xopar-se,เปียกโชก,y
Àfrica,ทวีปแอฟริกา,y
Àsia,ทวีปเอเชีย,y
àvid,ที่กระตือรือร้น ด้วยความสนใจเป็นพิเศษ,y
