泰文,中文,ㄅㄆㄇㄈ,หมายเหตุ
"<div>
<div>
<div>พวกเขาหาวันที่ดีมาวันหนึ่ง เพื่อที่จะเชิญญาติ ๆ เพื่อน ๆ มาทานข้าวด้วยกัน เฉลิมฉลองพิธีมงคลนี้กันอย่างมีชีวิตชีวา</div>
</div>
</div>",他們找一個好日子，請親戚，朋友一起吃飯，熱熱鬧鬧地慶祝這件喜事。,,
" เธอชอบฟังเพลงไหม",你喜歡聽音樂嗎？,,
กลับไปเอายาไปกินแล้ว ดื่มน้ำเยอะ ๆ พักผ่อนเยอะ ๆ นอนเช้า ๆ หน่อย อีกแปปก็จะหายดี,回去把藥吃了，多喝水，多休息，早一點睡覺，很快就會好。,,
การสอบวันนี้ เธอเตรียมตัวมาแล้วยัง,今天的考試，你準備了嗎？,,
การแข่งขันเสร็จกี่โมง(ㄉ),比賽幾點結束？,,
ก่อนอื่นเธอต้องนั่งรถไฟไปไถตงก่อน แล้วค่อยขึ้นเรือไม่ก็เครื่องบินไปถึงเกาะลวี่ต่าว,你得先坐火車到台東，再搭船或是飛機到綠島。,,
ก่อนอื่นเอาผักกาดไปล้างให้สะอาด เติมเกลือและคลุกให้เข้ากัน แล้วจึงใส่พริกกับเครื่องปรุง,先把大白菜洗乾淨，加鹽拌一拌，再放辣椒和調味料。,,
ของกินและของใช้ประจำวันก็ถูก,吃的東西和日用品也很便宜。,,
ของบางชิ้น ฉันไม่ส่งให้เพื่อนก็เอาทิ้งไว้ที่นี่,一些東西，我會送給朋友或是先放在這裡。,,
ของมัน ของเย็นอย่ากินเลยจะดีที่สุด,油的，冰的東西最好都別吃。,,
ขอถามหน่อยนี่เป็นชาอะไร,請問這是什麼茶？,,
ขอบคุณเธอที่ชวนฉันมากินข้าวร้านอาหารที่มีชื่อเสียงขนาดนี้,謝謝你請我到這麼有名的餐廳吃飯。,,
ขอบคุณเธอที่ชวนพวกเรามาร่วมงานแต่งงานของน้องสาวเธอ,謝謝你請我們來參加你妹妹的結婚。,,
ขอบคุณเธอนะที่เป็นห่วง,謝謝你的關心。,,
ขอเชิญคุณแนะนำตัวก่อน,請你先介紹一下自己。,,
ขอโทษ,對不起。,,ㄉ
ขอโทษที ที่ให้เธอรอนานขนาดนี้,對不起，讓你等了這麼久。,,
ขาเจ็บจนแทบจะเดินไม่ได้,腿痛得走不了路。,,
ขี่รถเครื่องไวกว่านั่งรถเมล์ไปไหม / ไม่ต่างกันมาก,騎機車比坐公車快嗎？/差不多。,,
ข่าวทีวีบอกว่า ไต้ฝุ่นครั้งนี้อาจจะแรงกว่าครั้งที่แล้วขึ้นไปอีก,電視新聞說，這次的颱風會比上次的更大。,,
คนญี่ปุ่นนั้นตั้งแต่ระดับประถมก็เริ่มเรียนเขียนคันจิ,日本人從小學就開始學寫漢字。,,
คนที่ถือกล้องถ่ายรูปอยู่ในมือคนนั้นเป็นใคร,手裡拿著照相機的那個人是誰？,,
คนในครอบครัวฉันทุกคนชอบถ่ายรูปมาก,我家人都很喜歡照相。,,
คนไต้หวันมักจะคุยเล่นกับเขา เล่าให้เขาฟังเกี่ยวกับวัฒนธรรมของไต้หวันบ้าง,台灣人常常跟他聊天，告訴他一些台灣的文化。,,
ครอบครัวเธอมีกี่คน,你家有幾個人？,,
คุณมีไข้นิดหน่อย เป็นหวัด แต่ไม่มีอะไรต้องเป็นห่วงมาก,你有一點發燒，是感冒，不過沒有什麼關係。,,
คุณได้รับค่าเช่าบ้านของฉันแล้วหรือยัง,你收到我的房租了嗎？,,
ค่าจ้างคำนวณขึ้นกับเวลาที่ทำงาน,薪水按照工作的時間算。,,
ค่าจ้างเท่ากับอาจารย์มหาวิทยาลัย,薪水跟大學老師的一樣。,,
ค่าเทอมของฉันเป็นบริษัทจ่ายให้ฉันน่ะ,我的學費是公司替我付的。,,
งั้นฉันจะไปถึงวันพรุ่งนี้บ่ายสองโมง,那我明天下午兩點到。,,
งั้นทำไมเธอยังคงเรียนอยู่ล่ะ,那你怎麼還學得下去？,,
งานแบบนี้ที่ประเทศพวกเธอหาง่ายไหม,這樣的工作在你們國家好找嗎？,,
จากตรงนี้เดินไปทางถนนเหอผิงตง เหมือนว่าจะไม่มีธนาคาร แต่ว่าที่ร้านสะดวกซื้อส่วนมากน่าจะมีหมด,從這裡往和平東路走，好像沒有銀行，不過大部分的超商裡應該都有。,,
ฉันกำลังกินข้าวเที่ยง แล้วเดี๋ยวอีกแปปจะเข้าเรียน,我在吃午餐，等一下要上課。,,
ฉันกำลังหาข้อมูลบ้านเช่าบนเว็บไซต์อยู่,我正在網站上找租房子的資料。,,
ฉันกินอะไรก็ได้,我什麼都吃。,,
ฉันก็ไม่ชอบเผ็ด ฉันก็เลยชอบทำอาหารเอง,我也怕辣，所以我喜歡自己做飯。,,
ฉันคิดถึงบ้านนิดหน่อย,我有一點想家。,,
ฉันคิดว่าเรียนภาษาจีนในสภาพแวดล้อมที่พูดภาษาจีน จะพัฒนาไปได้เร็วกว่า,我覺得在說中文的環境裡學中文，進步得比較快。,,
ฉันจะกลับไปคิดดู แล้วเดี๋ยวจะโทรหาคุณ,我回去想想，再打電話給你。,,
ฉันจะไปเยี่ยมชมพิพิธภัณฑ์ราชวังโบราณกับเพื่อนร่วมชั้นเรียน,我要跟同學去參觀故宮博物院。,,
ฉันชอบกินของหวานที่สุด　เธอสอนฉัน(ทำ)หน่อยได้ไหม,我最喜歡吃甜點。你可以教我嗎？,,
ฉันชอบเล่นเบสบอลและว่ายน้ำ แล้วเธอล่ะ,我喜歡打棒球和游泳，你呢？,,
ฉันช่วงนี้ยุ่งมาก ทุกวันตอนเย็นไปเข้าเรียนเขียนพู่กัน,我最近很忙，每天晚上都是上書法課。,,
ฉันตอนปิดเทอมฤดูใบไม้ผลิไปเที่ยวประเทศไทยมาหนึ่งสัปดาห์,我放春假的時候到泰國去玩了一個星期。,,
ฉันตัดสินใจว่าจะพาเขา(ญ)ไปเมืองเมาค่ง,我決定帶她去貓空。,,
ฉันต้องลองถามคุณครูดู,我得問問老師。,,
ฉันต้องไปทันทีแล้ว,我得趕快走了。,,
ฉันทั้งต้องไปทำงาน ทั้งต้องเรียน(๒) เหนื่อยมากจริง ๆ,我又要上班，又要念書，真的很累。,,- ต้อง !ㄉ
ฉันนัดเพื่อนไว้แล้วว่าจะไปดูคอมพิวเตอร์ด้วยกัน,我約了朋友一起去看電腦。,,
ฉันน่ะตอนปิดเทอมฤดูร้อนปีสามมหาวิทยาลัย เคย(ทำงาน)เป็นครูสอนภาษาสเปน,我大學三年的暑假，當過西班牙語老師。,,
ฉันน้ำมูกไหลไม่หยุด ปวดหัว ไม่อยากอาหาร　ไม่อยากกินอะไร(ㄉㄒ)เลย,我一直流鼻水，頭很痛，胃口很差。什麼東西都不想吃。,,
ฉันพูดได้ไม่ค่อยคล่องมาก,我說得不夠流利。,,
ฉันมองเจอคนตามรถขยะอยู่เสมอ,我常常看到有人追垃圾車。,,
ฉันยังต้องเรียนรู้อีกเยอะ,我還得多學一點。,,
ฉันรู้ร้านก๋วยเตี๋ยวเนื้อชื่อดังอยู่ร้านหนึ่ง พวกเราไปกินด้วยกัน คิดว่าไง,我知道一家有名的牛肉麵店，我們一起去吃，怎麼樣？,,
ฉันรู้สึกว่าเตะฟุตบอลมันสนุกมาก,我覺得踢足球很好玩。,,
ฉันลืมไปได้อย่างไร　ช่วงนี้ยุ่งเกิน ขอบคุณเธอที่ยังจำได้,我怎麼忘了。最近太忙了，謝謝你還記得。,,
ฉันวางแผนว่าปลายเดือนธันวาคมจะกลับไป,我打算十二月底回去。,,
ฉันวางแผนไว้ว่าจะอยู่บ้านเรียนภาษาจีนด้วยการดูทีวี ดูหนัง(!ㄉ),我打算在家看電視，影片學中文。,,
ฉันว่าจะนั่งรถไฟใต้ดินไป　มันเร็วกว่า,我想坐捷運去。比較快。,,
ฉันว่าฉันกินได้สักยี่สิบลูก ถ้าเธอกินไม่หมด ฉันช่วยเธอกินได้,我想我吃得下二十個，要是你吃不完，我可以幫你吃。,,
ฉันหวังว่าถ้าสอนสามวันต่อสัปดาห์ได้ก็คงจะดี,我希望一個禮拜教三天就好了。,,
ฉันอยากจะย้ายไปที่ที่ใกล้จากโรงเรียนขึ้นมาอีกหน่อยนึง,我想搬到離學校近一點的地方。,,
ฉันอยากซื้อโทรศัพท์เครื่องใหม่สักเครื่องหนึ่ง,我想買一支新手機。,,
ฉันอยากนั่งรถไฟไป,我想坐火車去。,,
ฉันอยากฟังเธอ(๒ญ)ร้องเพลง,我想聽妳唱歌。,,
ฉันอยากลองทำงานนี้ดูมาก ๆ,我很想試試這份的工作。,,
ฉันอยากไป แต่ฉันต้องไปธนาคาร　ไว้ครั้งหน้านะ,我想去，可是我得去銀行。下次吧！,,
ฉันอยากไปดูใบไม้แดงช่วงฤดูใบไม้ร่วงปีหน้า,我想明年秋天去看紅葉。,,
ฉันเข้าใจผิดคิดว่ามีเก็บขยะทุก ๆ วัน,我以為天天都收垃圾。,,
ฉันเคยเป็นครูผู้ช่วยสอนภาษา นักเรียนตอนนั้นทุกคนล้วนเป็นชาวต่างชาติ,我當過語言助教，那時候的學生都是外國人。,,
ฉันเพิ่งเลิกเรียน,我剛下課。,,
ฉันเมื่อก่อนไม่ชอบกินผลไม้ เดี๋ยวนี้ชอบมากแล้ว,我以前不喜歡吃水果，現在很喜歡了。,,
ฉันเมื่อพฤษภาคมปีที่แล้วอยู่ที่นิวยอร์กเที่ยวสองสัปดาห์,我去年五月在紐約玩了兩個禮拜。,,
ฉันเรียน(!ㄒ)หนึ่งปีที่ศูนย์ภาษาก่อน แล้วค่อยเรียนมหาวิทยาลัยสี่ปี ดังนั้นต้องการห้าปี,我先在語言中心念一年，再念四年大學，所以需要五年。,,
ฉันเรียนมหาวิทยาลัยสาขาวัฒนธรรมเอเชียและภาษาศาสตร์,我念大學的時候上過亞洲文化和語言學。,,
ฉันเรียนมาแค่ครึ่งปีเอง,我才學了半年。,,
ฉันเล่นบาสเกตบอลบ่อย เตะฟุตบอลก็บ่อย,我常打籃球，也常踢足球。,,
ฉันเห็นเธอจูงจักรยานผ่านมา,我看見你推著腳踏車走過來。,,
ฉันเอาของสำหรับห่อเกี๊ยวเตรียมเรียบร้อยหมดแล้ว พวกเธอไปล้างมือเลย แล้วเราจะเริ่มห่อกัน,我把包餃子的東西都準備好了，你們去把手洗一洗，我們就開始包吧。,,
ฉันและเพื่อนเจอกันตอนเก้าโมงยี่สิบนาทีที่ต้าอัน KTV,我和朋友九點二十分在大安KTV見面。,,
ฉันได้ทำงานอยู่ที่ไต้หวันมาหนึ่งปีแล้ว,我已經在臺灣工作一年了。,,
ฉันได้รับเรียบร้อยแล้ว,我已經收到了。,,
ฉันได้สั่งบะหมี่ขาหมูแล้วก็ไข่ไว้แล้ว,我已經訂了豬腳麵線和蛋。,,
ฉันไปดำน้ำที่เกาะเล็ก ๆ ทางภาคใต้ น้ำทะเลสีน้ำเงินสะอาดมาก ๆ มองเห็นปลาหลายสีหลากหลายชนิด,我到南部的小島去潛水，藍藍的海水非常乾淨，看得見各種顏色的魚。,,
ฉันไปส่งเธอไปหาหมอ ดีไหม,我陪你去看病，好不好？,,~不~
ฉันไปเจอเพื่อนชั้นล่าง พวกเราจะไปเข้าเรียนด้วยกัน,我去樓下找朋友，我們要一起去上課。,,
ฉันไม่ชอบเล่นเทนนิส,我不喜歡打網球。,,
ฉันไม่ทันสังเกตได้ไงเนี่ย,<div>我怎麼沒注意到？</div>,,
ฉันไม่มีประกันสุขภาพที่ไต้หวัน,我在臺灣沒有健康保險。,,
ฉันไม่รู้ว่าซื้อตั๋วที่ไหน,我不知道在哪裡買票。,,
ฉันไม่สู้ความหนาว　ฉันชอบฤดูใบไม้ผลิมากกว่า,我怕冷。我比較喜歡春天。,,
ฉันไม่ได้ไปฮวาเหลียน ฉันเพิ่งกลับมาจากไถตง,我沒去花蓮，我剛從臺東回來。,,
ชาของไต้หวันมันวิเศษมาก,臺灣的茶很特別。,,
ชายหาดประเทศไทยสวยอย่างเป็นที่สุด,泰國的海邊美極了。,,
ช่างสะดวกอะไรอย่างนี้　งั้นฉันนั่งรถไฟไปละกัน,這麼方便。那我坐火車去。,,
ซาลาเปาขอเวฟให้ฉันด้วย,包子請幫我微波。,,
ซื้อบัตรอีซีพาสใบเดียว ไม่ว่าใครก็สามารถเดินทางไปที่ไหนก็ได้ได้อย่างง่ายดาย,買一張悠遊卡，誰都可以輕輕鬆鬆地去逛逛。,,
ดีใจจริง ๆ ที่ปีนี้มีเพื่อนไต้หวันฉลองวันเกิดฉัน,真開心，今年有臺灣朋友給我過生日。,,
ด้านนอกลมแรงขนาดนั้น ฉันว่าวันนี้หนาวกว่าเมื่อวาน,外面風那麼大，我覺得今天比昨天冷。,,
ด้านหลังห้องสมุดมีสระว่ายน้ำ,圖書館後面有游泳池。,,
ด้านในโรงเรียนไม่มีร้านค้า,學校裡面沒有商店。,,
ตรงนี้เป็นห้องนั่งเล่น ห้องครัวอยู่ซ้ายมือ ขวามือเป็นห้องอาบน้ำ,這裡是客廳，廚房在左邊，右邊有浴室。,,
ตลาดกลางคืนของไต้หวันนั้นมีชื่อเสียงมาก　พวกเธอควรจะลองไปเดินเที่ยวเล่นดูนะ,臺灣的夜市很有名。你們應該去逛逛。,,
ตอนที่ปีนเขา เขาได้รู้จักคนไต้หวันหลายคน,爬山的時候，他認識了很多台灣人。,,
ตอนที่มีวันหยุด เธอมักจะไปเที่ยวหรอ,放假的時候，你常去旅行嗎？,,
ตอนที่หิมะตก ฉันมักจะไปเล่นสกีบนภูเขา,下雪的時候，我常去山上滑雪。,,
ตอนที่ไต้ฝุ่นมา ทั้งลมและฝนจะหนักมาก ทำอะไรก็ไม่สะดวกสักอย่าง,颱風來的時候，風和雨都很大，做什麼都很不方便。,,
ตอนทุกวันนี้(!ㄇ)ช่วงเช้าฉันเรียนภาษาจีน,我現在上午學中文。,,
ตอนนั้น อากาศดีมาก วิวก็สวยมาก ฉันเที่ยวได้อย่างมีความสุขสุด ๆ,那個時候，天氣很好，風景也很漂亮，我玩得非常開心。,,
ตอนนี้ฉัน<u><b>จะ</b></u>ไปฝั่งตรงข้ามเพื่อขึ้นรถสาธารณะ,我現在要去對面坐公車。,,ฉัน~
ตอนนี้ฉันจะไปร้านกาแฟแถว ๆ โรงเรียนเพื่อซื้อกาแฟ,我現在要去學校附近的咖啡店買咖啡。,,
ตอนนี้ทุกคนรู้ว่า เมืองที่สะอาดก็จะเป็นเมืองที่เจริญแล้ว,現在大家都知道，一個乾乾淨淨的城市也是一個進步的城市。,,
ตอนเพิ่งเริ่มฉันไม่เข้าใจทั้งหมด แต่ตอนนี้ไม่มีปัญหาแล้ว,剛開始我都不懂，可是現在沒問題了。,,
ตอนเพิ่งเริ่มใหม่ ๆ คนไทเปก็คิดว่ากฎนี้มันยุ่งยากมาก แต่ตอนนี้ทุกคนชินแล้ว,剛開始的時候，台北人也覺得這個規定很麻煩，現在大家都習慣了。,,
ตอนเย็นสี่โมงครึ่ง(16:30)โรงเรียนมีการแข่งขันบาสเกตบอล,下午四點半學校有籃球比賽。,,
ตอนเย็นอยากกินข้าวเย็นด้วยกันไหม,晚上要不要一起吃晚飯？,,~不~
ตั้งแต่ฉันมาไต้หวัน ยังไม่ได้ออกจากไทเปเลย ก็เลยอยากลองไปที่อื่นดูบ้าง,我來台灣以後，沒離開過台北，所以想到其他地方去看看。,,
ตั้งแต่ตอนเช้าเจ็ดนาฬิกาถึงตอนกลางวันสิบสองนาฬิกา ราคาถูกที่สุด,從早上七點到中午十二點，最便宜。,,
ตามกฎหมาย เขาสามารถทำงานพิเศษได้แล้ว,按照法律，他已經可以打工了。,,
ต้องจองโรงแรมดี ๆ ไว้ก่อนเลย จะได้ไม่เจอปัญหาหาที่พักไม่ได้,一定要先訂好旅館，才不會找不到地方住。,,
ถามหน่อยว่า จะไปชือต้าต้องไปยังไง,請問，到師大怎麼走？,,
ถามหน่อยว่าจะเอากลับบ้านหรือทานที่นี่,請問外帶還是內用？,,
ถามหน่อยว่าฉันต้องกินยาไหม / ต้องกิน เธอไปรับยาที่ร้านยานะ,請問我得吃藥嗎？/要，你到藥局去拿藥。,,
ถามหน่อยว่าฉันป่วยเป็นอะไร,請問我生的是什麼病？,,
ถ้างั้น ฉันพาเธอไปศูนย์สุขภาพของโรงเรียน,那麼，我陪你去學校的健康中心。,,
ถ้าตอนนั้นฉันว่าง เดี๋ยว(จะ)ไปด้วยกันกับพวกเธอ,要是那時候我有空，就跟你們一起去。,,
ถ้าผลการเรียนไม่ดี ก็จะไม่มีทุนการศึกษาแล้ว,要是成績不好，就沒獎學金了。,,
ถ้าพวกเธอไม่เอาเกี๊ยวมาห่อดี ๆ พอต้มแล้วมันจะแตกออก,如果你們沒把餃子包好，一煮就破了。,,
ถ้ามีตัวอักษรที่ยังไม่ได้เรียน เขาก็จะถามเพื่อนว่าอ่านว่าอย่างไร,要是有沒學過的字，他就問朋友怎麼說。,,
ถ้ามีโอกาส ฉันอยากจะลองกินดู,要是有機會，我想吃吃看。,,
ถ้าเธอชอบชายทะเลและว่ายน้ำ ไปถึงเขิ่นติงได้ ที่นั่นมีกิจกรรมเล่นน้ำหลายชนิดเลย,如果你喜歡海邊和游泳，可以到墾丁去，那裡有各種水上活動。,,
ถ้าเธอย้ายบ้านแล้ว ฉันก็จะมีเพื่อนฝึกภาษาจีนกับฉันน้อยลงไปหนึ่งคน,如果你搬家了，我就少了一個朋友跟我練習中文。,,
ถ้าเวลาเหลือ ฉันแนะนำเธอลองไปดู,如果時間夠，我建議你去看看。,,
ทันใดนั้นเองเขาก็ได้ยินเสียงว่าข้างนอกมีเสียงดนตรี แต่ไม่รู้ว่าดนตรีมาจากไหน รู้สึกแปลกประหลาดนิดหน่อย ก็เลยมองออกไปจากทางหน้าต่าง,他忽然聽見外面有音樂的聲音，可是不知道音樂是從哪裡來的，覺得有一點奇怪，所以從窗戶往外看。,,
ทั้งหมดเป็นเท่าไหร่,一共多少錢？,,
ทำยังไงไป,怎麼去？,,
ทำไมถึงต้องนานขนาดนี้หรอ,為什麼要這麼久的時間？,,
ทำไมบริษัทเธอถึงจะจ่ายค่าเทอมให้เธอหรอ,為什麼你公司要替你付學費？,,
ที่ตัวเตี้ยนั้นเป็นเจ้าของโรงแรม ที่ตัวสูงนั้นเป็นน้องชายของเขา,矮的是旅館的老闆，高的是他的弟弟。,,
ที่นั่นคุณหมอดีมาก แถมยังสุภาพกับนักเรียนอีกด้วย,那裡的醫生很好，對學生也很客氣。,,
ที่นั่นเป็นสถานที่ ๆ สวยงามแห่งหนึ่งจริง ๆ,那裡真的是一個漂亮的地方。,,
ที่นี่สะดวกมาก ใกล้ ๆ มีซุปเปอร์มาร์เก็ตกับสถานีรถไฟใต้ดิน เดินห้านาทีก็ถึงแล้ว,這裡很方便，附近有超市和捷運站，走路五分鐘就到了。,,
ที่บนถนนชือต้า พวกเขาเจอร้านมากมายขายของกินเล่น และก็มีร้านขายเสื้อผ้าและของใช้ประจำวัน,在師大路上，他們看見很多賣小吃的店，也有賣衣服和日用品的商店。,,
ที่สถานีรถไฟความเร็วสูง บนอินเทอร์เน็ตหรือไม่ก็ร้านสะดวกซื้อล้วนก็สามารถซื้อตั๋วได้,在高鐵站，網路上或是便利商店都可以買票。,,
ที่เธอพูดถึงมันคือแตงโมใช่ปะ,你說的是西瓜吧？,,
ที่<u><b>เมือง</b></u>เกาสงเขาเห็นบ้านสามชั้นเยอะมาก,他在高雄市看見很多三層樓的房子。,,
ที่แย่กว่าก็คือ ฉันต้องเอาขยะออกไปตอนสามทุ่ม ไม่งั้นก็ไม่ได้ทิ้งเลย,更麻煩的是，我一定要在晚上九點把垃圾拿出去，要不然就不能倒了。,,
ที่ใส่เสื้อสีเหลืองเป็นภรรยาของเจ้าของโรงแรม,穿黃衣服的是旅館老闆的太太。,,
ที่ใส่เสื้อสีแดง(คน)นี้เป็นแฟน(ญ)ฉัน,穿紅衣服的這個是我女朋友。,,
ทุกเดือนช่วงสิ้นเดือนจะมีการจ่ายค่าจ้าง,每個月的月底發薪水。,,
ท่าทางของการรำไทเก๊กมันดูช้า ๆ เบา ๆ น่าจะเรียนง่าย(!ㄖ),太極拳的動作看起來慢慢的，輕輕的，應該很輕鬆。,,
นักเรียนที่นี่ซื้อของกันที่ไหน,這裡的學生在哪裡買東西？,,
นั่งรถสาธารณะไปจะใช้เวลาหนึ่งชั่วโมง,坐公車要花一個多鐘頭。,,
นั่งรถไฟความเร็วสูงทั้งไวทั้งสะดวกสบาย,坐高鐵又快又舒服。,,
นางสาว李เป็นคนอเมริกาหรือไม่,李小姐是美國人嗎？,,嗎
นี่คือกิมจิเกาหลีที่ฉันทำ,這是我做的韓國泡菜。,,
นี่ต้องใช้เงินไม่น้อยเลยนะ,這得花不少錢。,,
นี่เป็นการห่อเกี๊ยวครั้งแรกของฉัน พวกเธอเคยห่อมาก่อนไหม,這是我第一次包餃子，你們包過嗎？,,
นี่เป็นของขวัญที่ฉันให้เธอ,這是我給你的禮物。,,
นี่เป็นประเพณี อย่างไรก็ตาม เดี๋ยวนี้คนวัยรุ่น<u><b>ส่วนมาก</b></u>ฉลองวันเกิดกันก็ไม่กินของพวกนี้แล้ว,這是傳統，不過，現在大部分年輕人過生日不吃這些東西了。,,
น่าจะประมาณสี่ ห้าวัน,大概四，五天。,,
น้ำจากเครื่องทำน้ำอุ่นดูเหมือนไม่อุ่นเลย,熱水器的水好像不熱。,,
บริษัทเราทำธุรกิจกับคนไต้หวัน,我們公司跟臺灣人做生意。,,
บอกฉัน<u><b>อีก</b></u>หน่อยได้ไหม ว่าแถวนี้มีตู้เอทีเอ็มไหม,能不能再告訴我，這附近有沒有提款機？,,~不~
บางครั้งก็อยู่บ้านทำการบ้าน บางครั้งก็ออกไปเที่ยวเล่น,有時候在家寫功課，有時候出去玩。,,
บ้าน(๑)เธอมีรูปถ่ายเยอะมาก,你家有很多照片。,,
บ้านทั้งสองหลังนี้<u><b>ล้วน</b></u>เป็นของเขา,這兩個房子都是他的。,,
ประมาณสองปี คือบริษัทเป็นคนกำหนดมาน่ะ,大概兩年，是公司決定的。,,
ประสบการณ์ทำงานของเธอฟังดูแล้วก็ไม่แย่นะ,你的工作經驗聽起來很不錯。,,
ประเทศไทยมีวัดอยู่ทุกที่เลย คล้ายกับฝรั่งเศสที่มีโบสถ์เยอะเหมือนกัน,泰國到處都是廟，就像法國有很多教堂一樣。,,
ปีนี้อายุยี่สิบแปดปี,今年二十八歲。,,
ผลไม้ที่มีสีเหลืองอันนี้เรียกว่าอะไร,這個黃色的水果叫什麼？,,
ผู้หญิงตรงนั้นคนนั้นที่ใส่เดรสสีแดง คุยกับแขกอยู่นั่นคือใคร,那邊那位穿著紅色禮服，跟客人說話的太太是誰？,,
ผู้ใหญ่ก็จะพูดคุยเฮฮา เด็ก ๆ ก็ดื่มกิน ครึกครื้นกันเป็นที่สุด,大人有說有笑，小孩有吃有喝，熱鬧得不得了。,,
ฝนตกหนักขนาดนี้ ทำไม(!ㄨ)เธอไม่เอาร่มมาล่ะ,下雨得這麼大，你怎麼沒帶傘呢？,,
ฝนหยุดแล้ว,雨停了。,,
พรุ่งนี้ฉันอยากจะชวนเธอกินข้าวเย็น ฉลองวันเกิดเธอ,明天我想請你吃晚飯，給你過生日。,,
พรุ่งนี้ทันทีที่ฉันเลิกเรียน เดี๋ยวจะไปโรงเรียนพวกเธอไปหาเธอ,明天我一下課，就去你們學校找你。,,
พรุ่งนี้เราไม่มีเรียน เธออยากไปที่ไหนไหม,明天我們沒有課，你想去哪裡？,,
พวกเขากินบะหมี่ไปพลาง ดูแผนที่บนโทรศัพท์ไปพลางแล้ว พบว่าที่ซอยที่อยู่ห่างจากร้านบะหมี่ไปไม่ไกลมีร้านขายกระเป๋าสะพายแห่งหนึ่ง,他們一邊吃麵，一邊看著手機裡的地圖，發現離麵店不遠的巷子裡有一家賣背包的店。,,
พวกเขาดูแผนที่แล้วก็ ออกจากประตูโรงเรียนเลี้ยวไปทางขวา,他們看著地圖，從學校門口往右轉。,,
พวกเขาผ่านซอย<u><b>เล็ก ๆ </b></u>สองซอยไปแล้วก็เลี้ยวขวา,他們經過兩個小巷子再右轉。,,
พวกเขาเดินเล่นไปครึ่งวัน,他們逛了半天。,,
พวกเขาเริ่มคุยกันเกี่ยวกับประสบการณ์การกินเจ,他們聊起吃素的經驗。,,
พวกเขาใช้จังหวะเสาร์อาทิตย์หนึ่งก่อนปิดเทอม ไปห่อเกี๊ยวซ่าบ้านอาจารย์จาง,他們趁學期結束以前的一個週末，到張老師家包餃子。,,
พวกเธอหัวเราะได้มีความสุขมาก,你們笑得很開心。,,
พวกเราคำนวณค่าจ้างรายชั่วโมงเรทอาจารย์(!ㄌ)มหาวิทยาลัยน่ะ,我們是按照大學教授的鐘點費算的。,,
พวกเราทุกคนแซ่陳,我們都姓陳。,,
พวกเราวางแผนจะไปร้านอาหารเจที่เปิดใหม่ตรงข้ามโรงเรียน,<div>我們打算去學校對面一家新開的素食餐廳。</div>,,
พวกเราไปกินอาหารเวียดนาม,我們去吃越南菜。,,
พิธีแต่งงานจะเริ่มแล้ว เดี๋ยวฉันพาพวกเธอไปที่นั่งของพวกเธอนะ,婚禮要開始了，我帶你們去你們的座位吧。,,
ฟังดูเหมือนไม่ไกลเลย,聽起來不遠。,,
ฟังแล้วนั่งรถไฟใต้ดินไปดูยุ่งยากกว่า,聽起來坐捷運比較麻煩。,,
ภูเขาที่สูงมาก ๆ มีหิมะตกได้,很高的山會下雪。,,
มักจะเป็นเวลาเที่ยงคืนที่กว่าเขาจะนอน,他常常半夜十二點多才睡覺。,,
มาหาฉันมีธุระอะไร,找我有什麼事？,,
มีอยู่ครั้งหนึ่ง ตอนฉันกลับมาถึง แล้วรถขยะก็มาพอดี　ฉันวางกระเป๋าเงิน(หนัง)ทันที และวิ่งออกไปทิ้งขยะ,有一次，我一回來，垃圾車就來了。我馬上放假皮包，跑出去倒垃圾。,,
มีอะไรที่ต่างกันบ้าง,有什麼不一樣？,,
มือถือเครื่องนี้ของฉันมันเก่าเกินไป ดูไม่ดี,我這支手機太舊了，不好看。,,
ยังมีที่ไหนที่เที่ยวสนุกอีกไหม,還有什麼好玩的地方？,,
ยังมีห้องว่างสองห้อง ห้องนึงเป็นห้องสวีท อีกห้องนึงไม่ใช่,還有兩間空房間，一間是套房，一間不是。,,
ยังไม่ถึง,還沒到。,,
ยังไม่รู้เลย　เธอมีอะไรแนะนำไหม,還不知道。你有什麼建議？,,
รถขยะใกล้จะมาแล้ว ฉันต้องรีบลงตึกไปทิ้งขยะ,垃圾車快來了，我得趕快下樓去倒垃圾。,,
รถไฟมันช้าเกินไป ใช้เวลาตั้งสี่ชั่วโมง นั่งรถไฟความเร็วสูงไปไวกว่า,火車太慢了，要四個多鐘頭，坐高鐵比較快。,,
รอบหน้าฉันก็อยากไปพักที่โรงแรมนั้น,下次我也想去住那家旅館。,,
ราว ๆ ห้าโมง,五點左右。,,
รูปถ่ายรูปนี้ดูดี,這張照片很好看。,,
รูปไหนสวย,哪一張照片漂亮？,,
ร้านอาหารอยู่ที่ชั้นหนึ่งอาคารหอพักนักศึกษา,餐廳在學生宿舍的一樓。,,
ฤดูร้อนคนที่ไปเกาะลวี่ต่าวเยอะมาก ซื้อตั๋วเรือไม่ค่อยจะได้,夏天去綠島的人很多，船票常常買不到。,,
ฤดูร้อนแม้ว่าจะร้อนมาก แต่ฤดูหนาวก็ไม่หนาวจัด แถมฝนก็ยังตกไม่บ่อย,夏天雖然熱得很，可是冬天不冷，而且不常下雨。,,
ฤดูใบไม้ผลิก็ไม่เลว อากาศสบายดีมาก,春天也不錯，天氣很舒服。,,
ลำคออักเสบนิดหน่อย,喉嚨有一點發炎。,,
วันที่หนึ่งเดือนหน้าเธอมาได้เลยไหม,你下個月一號就可以來嗎？,,
วันนี้ฉันก็สั่งเค้กวันเกิดมาชิ้นนึงแล้ว,今天我也訂了一個生日蛋糕。,,
วันนี้ตอนเย็นพวกเราไปดูหนังดีไหม,今天晚上我們去看電影，好不好？,,~不~
วันนี้ลืมเอามา,今天忘了帶。,,
วันนี้วันพุธ ไม่มีเก็บขยะอะ,今天是星期三，不收垃圾啊。,,
วันมะรืนฉันว่าง,後天我有空。,,
วันเสาร์อาทิตย์ เขามักจะผ่อนคลายมากกว่าปกติ,週末，他比平常輕鬆多了。,,
วานเธอช่วยบอกกับครูหน่อยว่า ฉันป่วย เข้าเรียนไม่ได้,請你跟老師說，我生病了，不能上課。,,
วิวที่นั่นต้องสวย(!ㄆ)แน่ ๆ,那裡的風景一定很美。,,
ว่าง ๆ ฉันขอไปดูหน่อยได้ไหม,我有空可以去看看嗎？,,
ศูนย์ของคุณ(!ㄋ)มีวิธีคิดค่าจ้างของผู้สอนอย่างไร,貴中心老師的薪水怎麼算？,,
สัปดาห์หน้าพวกเรามีวันหยุดห้าวัน,下個星期我們放五天的假。,,
สามารถติดตั้งเคเบิลทีวีให้ฉันได้ไหม,可以幫我裝有線電視嗎？,,
สุขสันต์วันเกิดแด่เธอ ขอให้คิดสิ่งใดก็สมปราถนา คิดหวังอะไรให้ได้อย่างนั้น,祝你生日快樂，萬事如意，心想事成。,,
หนึ่งเครื่องราคาหนึ่งหมื่นห้าพัน,一支要一萬五千多。,,
หลังจากฉันกินยาไปซองนึงแล้ว ก็นอนได้ดีกว่าเมื่อวาน,我吃了一包藥以後，睡得比昨天好。,,
หลังจากเธอกลับประเทศไปแล้ว วางแผนจะทำอะไรหรอ,你回國以後，打算做什麼？,,
หลังจากเธอเลี้ยวขวาแล้ว จะเป็นถนนเหอผิงตะวันออกส่วนที่ 1 แล้วเดินตรงไปเรื่อย ๆ ผ่านแยกไฟแดงที่สองไปแล้ว ก็จะมองเห็นชือต้า,你右轉以後，是和平東路一段，再往前一直走，過了第二個紅綠燈，就看見師大了。,,
หลังจากเธอได้นอนไปสองสามชั่วโมงแล้ว ตอนนี้อาการก็ดูดีขึ้นกว่าเมื่อเช้าขึ้นมากแล้ว,你睡了幾個小時的覺以後，現在臉色比早上好得多了。,,
หลังฉันกลับประเทศไปแล้ว ก็อยากจะหางานที่มีโอกาสได้พูดภาษาจีน,我回國以後，也想找個有機會說中文的工作。,,
หลายคน<u><i><b>ล้วน</b></i></u>บอกว่าไต้หวันมีของทานเล่นที่ดัง ๆ จำนวนไม่น้อย,很多人都說臺灣有不少有名的小吃。,,
หวังว่าครั้งนี้จะไม่น่ากลัวแบบครั้งที่แล้ว(นั้น),希望這次沒有上次那麼可怕。,,
หวังว่าฉันในอนาคตก็สามารถได้มาทำงาน(!ㄍ)ในบริษัทที่ดีอย่างนี้ได้,希望我以後也可以到這麼好的公司上班。,,
หอม หวาน อร่อยมาก,香香的，甜甜的，很好吃。,,
ห้องอาหารที่บ้านอาจารย์น่าจะรองรับได้สิบคนปะ,老師家的飯廳應該坐得下十個人吧？,,
อยากไปปั่นจักรยานที่สวนสาธารณะริมแม่น้ำสักหน่อยไหม,要不要到河邊的公園去騎騎腳踏車？,,
อยู่ในอาคารหลังนั้นที่ชั้นหนึ่งมีร้านขายขนมปัง,在一樓有麵包店的那棟樓裡面。,,
อาคารใหญ่หลังที่อยู่ด้านข้าง ๆ หลังนั้นเป็นห้องเรียน,旁邊的那棟大樓是教室。,,
อาหารของร้านอาหารเมื่อคืนร้านนั้นอร่อยมาก แต่เผ็ดไปนิดนึง,昨天晚上那家餐廳的菜很好吃，可是有一點辣。,,
อาหารเจร้านนี้ดูไม่มันเลย,<div>這家餐廳的素食看起來不油膩。</div>,,
อเมริกาล่ะ　หิมะเริ่มตกแล้วใช่ปะ,美國呢？開始下雪了吧？,,
เกาะลวี่ต่าวอยู่ฝั่งตะวันออกเฉียงใต้ของไต้หวัน,綠島在台灣的東南邊。,,
เกี๊ยวน้ำที่ฉันห่อพอต้มแล้วมันก็เละเลย,我包的水餃一煮就壞了。,,
เขาคิดว่าการคมนาคมของไทเปสะดวก(!ㄈ)มาก ๆ (ㄈ) ทุก ๆ ที่มีรถสาธารณะ แท็กซี่ และยังมีรถไฟใต้ดินอีก,他覺得台北的交通非常便利，到處都有公車，計程車，還有捷運。,,
เขาคิดว่างานนี้ฟังดูแล้วไม่แย่ จึงตอบรับเลยทันที,他覺得這份工作聽起來很不錯，所以馬上就答應了。,,
เขาคิดว่าประสบการณ์ของฉันเหมาะกับงานนี้,他覺得我的經驗很適合這份的工作。,,
เขาคิดว่าไม่ว่าจะไปที่ไหน ก็สามารถได้เรียนรู้(เข้าใจ)ชีวิตของคนไต้หวันได้,他覺得到處走走，可以了解台灣人的生活。,,
เขาชอบดูโฆษณาบนรถไฟฟ้า,他喜歡看捷運上的廣告。,,
เขาดาวน์โหลดแผนที่อันใหม่เข้าไปยังมือถือ,他下載了新的地圖到手機裡。,,
เขาตอนแรกขึ้นเครื่องบินจากยุโรปมาลงที่เวียดนาม แล้วต่อเครื่องมาถึงไต้หวัน,他先從歐洲坐飛機到越南，再轉機到台灣。,,
เขานั่งรถบัสมาลงที่ไทเปโดยตรง,他直接坐巴士到台北。,,
เขาฝึกเขียนตัวอักษรทุกวัน,他每天都練習寫字。,,
เขาพูดภาษาจีนแล้วเธอฟังเข้าใจหรอ,他說中文你聽得懂嗎？,,
เขามองเห็นคนจำนวนมากเดินถือถุงไปทางสี่แยก,他看見很多人拿著袋子往路口走。,,
เขายืนคุยกับแขกอยู่ที่ทางเข้า,他在門口站著跟客人說話。,,
เขารู้สึกหิวนิดหน่อย ดังนั้นเขาเลยไปถึงที่ร้านบะหมี่แห่งหนึ่ง สั่งก๋วยเตี๋ยวเนื้อไปสองชาม,他覺得有一點餓，所以他到一家麵店，點了兩碗牛肉麵。,,
เขาลองดูว่าแผนที่ใช้ง่ายหรือไม่,他找地圖好用不好用。,,~不~
เขาอยากซื้อกระเป๋าสะพายใบหนึ่งอยู่พอดี,他正好想買一個背包。,,
เขาอยู่ใกล้ ๆ ซื้อปากกาสองด้ามและสมุดหนึ่งเล่ม,他在附近買了兩枝筆和一本本子。,,อดีต
เขาอยู่ไต้หวันมาแล้วสิบกว่าปี,他住台灣了十幾年。,,
เขาอาศัยอยู่ที่ฝั่งตะวันออก(ของ)ฝรั่งเศส ไม่เคยได้มีโอกาสอะไรให้ได้ไปถึงที่ชายทะเลเลย,他住在法國東部，沒有什麼機會到海邊。,,
เขาเลือกที่จะเข้าเรียนทุกวันวันละสามชั่วโมง หลังจากเลิกเรียนแล้วจะทำการบ้าน(!ㄍ),他選了每天上三個小時的課，下了課要寫作業。,,
เขาเอาประวัติประจำตัวไปที่ศูนย์ภาษาเพื่อไปสัมภาษณ์กับผู้อำนวยการ,他帶著履歷表到語言中心去跟主任面談。,,
เขาไม่คาดคิดว่าการสัมภาษณ์ครั้งนี้จะผ่านไปได้อย่างลื่นไหลขนาดนี้,他沒想到這次面談這麼順利。,,
เข้าร่วมพิธีแต่งก็ควรจะแต่งกายให้สุภาพ,參加婚禮應該要穿得很正式。,,
เจ้าของบริษัทหวังให้พวกเราทั้งหมดจะพูดภาษาจีนได้,公司老闆希望我們都會說中文。,,
เจ้าบ่าวดูหล่อดีนะ,新郎看起來好帥。,,
เดินทางดี ๆ นะ,小心慢走。,,
เดี๋ยวฉันรอเธอที่ทางเข้าโรงเรียน,我會在學校門口等你。,,
เดี๋ยวผมช่วยคุณเอาตะเกียบกับถ้วยวางบนโต๊ะครับ,我幫您把筷子和碗放在桌上。,,
เดือนแล้วตอนแรกฉันมีแผนจะไปเที่ยวไถจงสักรอบนึง หลังจากนั้นไต้ฝุ่นเข้าก็เลยไม่ได้ไป,上個月我本來計畫去台中一趟，後來因為颱風就沒去。,,
เตรียมตัวมาพอสมควรแล้ว,準備得差不多了。,,
เทียบกับฝรั่งเศสแล้ว มีสีสันมากกว่า,跟法國的比起來，顏色比較多。,,
เธอกับแฟน(ญ)เธอไปเที่ยวกันที่ฮวาเหลียนเมื่อเดือนที่แล้ว สนุกไหม,你跟你女朋友上個月去花蓮玩，好玩嗎？,,
เธอกำลังกินข้าวอยู่หรอ,你在吃飯嗎？,,
เธอก็เหมือนกัน,你也一樣。,,
เธอคิดว่าห้องนี้เป็นอย่างไรบ้าง,你覺得這間房間怎麼樣？,,
เธอคิดว่าเขียนตามคำบอกจะง่ายปะ,你覺得聽寫容易吧？,,
เธอจะนั่งแท็กซี่ไปไหม,你要不要坐計程車去？,,~不~
เธอจะเอาแก้วใหญ่ แก้วกลางหรือว่าแก้วเล็ก,你要大杯，中杯還是小杯？,,
เธอชอบกินอะไรมากที่สุด,你最喜歡吃什麼？,,
เธอดูสิ พวกนี้เป็นรูปที่ฉันถ่าย,你看，這些是我拍的照片。,,
เธอดูแลตัวเองดี ๆ นะ,你自己要多小心。,,
เธอต้องการให้ฉันช่วยไหม,你需要我幫忙嗎？,,
เธอต้องจ่ายเงินเอง,你得自己付錢。,,
เธอทำกับข้าวเป็นไหม / เป็น　ของหวานของฉันก็ทำได้ไม่แย่,你會做飯嗎？/會。我的甜點也做得不錯。,,
เธอทำอาหารได้เป็นอย่างไรบ้าง,你做飯做得怎麼樣？,,
เธอนอกจากภาษาฝรั่งเศส ภาษาจีนแล้ว ยังได้ภาษาอะไรอีกบ้าง,你除了法文，中文，還會什麼語言？,,
เธอนั่งสายสองไปลงสถานีรถโดยสารไทเปก่อน แล้วก็ต่อรถไปถึงศูนย์แสดงสินค้า,你先坐二號線到台北車站，再換車到展覽館。,,
เธอมาทำงานที่ไต้หวันตอนไหนนะ,你是什麼時候來臺灣工作的？,,
เธอมารับพวกเราหรอ,你來接我們嗎？,,嗎
เธอมาได้กี่วันในหนึ่งสัปดาห์,你一個星期能來幾天？,,
เธอมีธุระตอนเย็นไหม,你晚上有事嗎？,,
เธอมีประสบการณ์สอนภาษาฝรั่งเศสไหม　เล่าให้ฟังหน่อย,你有沒有教法文的經驗？請你談一談。,,~沒~
เธอมีพี่น้องไหม,你有沒有兄弟姊妹？,,~沒~
เธอมีแผนจะเรียนภาษาจีนที่ไต้หวันนานแค่ไหน,你計畫在臺灣學多久的中文？,,
เธอยังใส่ไส้เข้าไปได้เยอะอีกหน่อยนะ,你還可以多放一點餡兒。,,
เธออยาก(ㄒ)ดูหนังอเมริกาหรือว่าหนังไต้หวัน,你想看美國電影還是臺灣電影？,,
เธออยากจะพาเขา(ญ)ไปเที่ยวที่ไหน,你想帶她去哪裡玩？,,
เธออยากซื้อโทรศัพท์มือถือแบบไหน,你想買哪種手機？,,
เธออยากดื่มกาแฟไหม,你要不要喝咖啡？,,~不~
เธอเคยสอนภาษาสเปนไหม,你教過西班牙語嗎？,,
เธอเดินตรงไปจากตรงนี้ พอถึงสี่แยกถัดไปแล้วก็ เลี้ยวขวา,你從這裡往前走，到了下一個路口，右轉。,,
เธอเป็นอะไรไปหรอ　สีหน้าดูไม่ดีขนาดนี้,你怎麼了？臉色這麼難看。,,
เธอเอาแต่พูดว่าหิวตอนก่อนมาไม่ใช่หรอ,你來以前不是一直說餓嗎？,,
เธอใส่ชุดสูทดูดีจริง ๆ วันนี้,你今天穿西裝真好看。,,
เปียกไปทุกที่เลย　น่ารำคาญจริง ๆ,哪裡都濕濕的。真討厭。,,
เพราะว่าตอนนี้มีคนไปเที่ยวน้อยกว่า ดังนั้นโรงแรมจึงไม่แพงมากเกินไป,因為現在去玩的人比較少，所以旅館不太貴。,,
เพลงดังขนาดนั้น แน่นอนว่าเธอไม่ได้ยินฉันหรอก,音樂那麼吵，你當然聽不見我。,,
เพิ่งเริ่มเรียน ยังเขียนอักษรได้ไม่เก่ง แต่ฉันคิดว่ามันสนุกมาก,剛開始學，字寫得不好，可是我覺得很有意思。,,
เพื่อน(ร่วมชั้น)ฉันขี่รถเครื่องแล้วเอาฉันซ้อน,我同學騎機車載我。,,
เพื่อนบอกฉันว่ารถเมล์ไปถึงศูนย์แสดงสินค้าได้โดยตรงเลย ไม่ต้องเปลี่ยนรถ,朋友告訴我公車直接到展覽館，不必換車。,,
เพื่อเป็นการรักษาสิ่งแวดล้อม ทุกคนควรจะต้องทำการแยกขยะ,為了保護環境，大家都應該做垃圾分類。,,
เมื่อวานตอนเย็นรู้สึกไม่สบายท้อง ของที่กินไปก็อ้วกออก แถมยังอ้วกไปแล้วหลายครั้ง,昨天晚上肚子很不舒服，吃了東西就吐，還吐了好幾次。,,
เมื่อวาน明華เอาผลไม้ชนิดนั้นให้พวกเรา มีสีแดง เรียกว่าอะไรหรอ,昨天明華給我們那種水果，紅色的，叫什麼？,,
เรามาพยายามด้วยกันเถอะ,我們一起加油吧！,,!
เรามีวันหยุดแค่สิบวัน,我們只放十天的假。,,
เราเคยไปฟังสุนทรพจน์ด้วยกันครั้งหนึ่ง จำได้ไหม,我們一起去聽一次演講，記得嗎？,,
เราไปพรุ่งนี้กัน　ต้องสั่งถ้วยใหญ่นะ,我們明天去。一定要點大碗的。,,
เวลานี้หลายคนก็จะมาถ่ายรูปด้วยกันกับคู่บ่าวสาว และอวยพรเพิ่มให้อีก,這個時候很多人會跟新人一起照相，再多說幾句祝福的話。,,
เส้นทางของรถไฟใต้ดินไทเปนั้นไม่ซับซ้อน ตั๋วรถก็ไม่แพง,台北捷運的路線不複雜，車票也不貴。,,
เอาให้เธอลูกนึง ลองชิมดูสิ,給你一塊，吃吃看。,,
แขกที่มาเข้าร่วมต่างก็จะเตรียมอั่งเปาซองนึงให้คู่สมรส,來參加的客人都會準備一個紅包送新人。,,
แต่ฉันจำได้ว่าเธอเพิ่งย้ายมาที่นี่เมื่อสามเดือนที่แล้วเองนี่นา,可是我記得你三個月以前才搬到這裡的。,,
แน่นอนว่าจำได้! ตอนแลกเปลี่ยนภาษา เธอสอนภาษาสเปนฉันอย่างกระตือรือร้นขนาดนั้น,當然記得！語言交換的時候，你那麼熱心教我西班牙文。,,
แฟน(ญ)ฉัน<u><i><b>จะ</b></i></u>มาหาฉันที่ไต้หวันวันที่สามสิบกันยายน,我女朋友九月三十號要來臺灣看我。,,
แม้ว่าฉันจะมาได้แค่ครึ่งปี อย่างไรก็ตามฉันรู้ภาษาจีนของฉันนั้นพัฒนาขึ้น,雖然我只來了半年，但是我知道我的中文進步了。,,
แฮมเบอร์เกอร์น่ะถ้ากินเยอะไม่ดีต่อสุขภาพ แถมทำให้เธออ้วนง่ายด้วย,漢堡吃多了對健康不好，而且容易讓你變胖。,,
โทษที ไม่ได้ยินว่าเธอเรียกฉัน,對不起，沒聽見你叫我。,,
โรงเรียนพวกเขาด้านหน้ามีทะเล ด้านหลังมีภูเขา,他們學校前面有海，後面有山。,,
โรงเรียนพวกเขาอยู่ที่ไหน　ไกลไหม,他們學校在哪裡？遠不遠？,,~不~
โรงเรียนอยู่ไกลหน่อย อยู่บนภูเขาที่ฮวาเหลียน,學校有一點遠，在花蓮的山上。,,
โรงแรมแห่งนั้นสะอาดมาก　มองจากหน้าต่างออกไปข้างนอก เป็นมหาสมุทรสีน้ำเงิน,那家旅館很乾淨。從窗戶往外看，是藍色的大海。,,
ในห้องต่ออินเทอร์เน็ตได้ไหม,房間裡面可以上網嗎？,,
ในเขตเมืองนั่งรถไฟใต้ดินจะสะดวกสุดนะ,在市區坐捷運是最方便的。,,
ได้ยินมาว่าตั๋วรถไฟความเร็วสูงมันแพงมาก ๆ,聽說高鐵車票非常貴。,,
ได้ยินมาว่าที่นั่นมีของยุคโบราณจากประเทศจีนอยู่เยอะแยะเลย,聽說那裡有很多中國古代的東西。,,
ได้ยินมาว่าโรงเรียนของ怡君นั้นสวยมาก,聽說怡君的學校很漂亮。,怡君（ㄧˊㄐㄩㄣ）,
ได้ยินว่าเกาะเล็ก ๆ รอบ ๆ ไต้หวันนั้น วิวทิวทัศน์ล้วนสวยมาก ดังนั้นฉันจึงตัดสินใจไปถึงเกาะลวี่ต่าวดู,聽說台灣附近的小島，風景都很美，所以我決定到綠島去看看。,,
ไต้ฝุ่นใกล้จะมาแล้ว,颱風快要來了。,,
ไทเปมีโรงน้ำชาอยู่เยอะ,臺北有很多茶館。,,
ไป<u><i><b>บ่าย</b></i></u>วันเสาร์(ㄒ)นี้,這個星期六下午去。,,
ไปรษณีย์ก็สามารถถอนเงินได้,郵局也可以提錢。,,
ไปเที่ยวนานเท่าไหร่,去玩多久？,,
ไม่จำเป็นหรอก,不用了。,,
ไม่ต้องรีบ ค่อย ๆ ไป　รถไฟใต้ดินมีหลายขบวน,別急，走慢一點。捷運的班次很多。,,
ไม่มีปัญหา　ว่าแต่ ว่างกินข้าวด้วยกันเมื่อไหร่,沒問題。對了，什麼時候有空一起吃飯？,,
ไม่ยุ่งยากเลยแม้แต่น้อย,一點也不麻煩。,,
ไม่รู้ว่าหาง่ายไหม ฉันจะลองดู,不知道好不好找，我試試看。,,
ไม่ว่าตอนไหนก็สามารถหาอะไรกินได้,什麼時候都吃得到飯。,,
ไม่เป็นไร (หลังจากขอโทษ),沒關係。,,
ไม่เป็นไร ไม่ต้องเกรงใจ,不客氣。,,
